"","Image1","DateTimeOriginal","ForestName","Camera","Camera_Trap_Days","Date_Out","Date_Checked","choice"
"1","27_08_IMG_0028.JPG","2018-01-12 12:34:51","DON",27,75,"18/12/12","19/02/25","NOTHINGHERE"
"2","27_08_IMG_0031.JPG","2018-01-12 13:13:21","DON",27,75,"18/12/12","19/02/25","NOTHINGHERE"
"3","27_08_IMG_0034.JPG","2018-01-12 15:27:21","DON",27,75,"18/12/12","19/02/25","DEERWHITETAILED"
"4","27_08_IMG_0037.JPG","2018-01-13 11:48:25","DON",27,75,"18/12/12","19/02/25","NOTHINGHERE"
"5","27_08_IMG_0040.JPG","2018-01-13 11:53:43","DON",27,75,"18/12/12","19/02/25","NOTHINGHERE"
"6","27_08_IMG_0043.JPG","2018-02-08 17:44:50","DON",27,75,"18/12/12","19/02/25","DEERWHITETAILED"
"7","27_08_IMG_0046.JPG","2018-02-25 16:57:14","DON",27,75,"18/12/12","19/02/25","NOTHINGHERE"
"8","33_01_WF_0001.JPG","2018-11-12 17:15:54","WF",33,65,"18/11/27","19/01/31","HUMAN"
"9","25_09_SH_0001.JPG","2018-11-13 15:52:00","SH",25,90,"18/11/13","19/02/11","HUMAN"
"10","25_09_SH_0004.JPG","2018-11-13 15:53:46","SH",25,90,"18/11/13","19/02/11","DOMESTICDOG"
"11","25_09_SH_0007.JPG","2018-11-13 15:54:51","SH",25,90,"18/11/13","19/02/11","DOMESTICDOG"
"12","25_09_SH_0012.JPG","2018-11-13 15:57:48","SH",25,90,"18/11/13","19/02/11","DOMESTICDOG"
"13","03_05_SH_000001.JPG","2018-11-14 16:00:10","SH",3,89,"18/11/14","19/02/11","NOTHINGHERE"
"14","25_09_SH_0015.JPG","2018-11-14 22:06:29","SH",25,90,"18/11/13","19/02/11","OTHERSMALLMAMMAL"
"15","25_09_SH_0018.JPG","2018-11-15 00:59:25","SH",25,90,"18/11/13","19/02/11","NOTHINGHERE"
"16","25_09_SH_0021.JPG","2018-11-15 10:10:21","SH",25,90,"18/11/13","19/02/11","DEERWHITETAILED"
"17","25_09_SH_0024.JPG","2018-11-15 10:11:26","SH",25,90,"18/11/13","19/02/11","DEERWHITETAILED"
"18","25_09_SH_0027.JPG","2018-11-15 10:12:40","SH",25,90,"18/11/13","19/02/11","DEERWHITETAILED"
"19","25_09_SH_0030.JPG","2018-11-15 10:13:47","SH",25,90,"18/11/13","19/02/11","DEERWHITETAILED"
"20","25_09_SH_0033.JPG","2018-11-15 10:14:52","SH",25,90,"18/11/13","19/02/11","DEERWHITETAILED"
"21","25_09_SH_0036.JPG","2018-11-15 11:46:50","SH",25,90,"18/11/13","19/02/11","SQUIRRELGRAY"
"22","24_04_BC_0001.JPG","2018-11-15 12:33:22","BC",24,109,"18/11/15","19/03/04","HUMAN"
"23","24_04_BC_0004.JPG","2018-11-15 12:34:27","BC",24,109,"18/11/15","19/03/04","HUMAN"
"24","24_04_BC_0007.JPG","2018-11-15 12:35:36","BC",24,109,"18/11/15","19/03/04","HUMAN"
"25","24_04_BC_0010.JPG","2018-11-15 12:36:41","BC",24,109,"18/11/15","19/03/04","HUMAN"
"26","24_04_BC_0013.JPG","2018-11-15 12:37:46","BC",24,109,"18/11/15","19/03/04","HUMAN"
"27","24_04_BC_0016.JPG","2018-11-15 12:38:51","BC",24,109,"18/11/15","19/03/04","HUMAN"
"28","24_04_BC_0019.JPG","2018-11-15 12:39:56","BC",24,109,"18/11/15","19/03/04","HUMAN"
"29","24_04_BC_0022.JPG","2018-11-15 12:41:01","BC",24,109,"18/11/15","19/03/04","HUMAN"
"30","24_04_BC_0025.JPG","2018-11-15 12:42:08","BC",24,109,"18/11/15","19/03/04","HUMAN"
"31","24_04_BC_0028.JPG","2018-11-15 12:43:14","BC",24,109,"18/11/15","19/03/04","HUMAN"
"32","24_04_BC_0031.JPG","2018-11-15 12:44:20","BC",24,109,"18/11/15","19/03/04","HUMAN"
"33","11_13_BC_000002.JPG","2018-11-16 14:17:12","BC",11,109,"18/11/15","19/03/04","DEERWHITETAILED"
"34","11_13_BC_000004.JPG","2018-11-16 14:18:48","BC",11,109,"18/11/15","19/03/04","DEERWHITETAILED"
"35","17_24_BC_000001.JPG","2018-11-16 16:09:15","BC",17,109,"18/11/15","19/03/04","DEERWHITETAILED"
"36","24_04_BC_0034.JPG","2018-11-16 18:58:16","BC",24,109,"18/11/15","19/03/04","DEERWHITETAILED"
"37","17_24_BC_000004.JPG","2018-11-16 21:59:05","BC",17,109,"18/11/15","19/03/04","DEERWHITETAILED"
"38","17_24_BC_000007.JPG","2018-11-16 23:04:49","BC",17,109,"18/11/15","19/03/04","DEERWHITETAILED"
"39","17_24_BC_000010.JPG","2018-11-16 23:06:26","BC",17,109,"18/11/15","19/03/04","DEERWHITETAILED"
"40","23_03_SH_0001.JPG","2018-11-17 08:12:51","SH",23,89,"18/11/14","19/02/11","DEERWHITETAILED"
"41","25_09_SH_0039.JPG","2018-11-17 11:35:58","SH",25,90,"18/11/13","19/02/11","NOTHINGHERE"
"42","17_24_BC_000013.JPG","2018-11-17 14:11:41","BC",17,109,"18/11/15","19/03/04","DEERWHITETAILED"
"43","17_24_BC_000016.JPG","2018-11-17 14:13:40","BC",17,109,"18/11/15","19/03/04","DEERWHITETAILED"
"44","23_03_SH_0004.JPG","2018-11-17 14:48:23","SH",23,89,"18/11/14","19/02/11","DEERWHITETAILED"
"45","17_24_BC_000019.JPG","2018-11-17 18:11:01","BC",17,109,"18/11/15","19/03/04","DEERWHITETAILED"
"46","17_24_BC_000022.JPG","2018-11-17 22:12:16","BC",17,109,"18/11/15","19/03/04","NOTHINGHERE"
"47","25_09_SH_0042.JPG","2018-11-18 00:15:50","SH",25,90,"18/11/13","19/02/11","COYOTE"
"48","24_04_BC_0037.JPG","2018-11-18 04:05:15","BC",24,109,"18/11/15","19/03/04","DEERWHITETAILED"
"49","25_09_SH_0045.JPG","2018-11-18 05:50:57","SH",25,90,"18/11/13","19/02/11","DEERWHITETAILED"
"50","17_24_BC_000025.JPG","2018-11-18 07:27:02","BC",17,109,"18/11/15","19/03/04","DEERWHITETAILED"
"51","17_24_BC_000028.JPG","2018-11-18 11:16:24","BC",17,109,"18/11/15","19/03/04","SQUIRRELGRAY"
"52","17_24_BC_000031.JPG","2018-11-18 13:05:26","BC",17,109,"18/11/15","19/03/04","SQUIRRELGRAY"
"53","17_24_BC_000034.JPG","2018-11-18 13:07:42","BC",17,109,"18/11/15","19/03/04","SQUIRRELGRAY"
"54","11_13_BC_000007.JPG","2018-11-18 13:28:49","BC",11,109,"18/11/15","19/03/04","NOTHINGHERE"
"55","11_13_BC_000010.JPG","2018-11-18 20:42:35","BC",11,109,"18/11/15","19/03/04","NOTHINGHERE"
"56","11_13_BC_000013.JPG","2018-11-19 03:54:04","BC",11,109,"18/11/15","19/03/04","SOMETHINGHERE"
"57","03_05_SH_000004.JPG","2018-11-19 04:08:12","SH",3,89,"18/11/14","19/02/11","NOTHINGHERE"
"58","25_09_SH_0048.JPG","2018-11-20 04:32:07","SH",25,90,"18/11/13","19/02/11","OTHERSMALLMAMMAL"
"59","23_03_SH_0007.JPG","2018-11-20 10:16:25","SH",23,89,"18/11/14","19/02/11","SQUIRRELGRAY"
"60","23_03_SH_0010.JPG","2018-11-20 10:18:26","SH",23,89,"18/11/14","19/02/11","SQUIRRELGRAY"
"61","24_04_BC_0040.JPG","2018-11-20 11:28:40","BC",24,109,"18/11/15","19/03/04","SQUIRRELGRAY"
"62","24_04_BC_0043.JPG","2018-11-20 11:41:14","BC",24,109,"18/11/15","19/03/04","DEERWHITETAILED"
"63","17_24_BC_000037.JPG","2018-11-20 12:26:41","BC",17,109,"18/11/15","19/03/04","SQUIRRELGRAY"
"64","11_13_BC_000016.JPG","2018-11-20 14:15:17","BC",11,109,"18/11/15","19/03/04","SOMETHINGHERE"
"65","17_24_BC_000040.JPG","2018-11-20 22:03:08","BC",17,109,"18/11/15","19/03/04","DEERWHITETAILED"
"66","17_24_BC_000043.JPG","2018-11-20 23:17:21","BC",17,109,"18/11/15","19/03/04","DEERWHITETAILED"
"67","25_09_SH_0051.JPG","2018-11-21 03:48:02","SH",25,90,"18/11/13","19/02/11","FOXRED"
"68","23_03_SH_0013.JPG","2018-11-21 12:53:35","SH",23,89,"18/11/14","19/02/11","NOTHINGHERE"
"69","17_24_BC_000046.JPG","2018-11-21 14:18:26","BC",17,109,"18/11/15","19/03/04","DEERWHITETAILED"
"70","23_03_SH_0016.JPG","2018-11-21 18:22:51","SH",23,89,"18/11/14","19/02/11","DEERWHITETAILED"
"71","25_09_SH_0054.JPG","2018-11-22 06:03:58","SH",25,90,"18/11/13","19/02/11","NOTHINGHERE"
"72","03_05_SH_000007.JPG","2018-11-22 09:00:17","SH",3,89,"18/11/14","19/02/11","NOTHINGHERE"
"73","25_09_SH_0057.JPG","2018-11-22 11:47:58","SH",25,90,"18/11/13","19/02/11","NOTHINGHERE"
"74","25_09_SH_0060.JPG","2018-11-22 22:12:34","SH",25,90,"18/11/13","19/02/11","NOTHINGHERE"
"75","17_24_BC_000049.JPG","2018-11-24 12:35:20","BC",17,109,"18/11/15","19/03/04","NOTHINGHERE"
"76","17_24_BC_000052.JPG","2018-11-24 17:34:23","BC",17,109,"18/11/15","19/03/04","SOMETHINGHERE"
"77","11_13_BC_000019.JPG","2018-11-25 08:20:21","BC",11,109,"18/11/15","19/03/04","SQUIRRELGRAY"
"78","17_24_BC_000055.JPG","2018-11-25 08:24:20","BC",17,109,"18/11/15","19/03/04","SQUIRRELGRAY"
"79","11_13_BC_000022.JPG","2018-11-25 08:48:13","BC",11,109,"18/11/15","19/03/04","SQUIRRELGRAY"
"80","11_13_BC_000025.JPG","2018-11-25 09:57:03","BC",11,109,"18/11/15","19/03/04","SQUIRRELGRAY"
"81","11_13_BC_000028.JPG","2018-11-25 09:59:43","BC",11,109,"18/11/15","19/03/04","SQUIRRELGRAY"
"82","17_24_BC_000058.JPG","2018-11-25 10:58:14","BC",17,109,"18/11/15","19/03/04","NOTHINGHERE"
"83","17_24_BC_000061.JPG","2018-11-25 11:47:35","BC",17,109,"18/11/15","19/03/04","SQUIRRELGRAY"
"84","17_24_BC_000064.JPG","2018-11-25 12:15:41","BC",17,109,"18/11/15","19/03/04","SQUIRRELGRAY"
"85","11_13_BC_000031.JPG","2018-11-25 12:25:58","BC",11,109,"18/11/15","19/03/04","SQUIRRELGRAY"
"86","11_13_BC_000034.JPG","2018-11-25 12:43:30","BC",11,109,"18/11/15","19/03/04","SQUIRRELGRAY"
"87","11_13_BC_000037.JPG","2018-11-25 12:47:05","BC",11,109,"18/11/15","19/03/04","NOTHINGHERE"
"88","03_05_SH_000010.JPG","2018-11-25 13:38:06","SH",3,89,"18/11/14","19/02/11","NOTHINGHERE"
"89","11_13_BC_000040.JPG","2018-11-25 14:34:17","BC",11,109,"18/11/15","19/03/04","SQUIRRELGRAY"
"90","11_13_BC_000043.JPG","2018-11-25 15:59:20","BC",11,109,"18/11/15","19/03/04","SOMETHINGHERE"
"91","11_13_BC_000046.JPG","2018-11-25 17:26:50","BC",11,109,"18/11/15","19/03/04","PORCUPINE"
"92","11_13_BC_000049.JPG","2018-11-25 18:36:29","BC",11,109,"18/11/15","19/03/04","PORCUPINE"
"93","08_23_DEG_000001.JPG","2018-11-26 04:46:56","DEG",8,73,"18/11/26","19/02/07","SOMETHINGHERE"
"94","08_23_DEG_000004.JPG","2018-11-26 06:27:17","DEG",8,73,"18/11/26","19/02/07","DEERWHITETAILED"
"95","11_13_BC_000052.JPG","2018-11-26 08:01:29","BC",11,109,"18/11/15","19/03/04","SQUIRRELGRAY"
"96","11_13_BC_000055.JPG","2018-11-26 10:59:37","BC",11,109,"18/11/15","19/03/04","SQUIRRELGRAY"
"97","17_24_BC_000067.JPG","2018-11-26 13:20:19","BC",17,109,"18/11/15","19/03/04","SQUIRRELGRAY"
"98","21_21_DON_0001.JPG","2018-11-26 14:10:10","DON",21,94,"18/11/26","19/02/28","HUMAN"
"99","25_09_SH_0063.JPG","2018-11-26 14:14:46","SH",25,90,"18/11/13","19/02/11","SQUIRRELGRAY"
"100","24_04_BC_0046.JPG","2018-11-26 18:06:38","BC",24,109,"18/11/15","19/03/04","DEERWHITETAILED"
"101","29_19_DEG_0001.JPG","2018-11-26 22:52:01","DEG",29,73,"18/11/26","19/02/07","DEERWHITETAILED"
"102","24_04_BC_0049.JPG","2018-11-26 23:42:30","BC",24,109,"18/11/15","19/03/04","DEERWHITETAILED"
"103","24_04_BC_0052.JPG","2018-11-26 23:48:10","BC",24,109,"18/11/15","19/03/04","DEERWHITETAILED"
"104","24_04_BC_0055.JPG","2018-11-27 06:20:24","BC",24,109,"18/11/15","19/03/04","DEERWHITETAILED"
"105","08_23_DEG_000007.JPG","2018-11-27 07:00:47","DEG",8,73,"18/11/26","19/02/07","SOMETHINGHERE"
"106","24_04_BC_0058.JPG","2018-11-27 07:16:35","BC",24,109,"18/11/15","19/03/04","DEERWHITETAILED"
"107","24_04_BC_0061.JPG","2018-11-27 07:19:13","BC",24,109,"18/11/15","19/03/04","DEERWHITETAILED"
"108","17_24_BC_000070.JPG","2018-11-27 08:56:00","BC",17,109,"18/11/15","19/03/04","SQUIRRELGRAY"
"109","11_13_BC_000058.JPG","2018-11-27 10:21:10","BC",11,109,"18/11/15","19/03/04","NOTHINGHERE"
"110","25_09_SH_0066.JPG","2018-11-27 12:26:07","SH",25,90,"18/11/13","19/02/11","SQUIRRELGRAY"
"111","23_03_SH_0019.JPG","2018-11-27 14:01:00","SH",23,89,"18/11/14","19/02/11","SQUIRRELGRAY"
"112","33_01_WF_0004.JPG","2018-11-27 17:16:10","WF",33,65,"18/11/27","19/01/31","NOTHINGHERE"
"113","33_01_WF_0007.JPG","2018-11-27 17:26:17","WF",33,65,"18/11/27","19/01/31","NOTHINGHERE"
"114","28_15_DEG_0008.JPG","2018-11-27 20:02:07","DEG",28,73,"18/11/26","19/02/07","FISHER"
"115","22_18_WF_0001.JPG","2018-11-27 23:02:56","WF",22,65,"18/11/27","19/01/31","COYOTE"
"116","22_18_WF_0004.JPG","2018-11-28 03:53:12","WF",22,65,"18/11/27","19/01/31","FISHER"
"117","22_18_WF_0007.JPG","2018-11-28 03:55:17","WF",22,65,"18/11/27","19/01/31","SOMETHINGHERE"
"118","33_01_WF_0010.JPG","2018-11-28 05:14:47","WF",33,65,"18/11/27","19/01/31","DEERWHITETAILED"
"119","03_05_SH_000013.JPG","2018-11-28 06:43:05","SH",3,89,"18/11/14","19/02/11","SOMETHINGHERE"
"120","17_24_BC_000073.JPG","2018-11-28 09:04:03","BC",17,109,"18/11/15","19/03/04","SQUIRRELGRAY"
"121","09_25_WF_000001.JPG","2018-11-28 10:16:37","WF",9,65,"18/11/27","19/01/31","DEERWHITETAILED"
"122","11_13_BC_000061.JPG","2018-11-28 12:21:17","BC",11,109,"18/11/15","19/03/04","SQUIRRELGRAY"
"123","29_19_DEG_0004.JPG","2018-11-28 13:38:20","DEG",29,73,"18/11/26","19/02/07","DEERWHITETAILED"
"124","08_23_DEG_000010.JPG","2018-11-28 17:29:15","DEG",8,73,"18/11/26","19/02/07","NOTHINGHERE"
"125","08_23_DEG_000013.JPG","2018-11-28 17:34:32","DEG",8,73,"18/11/26","19/02/07","SNOWSHOEHARE"
"126","17_24_BC_000076.JPG","2018-11-28 19:54:02","BC",17,109,"18/11/15","19/03/04","DEERWHITETAILED"
"127","17_24_BC_000079.JPG","2018-11-28 19:56:11","BC",17,109,"18/11/15","19/03/04","DEERWHITETAILED"
"128","17_24_BC_000082.JPG","2018-11-28 19:59:30","BC",17,109,"18/11/15","19/03/04","DEERWHITETAILED"
"129","17_24_BC_000085.JPG","2018-11-28 22:56:51","BC",17,109,"18/11/15","19/03/04","DEERWHITETAILED"
"130","29_19_DEG_0007.JPG","2018-11-29 00:16:13","DEG",29,73,"18/11/26","19/02/07","FISHER"
"131","22_18_WF_0010.JPG","2018-11-29 01:23:51","WF",22,65,"18/11/27","19/01/31","FISHER"
"132","22_18_WF_0013.JPG","2018-11-29 01:29:39","WF",22,65,"18/11/27","19/01/31","FISHER"
"133","11_13_BC_000064.JPG","2018-11-29 11:09:54","BC",11,109,"18/11/15","19/03/04","SQUIRRELGRAY"
"134","11_13_BC_000067.JPG","2018-11-29 11:50:38","BC",11,109,"18/11/15","19/03/04","SQUIRRELGRAY"
"135","24_04_BC_0064.JPG","2018-11-29 12:35:16","BC",24,109,"18/11/15","19/03/04","SQUIRRELGRAY"
"136","11_13_BC_000070.JPG","2018-11-29 17:26:23","BC",11,109,"18/11/15","19/03/04","PORCUPINE"
"137","29_19_DEG_0010.JPG","2018-11-29 18:32:19","DEG",29,73,"18/11/26","19/02/07","DEERWHITETAILED"
"138","21_21_DON_0003.JPG","2018-11-29 19:02:54","DON",21,94,"18/11/26","19/02/28","FOXRED"
"139","29_19_DEG_0013.JPG","2018-11-30 06:39:46","DEG",29,73,"18/11/26","19/02/07","SOMETHINGHERE"
"140","29_19_DEG_0016.JPG","2018-11-30 06:42:33","DEG",29,73,"18/11/26","19/02/07","DEERWHITETAILED"
"141","29_19_DEG_0019.JPG","2018-11-30 06:44:06","DEG",29,73,"18/11/26","19/02/07","DEERWHITETAILED"
"142","29_19_DEG_0025.JPG","2018-11-30 08:47:11","DEG",29,73,"18/11/26","19/02/07","DEERWHITETAILED"
"143","22_18_WF_0016.JPG","2018-11-30 10:12:41","WF",22,65,"18/11/27","19/01/31","FISHER"
"144","22_18_WF_0019.JPG","2018-11-30 11:43:36","WF",22,65,"18/11/27","19/01/31","FISHER"
"145","22_18_WF_0022.JPG","2018-11-30 16:17:57","WF",22,65,"18/11/27","19/01/31","DEERWHITETAILED"
"146","22_18_WF_0025.JPG","2018-11-30 16:19:09","WF",22,65,"18/11/27","19/01/31","DEERWHITETAILED"
"147","22_18_WF_0028.JPG","2018-11-30 16:20:14","WF",22,65,"18/11/27","19/01/31","DEERWHITETAILED"
"148","33_01_WF_0013.JPG","2018-11-30 16:34:19","WF",33,65,"18/11/27","19/01/31","DEERWHITETAILED"
"149","33_01_WF_0016.JPG","2018-11-30 16:35:27","WF",33,65,"18/11/27","19/01/31","DEERWHITETAILED"
"150","22_18_WF_0031.JPG","2018-12-01 06:17:58","WF",22,65,"18/11/27","19/01/31","DEERWHITETAILED"
"151","15_14_DEG_000002.JPG","2018-12-01 08:16:56","DEG",15,73,"18/11/26","19/02/07","DEERWHITETAILED"
"152","33_01_WF_0019.JPG","2018-12-01 08:51:41","WF",33,65,"18/11/27","19/01/31","SOMETHINGHERE"
"153","04_26_WF_000001.JPG","2018-12-01 10:05:23","WF",4,65,"18/11/27","19/01/31","NOTHINGHERE"
"154","04_26_WF_000004.JPG","2018-12-01 10:12:11","WF",4,65,"18/11/27","19/01/31","NOTHINGHERE"
"155","04_26_WF_000007.JPG","2018-12-01 10:32:48","WF",4,65,"18/11/27","19/01/31","NOTHINGHERE"
"156","04_26_WF_000010.JPG","2018-12-01 10:35:36","WF",4,65,"18/11/27","19/01/31","NOTHINGHERE"
"157","23_03_SH_0022.JPG","2018-12-01 10:37:12","SH",23,89,"18/11/14","19/02/11","DEERWHITETAILED"
"158","04_26_WF_000013.JPG","2018-12-01 11:48:30","WF",4,65,"18/11/27","19/01/31","TURKEY"
"159","17_24_BC_000088.JPG","2018-12-01 14:05:02","BC",17,109,"18/11/15","19/03/04","SOMETHINGHERE"
"160","24_04_BC_0067.JPG","2018-12-01 14:31:44","BC",24,109,"18/11/15","19/03/04","SQUIRRELGRAY"
"161","11_13_BC_000073.JPG","2018-12-01 17:10:01","BC",11,109,"18/11/15","19/03/04","PORCUPINE"
"162","24_04_BC_0070.JPG","2018-12-01 17:39:34","BC",24,109,"18/11/15","19/03/04","DEERWHITETAILED"
"163","22_18_WF_0037.JPG","2018-12-02 00:00:04","WF",22,65,"18/11/27","19/01/31","FISHER"
"164","11_13_BC_000076.JPG","2018-12-02 13:07:15","BC",11,109,"18/11/15","19/03/04","SQUIRRELGRAY"
"165","09_25_WF_000004.JPG","2018-12-02 13:26:01","WF",9,65,"18/11/27","19/01/31","SQUIRRELGRAY"
"166","04_26_WF_000016.JPG","2018-12-02 23:44:02","WF",4,65,"18/11/27","19/01/31","NOTHINGHERE"
"167","33_01_WF_0022.JPG","2018-12-03 00:05:05","WF",33,65,"18/11/27","19/01/31","SOMETHINGHERE"
"168","23_03_SH_0025.JPG","2018-12-03 00:53:35","SH",23,89,"18/11/14","19/02/11","DEERWHITETAILED"
"169","33_01_WF_0025.JPG","2018-12-03 03:41:23","WF",33,65,"18/11/27","19/01/31","DEERWHITETAILED"
"170","33_01_WF_0028.JPG","2018-12-03 03:42:40","WF",33,65,"18/11/27","19/01/31","DEERWHITETAILED"
"171","33_01_WF_0031.JPG","2018-12-03 03:54:35","WF",33,65,"18/11/27","19/01/31","DEERWHITETAILED"
"172","22_18_WF_0040.JPG","2018-12-03 07:09:44","WF",22,65,"18/11/27","19/01/31","DEERWHITETAILED"
"173","22_18_WF_0043.JPG","2018-12-03 07:19:51","WF",22,65,"18/11/27","19/01/31","DEERWHITETAILED"
"174","17_24_BC_000091.JPG","2018-12-03 09:53:09","BC",17,109,"18/11/15","19/03/04","SQUIRRELGRAY"
"175","11_13_BC_000079.JPG","2018-12-03 13:10:36","BC",11,109,"18/11/15","19/03/04","SQUIRRELGRAY"
"176","17_24_BC_000094.JPG","2018-12-03 14:02:22","BC",17,109,"18/11/15","19/03/04","SQUIRRELGRAY"
"177","17_24_BC_000097.JPG","2018-12-03 14:44:12","BC",17,109,"18/11/15","19/03/04","SQUIRRELGRAY"
"178","24_04_BC_0073.JPG","2018-12-03 16:48:48","BC",24,109,"18/11/15","19/03/04","DEERWHITETAILED"
"179","29_19_DEG_0028.JPG","2018-12-03 18:33:06","DEG",29,73,"18/11/26","19/02/07","DEERWHITETAILED"
"180","29_19_DEG_0031.JPG","2018-12-03 18:34:21","DEG",29,73,"18/11/26","19/02/07","DEERWHITETAILED"
"181","29_19_DEG_0034.JPG","2018-12-04 00:28:09","DEG",29,73,"18/11/26","19/02/07","DEERWHITETAILED"
"182","24_04_BC_0076.JPG","2018-12-04 02:31:19","BC",24,109,"18/11/15","19/03/04","DEERWHITETAILED"
"183","33_01_WF_0037.JPG","2018-12-04 02:57:07","WF",33,65,"18/11/27","19/01/31","DEERWHITETAILED"
"184","24_04_BC_0079.JPG","2018-12-04 03:03:19","BC",24,109,"18/11/15","19/03/04","DEERWHITETAILED"
"185","33_01_WF_0040.JPG","2018-12-04 03:24:49","WF",33,65,"18/11/27","19/01/31","DEERWHITETAILED"
"186","21_21_DON_0006.JPG","2018-12-04 05:30:48","DON",21,94,"18/11/26","19/02/28","NOTHINGHERE"
"187","17_24_BC_000100.JPG","2018-12-04 06:43:28","BC",17,109,"18/11/15","19/03/04","SOMETHINGHERE"
"188","22_18_WF_0046.JPG","2018-12-04 07:32:21","WF",22,65,"18/11/27","19/01/31","DEERWHITETAILED"
"189","22_18_WF_0049.JPG","2018-12-04 08:19:52","WF",22,65,"18/11/27","19/01/31","DEERWHITETAILED"
"190","23_03_SH_0028.JPG","2018-12-04 13:33:01","SH",23,89,"18/11/14","19/02/11","SQUIRRELGRAY"
"191","15_14_DEG_000004.JPG","2018-12-04 18:54:45","DEG",15,73,"18/11/26","19/02/07","DEERWHITETAILED"
"192","15_14_DEG_000007.JPG","2018-12-04 18:57:26","DEG",15,73,"18/11/26","19/02/07","DEERWHITETAILED"
"193","33_01_WF_0043.JPG","2018-12-04 19:24:31","WF",33,65,"18/11/27","19/01/31","DEERWHITETAILED"
"194","33_01_WF_0046.JPG","2018-12-04 19:27:35","WF",33,65,"18/11/27","19/01/31","NOTHINGHERE"
"195","33_01_WF_0049.JPG","2018-12-04 19:31:19","WF",33,65,"18/11/27","19/01/31","SOMETHINGHERE"
"196","24_04_BC_0082.JPG","2018-12-05 01:24:34","BC",24,109,"18/11/15","19/03/04","DEERWHITETAILED"
"197","24_04_BC_0085.JPG","2018-12-05 01:26:40","BC",24,109,"18/11/15","19/03/04","DEERWHITETAILED"
"198","33_01_WF_0052.JPG","2018-12-05 06:30:46","WF",33,65,"18/11/27","19/01/31","DEERWHITETAILED"
"199","22_18_WF_0052.JPG","2018-12-05 06:58:31","WF",22,65,"18/11/27","19/01/31","FISHER"
"200","24_04_BC_0088.JPG","2018-12-05 07:21:35","BC",24,109,"18/11/15","19/03/04","DEERWHITETAILED"
"201","15_14_DEG_000013.JPG","2018-12-05 13:58:53","DEG",15,73,"18/11/26","19/02/07","HUMAN"
"202","11_13_BC_000082.JPG","2018-12-05 17:30:13","BC",11,109,"18/11/15","19/03/04","PORCUPINE"
"203","04_26_WF_000019.JPG","2018-12-05 20:03:20","WF",4,65,"18/11/27","19/01/31","DEERWHITETAILED"
"204","04_26_WF_000022.JPG","2018-12-05 20:07:09","WF",4,65,"18/11/27","19/01/31","DEERWHITETAILED"
"205","29_19_DEG_0037.JPG","2018-12-06 07:32:36","DEG",29,73,"18/11/26","19/02/07","SQUIRRELGRAY"
"206","33_01_WF_0055.JPG","2018-12-06 09:03:17","WF",33,65,"18/11/27","19/01/31","DEERWHITETAILED"
"207","17_24_BC_000103.JPG","2018-12-06 16:22:34","BC",17,109,"18/11/15","19/03/04","DEERWHITETAILED"
"208","29_19_DEG_0040.JPG","2018-12-06 18:50:53","DEG",29,73,"18/11/26","19/02/07","DEERWHITETAILED"
"209","31_06_WHIP_0007.JPG","2018-12-07 02:38:16","WHIP",31,49,"18/12/06","19/01/24","NOTHINGHERE"
"210","17_24_BC_000106.JPG","2018-12-07 08:25:35","BC",17,109,"18/11/15","19/03/04","DEERWHITETAILED"
"211","17_24_BC_000109.JPG","2018-12-07 08:27:28","BC",17,109,"18/11/15","19/03/04","DEERWHITETAILED"
"212","11_13_BC_000085.JPG","2018-12-07 08:32:09","BC",11,109,"18/11/15","19/03/04","NOTHINGHERE"
"213","22_18_WF_0055.JPG","2018-12-07 08:40:14","WF",22,65,"18/11/27","19/01/31","DEERWHITETAILED"
"214","22_18_WF_0058.JPG","2018-12-07 08:41:52","WF",22,65,"18/11/27","19/01/31","DEERWHITETAILED"
"215","17_24_BC_000112.JPG","2018-12-07 09:49:03","BC",17,109,"18/11/15","19/03/04","DEERWHITETAILED"
"216","17_24_BC_000115.JPG","2018-12-07 09:50:40","BC",17,109,"18/11/15","19/03/04","NOTHINGHERE"
"217","17_24_BC_000118.JPG","2018-12-07 14:39:00","BC",17,109,"18/11/15","19/03/04","DEERWHITETAILED"
"218","23_03_SH_0031.JPG","2018-12-07 18:56:37","SH",23,89,"18/11/14","19/02/11","FOXRED"
"219","33_01_WF_0058.JPG","2018-12-07 19:26:01","WF",33,65,"18/11/27","19/01/31","NOTHINGHERE"
"220","31_06_WHIP_0010.JPG","2018-12-07 20:59:09","WHIP",31,49,"18/12/06","19/01/24","NOTHINGHERE"
"221","31_06_WHIP_0013.JPG","2018-12-07 21:00:41","WHIP",31,49,"18/12/06","19/01/24","NOTHINGHERE"
"222","18_16_WHIP_000001.JPG","2018-12-07 22:56:50","WHIP",18,49,"18/12/06","19/01/24","NOTHINGHERE"
"223","31_06_WHIP_0016.JPG","2018-12-07 23:00:25","WHIP",31,49,"18/12/06","19/01/24","NOTHINGHERE"
"224","31_06_WHIP_0019.JPG","2018-12-07 23:02:45","WHIP",31,49,"18/12/06","19/01/24","NOTHINGHERE"
"225","17_24_BC_000121.JPG","2018-12-08 01:55:23","BC",17,109,"18/11/15","19/03/04","DEERWHITETAILED"
"226","15_14_DEG_000016.JPG","2018-12-08 08:18:04","DEG",15,73,"18/11/26","19/02/07","DEERWHITETAILED"
"227","29_19_DEG_0043.JPG","2018-12-08 09:27:39","DEG",29,73,"18/11/26","19/02/07","DEERWHITETAILED"
"228","17_24_BC_000124.JPG","2018-12-08 10:01:11","BC",17,109,"18/11/15","19/03/04","DEERWHITETAILED"
"229","15_14_DEG_000019.JPG","2018-12-08 10:53:16","DEG",15,73,"18/11/26","19/02/07","HUMAN"
"230","11_13_BC_000088.JPG","2018-12-08 11:57:16","BC",11,109,"18/11/15","19/03/04","SQUIRRELGRAY"
"231","22_18_WF_0061.JPG","2018-12-08 14:24:57","WF",22,65,"18/11/27","19/01/31","DEERWHITETAILED"
"232","32_17_WHIP_0001.JPG","2018-12-08 21:51:16","WHIP",32,49,"18/12/06","19/01/24","DEERWHITETAILED"
"233","15_14_DEG_000022.JPG","2018-12-09 03:47:01","DEG",15,73,"18/11/26","19/02/07","DEERWHITETAILED"
"234","17_24_BC_000127.JPG","2018-12-09 12:46:11","BC",17,109,"18/11/15","19/03/04","DEERWHITETAILED"
"235","04_26_WF_000025.JPG","2018-12-09 17:22:07","WF",4,65,"18/11/27","19/01/31","DEERWHITETAILED"
"236","23_03_SH_0034.JPG","2018-12-10 02:05:47","SH",23,89,"18/11/14","19/02/11","NOTHINGHERE"
"237","33_01_WF_0061.JPG","2018-12-10 04:47:39","WF",33,65,"18/11/27","19/01/31","COYOTE"
"238","25_09_SH_0069.JPG","2018-12-10 04:56:18","SH",25,90,"18/11/13","19/02/11","FOXRED"
"239","33_01_WF_0064.JPG","2018-12-10 07:38:09","WF",33,65,"18/11/27","19/01/31","DEERWHITETAILED"
"240","11_13_BC_000091.JPG","2018-12-10 13:23:17","BC",11,109,"18/11/15","19/03/04","SQUIRRELGRAY"
"241","11_13_BC_000094.JPG","2018-12-10 13:37:07","BC",11,109,"18/11/15","19/03/04","SQUIRRELGRAY"
"242","25_09_SH_0072.JPG","2018-12-10 13:42:53","SH",25,90,"18/11/13","19/02/11","SQUIRRELRED"
"243","11_13_BC_000097.JPG","2018-12-10 13:44:06","BC",11,109,"18/11/15","19/03/04","SQUIRRELGRAY"
"244","33_01_WF_0067.JPG","2018-12-11 08:53:25","WF",33,65,"18/11/27","19/01/31","COYOTE"
"245","22_18_WF_0064.JPG","2018-12-11 18:53:31","WF",22,65,"18/11/27","19/01/31","COYOTE"
"246","31_06_WHIP_0022.JPG","2018-12-11 23:18:20","WHIP",31,49,"18/12/06","19/01/24","DEERWHITETAILED"
"247","15_14_DEG_000025.JPG","2018-12-12 09:02:39","DEG",15,73,"18/11/26","19/02/07","DEERWHITETAILED"
"248","11_13_BC_000100.JPG","2018-12-12 12:05:02","BC",11,109,"18/11/15","19/03/04","SQUIRRELGRAY"
"249","11_13_BC_000103.JPG","2018-12-12 12:12:14","BC",11,109,"18/11/15","19/03/04","NOTHINGHERE"
"250","11_13_BC_000106.JPG","2018-12-12 12:15:46","BC",11,109,"18/11/15","19/03/04","NOTHINGHERE"
"251","11_13_BC_000109.JPG","2018-12-12 12:27:49","BC",11,109,"18/11/15","19/03/04","SQUIRRELGRAY"
"252","31_06_WHIP_0025.JPG","2018-12-13 00:36:31","WHIP",31,49,"18/12/06","19/01/24","NOTHINGHERE"
"253","29_19_DEG_0046.JPG","2018-12-13 07:01:13","DEG",29,73,"18/11/26","19/02/07","SOMETHINGHERE"
"254","17_24_BC_000130.JPG","2018-12-13 10:18:18","BC",17,109,"18/11/15","19/03/04","DEERWHITETAILED"
"255","17_24_BC_000133.JPG","2018-12-13 10:20:25","BC",17,109,"18/11/15","19/03/04","DEERWHITETAILED"
"256","14_22_DON_000001.JPG","2018-12-13 14:34:44","DON",14,74,"18/12/13","19/02/25","SOMETHINGHERE"
"257","14_22_DON_000004.JPG","2018-12-13 18:06:15","DON",14,74,"18/12/13","19/02/25","DEERWHITETAILED"
"258","33_01_WF_0070.JPG","2018-12-13 18:18:39","WF",33,65,"18/11/27","19/01/31","FISHER"
"259","22_18_WF_0067.JPG","2018-12-13 18:44:01","WF",22,65,"18/11/27","19/01/31","DEERWHITETAILED"
"260","22_18_WF_0070.JPG","2018-12-13 18:46:36","WF",22,65,"18/11/27","19/01/31","DEERWHITETAILED"
"261","17_24_BC_000136.JPG","2018-12-14 15:02:04","BC",17,109,"18/11/15","19/03/04","DEERWHITETAILED"
"262","29_19_DEG_0049.JPG","2018-12-14 19:14:50","DEG",29,73,"18/11/26","19/02/07","DEERWHITETAILED"
"263","11_13_BC_000112.JPG","2018-12-14 23:43:22","BC",11,109,"18/11/15","19/03/04","OTHERSMALLMAMMAL"
"264","18_16_WHIP_000004.JPG","2018-12-15 01:30:22","WHIP",18,49,"18/12/06","19/01/24","FISHER"
"265","15_14_DEG_000028.JPG","2018-12-15 01:31:52","DEG",15,73,"18/11/26","19/02/07","NOTHINGHERE"
"266","29_19_DEG_0052.JPG","2018-12-15 06:10:48","DEG",29,73,"18/11/26","19/02/07","DEERWHITETAILED"
"267","29_19_DEG_0055.JPG","2018-12-15 06:12:00","DEG",29,73,"18/11/26","19/02/07","DEERWHITETAILED"
"268","29_19_DEG_0061.JPG","2018-12-15 06:14:23","DEG",29,73,"18/11/26","19/02/07","DEERWHITETAILED"
"269","15_14_DEG_000031.JPG","2018-12-15 06:52:17","DEG",15,73,"18/11/26","19/02/07","COYOTE"
"270","29_19_DEG_0064.JPG","2018-12-15 07:34:47","DEG",29,73,"18/11/26","19/02/07","DEERWHITETAILED"
"271","33_01_WF_0073.JPG","2018-12-15 11:30:11","WF",33,65,"18/11/27","19/01/31","DEERWHITETAILED"
"272","14_22_DON_000007.JPG","2018-12-15 12:00:57","DON",14,74,"18/12/13","19/02/25","NOTHINGHERE"
"273","14_22_DON_000010.JPG","2018-12-15 13:22:04","DON",14,74,"18/12/13","19/02/25","NOTHINGHERE"
"274","23_03_SH_0037.JPG","2018-12-15 17:15:37","SH",23,89,"18/11/14","19/02/11","RACCOON"
"275","22_18_WF_0073.JPG","2018-12-15 17:39:44","WF",22,65,"18/11/27","19/01/31","FISHER"
"276","18_16_WHIP_000007.JPG","2018-12-15 18:39:26","WHIP",18,49,"18/12/06","19/01/24","RACCOON"
"277","11_13_BC_000115.JPG","2018-12-15 18:53:36","BC",11,109,"18/11/15","19/03/04","PORCUPINE"
"278","18_16_WHIP_000010.JPG","2018-12-15 20:15:36","WHIP",18,49,"18/12/06","19/01/24","RACCOON"
"279","18_16_WHIP_000013.JPG","2018-12-15 20:17:40","WHIP",18,49,"18/12/06","19/01/24","RACCOON"
"280","14_22_DON_000013.JPG","2018-12-16 00:48:19","DON",14,74,"18/12/13","19/02/25","RACCOON"
"281","22_18_WF_0076.JPG","2018-12-16 05:26:52","WF",22,65,"18/11/27","19/01/31","SOMETHINGHERE"
"282","32_17_WHIP_0004.JPG","2018-12-16 05:58:35","WHIP",32,49,"18/12/06","19/01/24","DEERWHITETAILED"
"283","32_17_WHIP_0007.JPG","2018-12-16 05:59:44","WHIP",32,49,"18/12/06","19/01/24","DEERWHITETAILED"
"284","32_17_WHIP_0010.JPG","2018-12-16 06:00:49","WHIP",32,49,"18/12/06","19/01/24","DEERWHITETAILED"
"285","32_17_WHIP_0013.JPG","2018-12-16 06:17:48","WHIP",32,49,"18/12/06","19/01/24","DEERWHITETAILED"
"286","32_17_WHIP_0016.JPG","2018-12-16 06:21:22","WHIP",32,49,"18/12/06","19/01/24","DEERWHITETAILED"
"287","32_17_WHIP_0019.JPG","2018-12-16 06:28:31","WHIP",32,49,"18/12/06","19/01/24","DEERWHITETAILED"
"288","32_17_WHIP_0022.JPG","2018-12-16 06:29:36","WHIP",32,49,"18/12/06","19/01/24","DEERWHITETAILED"
"289","29_19_DEG_0067.JPG","2018-12-16 07:09:54","DEG",29,73,"18/11/26","19/02/07","DEERWHITETAILED"
"290","29_19_DEG_0070.JPG","2018-12-16 07:10:59","DEG",29,73,"18/11/26","19/02/07","DEERWHITETAILED"
"291","15_14_DEG_000034.JPG","2018-12-16 07:21:40","DEG",15,73,"18/11/26","19/02/07","DEERWHITETAILED"
"292","17_24_BC_000139.JPG","2018-12-16 07:46:04","BC",17,109,"18/11/15","19/03/04","DEERWHITETAILED"
"293","17_24_BC_000142.JPG","2018-12-16 07:48:04","BC",17,109,"18/11/15","19/03/04","DEERWHITETAILED"
"294","17_24_BC_000145.JPG","2018-12-16 07:50:24","BC",17,109,"18/11/15","19/03/04","DEERWHITETAILED"
"295","23_03_SH_0040.JPG","2018-12-16 08:45:40","SH",23,89,"18/11/14","19/02/11","COYOTE"
"296","29_19_DEG_0073.JPG","2018-12-16 08:54:59","DEG",29,73,"18/11/26","19/02/07","SQUIRRELRED"
"297","15_14_DEG_000037.JPG","2018-12-16 09:39:17","DEG",15,73,"18/11/26","19/02/07","DEERWHITETAILED"
"298","29_19_DEG_0076.JPG","2018-12-16 11:27:52","DEG",29,73,"18/11/26","19/02/07","SQUIRRELRED"
"299","15_14_DEG_000040.JPG","2018-12-16 12:14:04","DEG",15,73,"18/11/26","19/02/07","DEERWHITETAILED"
"300","15_14_DEG_000043.JPG","2018-12-16 12:15:43","DEG",15,73,"18/11/26","19/02/07","DEERWHITETAILED"
"301","23_03_SH_0043.JPG","2018-12-16 13:00:59","SH",23,89,"18/11/14","19/02/11","DEERWHITETAILED"
"302","23_03_SH_0046.JPG","2018-12-16 13:02:18","SH",23,89,"18/11/14","19/02/11","DEERWHITETAILED"
"303","23_03_SH_0049.JPG","2018-12-16 13:06:40","SH",23,89,"18/11/14","19/02/11","DEERWHITETAILED"
"304","23_03_SH_0052.JPG","2018-12-16 13:18:46","SH",23,89,"18/11/14","19/02/11","DEERWHITETAILED"
"305","11_13_BC_000121.JPG","2018-12-16 13:44:34","BC",11,109,"18/11/15","19/03/04","SQUIRRELGRAY"
"306","17_24_BC_000148.JPG","2018-12-16 14:29:31","BC",17,109,"18/11/15","19/03/04","SQUIRRELGRAY"
"307","17_24_BC_000151.JPG","2018-12-16 14:35:55","BC",17,109,"18/11/15","19/03/04","NOTHINGHERE"
"308","17_24_BC_000154.JPG","2018-12-16 14:56:55","BC",17,109,"18/11/15","19/03/04","NOTHINGHERE"
"309","14_22_DON_000016.JPG","2018-12-16 17:12:04","DON",14,74,"18/12/13","19/02/25","DEERWHITETAILED"
"310","29_19_DEG_0079.JPG","2018-12-16 17:30:25","DEG",29,73,"18/11/26","19/02/07","DEERWHITETAILED"
"311","29_19_DEG_0082.JPG","2018-12-16 18:33:45","DEG",29,73,"18/11/26","19/02/07","DEERWHITETAILED"
"312","29_19_DEG_0085.JPG","2018-12-16 18:34:51","DEG",29,73,"18/11/26","19/02/07","DEERWHITETAILED"
"313","29_19_DEG_0088.JPG","2018-12-16 18:37:32","DEG",29,73,"18/11/26","19/02/07","DEERWHITETAILED"
"314","14_22_DON_000019.JPG","2018-12-16 19:18:31","DON",14,74,"18/12/13","19/02/25","DEERWHITETAILED"
"315","14_22_DON_000022.JPG","2018-12-16 19:25:14","DON",14,74,"18/12/13","19/02/25","NOTHINGHERE"
"316","29_19_DEG_0091.JPG","2018-12-16 20:54:01","DEG",29,73,"18/11/26","19/02/07","DEERWHITETAILED"
"317","11_13_BC_000124.JPG","2018-12-17 05:04:08","BC",11,109,"18/11/15","19/03/04","NOTHINGHERE"
"318","23_03_SH_0055.JPG","2018-12-17 07:49:45","SH",23,89,"18/11/14","19/02/11","SOMETHINGHERE"
"319","22_18_WF_0079.JPG","2018-12-17 08:54:54","WF",22,65,"18/11/27","19/01/31","DEERWHITETAILED"
"320","32_17_WHIP_0025.JPG","2018-12-17 09:57:10","WHIP",32,49,"18/12/06","19/01/24","SQUIRRELGRAY"
"321","22_18_WF_0082.JPG","2018-12-17 13:35:48","WF",22,65,"18/11/27","19/01/31","FOXRED"
"322","11_13_BC_000127.JPG","2018-12-17 14:19:53","BC",11,109,"18/11/15","19/03/04","NOTHINGHERE"
"323","17_24_BC_000157.JPG","2018-12-17 21:15:37","BC",17,109,"18/11/15","19/03/04","DEERWHITETAILED"
"324","15_14_DEG_000046.JPG","2018-12-17 22:16:37","DEG",15,73,"18/11/26","19/02/07","DEERWHITETAILED"
"325","15_14_DEG_000049.JPG","2018-12-17 22:19:09","DEG",15,73,"18/11/26","19/02/07","DEERWHITETAILED"
"326","15_14_DEG_000052.JPG","2018-12-18 05:21:07","DEG",15,73,"18/11/26","19/02/07","SOMETHINGHERE"
"327","14_22_DON_000025.JPG","2018-12-18 07:23:06","DON",14,74,"18/12/13","19/02/25","DEERWHITETAILED"
"328","33_01_WF_0079.JPG","2018-12-18 09:19:45","WF",33,65,"18/11/27","19/01/31","DEERWHITETAILED"
"329","33_01_WF_0082.JPG","2018-12-18 09:27:25","WF",33,65,"18/11/27","19/01/31","DEERWHITETAILED"
"330","33_01_WF_0085.JPG","2018-12-18 10:34:57","WF",33,65,"18/11/27","19/01/31","DEERWHITETAILED"
"331","33_01_WF_0088.JPG","2018-12-18 10:42:21","WF",33,65,"18/11/27","19/01/31","DEERWHITETAILED"
"332","33_01_WF_0091.JPG","2018-12-18 10:43:37","WF",33,65,"18/11/27","19/01/31","DEERWHITETAILED"
"333","33_01_WF_0094.JPG","2018-12-18 10:55:07","WF",33,65,"18/11/27","19/01/31","DEERWHITETAILED"
"334","33_01_WF_0097.JPG","2018-12-18 10:56:44","WF",33,65,"18/11/27","19/01/31","DEERWHITETAILED"
"335","11_13_BC_000130.JPG","2018-12-18 13:22:43","BC",11,109,"18/11/15","19/03/04","SQUIRRELGRAY"
"336","25_09_SH_0075.JPG","2018-12-18 15:18:04","SH",25,90,"18/11/13","19/02/11","DEERWHITETAILED"
"337","23_03_SH_0058.JPG","2018-12-18 15:21:41","SH",23,89,"18/11/14","19/02/11","OTHERBIRD"
"338","33_01_WF_0100.JPG","2018-12-18 15:40:06","WF",33,65,"18/11/27","19/01/31","DEERWHITETAILED"
"339","14_22_DON_000028.JPG","2018-12-18 16:00:23","DON",14,74,"18/12/13","19/02/25","DEERWHITETAILED"
"340","22_18_WF_0085.JPG","2018-12-18 18:55:15","WF",22,65,"18/11/27","19/01/31","COYOTE"
"341","22_18_WF_0088.JPG","2018-12-18 21:30:45","WF",22,65,"18/11/27","19/01/31","DEERWHITETAILED"
"342","14_22_DON_000031.JPG","2018-12-18 23:06:02","DON",14,74,"18/12/13","19/02/25","DEERWHITETAILED"
"343","15_14_DEG_000055.JPG","2018-12-18 23:07:04","DEG",15,73,"18/11/26","19/02/07","DEERWHITETAILED"
"344","14_22_DON_000034.JPG","2018-12-19 06:20:30","DON",14,74,"18/12/13","19/02/25","DEERWHITETAILED"
"345","15_14_DEG_000058.JPG","2018-12-19 07:13:42","DEG",15,73,"18/11/26","19/02/07","DEERWHITETAILED"
"346","15_14_DEG_000061.JPG","2018-12-19 07:38:00","DEG",15,73,"18/11/26","19/02/07","DEERWHITETAILED"
"347","15_14_DEG_000064.JPG","2018-12-19 07:39:38","DEG",15,73,"18/11/26","19/02/07","DEERWHITETAILED"
"348","15_14_DEG_000067.JPG","2018-12-19 07:41:30","DEG",15,73,"18/11/26","19/02/07","DEERWHITETAILED"
"349","14_22_DON_000037.JPG","2018-12-19 07:58:55","DON",14,74,"18/12/13","19/02/25","DEERWHITETAILED"
"350","14_22_DON_000040.JPG","2018-12-19 08:04:18","DON",14,74,"18/12/13","19/02/25","DEERWHITETAILED"
"351","15_14_DEG_000070.JPG","2018-12-19 08:35:33","DEG",15,73,"18/11/26","19/02/07","NOTHINGHERE"
"352","14_22_DON_000043.JPG","2018-12-19 15:06:02","DON",14,74,"18/12/13","19/02/25","NOTHINGHERE"
"353","15_14_DEG_000073.JPG","2018-12-19 20:46:11","DEG",15,73,"18/11/26","19/02/07","DEERWHITETAILED"
"354","15_14_DEG_000076.JPG","2018-12-19 20:47:49","DEG",15,73,"18/11/26","19/02/07","DEERWHITETAILED"
"355","21_21_DON_0009.JPG","2018-12-20 00:44:07","DON",21,94,"18/11/26","19/02/28","SOMETHINGHERE"
"356","15_14_DEG_000079.JPG","2018-12-20 01:12:40","DEG",15,73,"18/11/26","19/02/07","DEERWHITETAILED"
"357","15_14_DEG_000082.JPG","2018-12-20 02:10:24","DEG",15,73,"18/11/26","19/02/07","DEERWHITETAILED"
"358","22_18_WF_0091.JPG","2018-12-20 08:43:20","WF",22,65,"18/11/27","19/01/31","DEERWHITETAILED"
"359","15_14_DEG_000085.JPG","2018-12-20 09:17:43","DEG",15,73,"18/11/26","19/02/07","DEERWHITETAILED"
"360","14_22_DON_000046.JPG","2018-12-20 09:38:33","DON",14,74,"18/12/13","19/02/25","DEERWHITETAILED"
"361","33_01_WF_0103.JPG","2018-12-20 10:27:26","WF",33,65,"18/11/27","19/01/31","DEERWHITETAILED"
"362","11_13_BC_000133.JPG","2018-12-20 13:00:47","BC",11,109,"18/11/15","19/03/04","SQUIRRELGRAY"
"363","15_14_DEG_000088.JPG","2018-12-20 15:43:52","DEG",15,73,"18/11/26","19/02/07","DEERWHITETAILED"
"364","15_14_DEG_000091.JPG","2018-12-20 15:45:33","DEG",15,73,"18/11/26","19/02/07","DEERWHITETAILED"
"365","11_13_BC_000136.JPG","2018-12-20 19:10:14","BC",11,109,"18/11/15","19/03/04","NOTHINGHERE"
"366","29_19_DEG_0094.JPG","2018-12-20 20:04:00","DEG",29,73,"18/11/26","19/02/07","DEERWHITETAILED"
"367","29_19_DEG_0097.JPG","2018-12-20 20:21:00","DEG",29,73,"18/11/26","19/02/07","DEERWHITETAILED"
"368","18_16_WHIP_000016.JPG","2018-12-21 00:44:10","WHIP",18,49,"18/12/06","19/01/24","DEERWHITETAILED"
"369","18_16_WHIP_000019.JPG","2018-12-21 00:50:10","WHIP",18,49,"18/12/06","19/01/24","DEERWHITETAILED"
"370","15_14_DEG_000094.JPG","2018-12-21 01:20:56","DEG",15,73,"18/11/26","19/02/07","DEERWHITETAILED"
"371","29_19_DEG_0103.JPG","2018-12-21 01:46:58","DEG",29,73,"18/11/26","19/02/07","DEERWHITETAILED"
"372","21_21_DON_0012.JPG","2018-12-21 06:39:57","DON",21,94,"18/11/26","19/02/28","NOTHINGHERE"
"373","21_21_DON_0015.JPG","2018-12-21 06:55:11","DON",21,94,"18/11/26","19/02/28","NOTHINGHERE"
"374","29_19_DEG_0106.JPG","2018-12-21 07:05:46","DEG",29,73,"18/11/26","19/02/07","DEERWHITETAILED"
"375","22_18_WF_0094.JPG","2018-12-21 09:30:57","WF",22,65,"18/11/27","19/01/31","DEERWHITETAILED"
"376","22_18_WF_0097.JPG","2018-12-21 09:53:46","WF",22,65,"18/11/27","19/01/31","DEERWHITETAILED"
"377","22_18_WF_0100.JPG","2018-12-21 09:54:56","WF",22,65,"18/11/27","19/01/31","DEERWHITETAILED"
"378","22_18_WF_0103.JPG","2018-12-21 10:00:51","WF",22,65,"18/11/27","19/01/31","DEERWHITETAILED"
"379","14_22_DON_000049.JPG","2018-12-21 11:37:33","DON",14,74,"18/12/13","19/02/25","DEERWHITETAILED"
"380","11_13_BC_000139.JPG","2018-12-21 16:58:36","BC",11,109,"18/11/15","19/03/04","TURKEY"
"381","14_22_DON_000052.JPG","2018-12-21 18:25:20","DON",14,74,"18/12/13","19/02/25","DEERWHITETAILED"
"382","22_18_WF_0106.JPG","2018-12-21 21:08:07","WF",22,65,"18/11/27","19/01/31","NOTHINGHERE"
"383","22_18_WF_0109.JPG","2018-12-22 02:33:18","WF",22,65,"18/11/27","19/01/31","DEERWHITETAILED"
"384","11_13_BC_000142.JPG","2018-12-22 07:20:28","BC",11,109,"18/11/15","19/03/04","TURKEY"
"385","29_19_DEG_0112.JPG","2018-12-22 08:21:51","DEG",29,73,"18/11/26","19/02/07","DEERWHITETAILED"
"386","17_24_BC_000160.JPG","2018-12-22 09:22:41","BC",17,109,"18/11/15","19/03/04","SQUIRRELGRAY"
"387","17_24_BC_000163.JPG","2018-12-22 09:28:14","BC",17,109,"18/11/15","19/03/04","SQUIRRELGRAY"
"388","29_19_DEG_0115.JPG","2018-12-22 15:02:50","DEG",29,73,"18/11/26","19/02/07","DEERWHITETAILED"
"389","04_26_WF_000028.JPG","2018-12-22 15:25:34","WF",4,65,"18/11/27","19/01/31","DEERWHITETAILED"
"390","15_14_DEG_000097.JPG","2018-12-22 15:54:54","DEG",15,73,"18/11/26","19/02/07","DEERWHITETAILED"
"391","15_14_DEG_000100.JPG","2018-12-22 15:56:31","DEG",15,73,"18/11/26","19/02/07","DEERWHITETAILED"
"392","29_19_DEG_0118.JPG","2018-12-22 16:04:11","DEG",29,73,"18/11/26","19/02/07","DEERWHITETAILED"
"393","29_19_DEG_0121.JPG","2018-12-22 16:05:17","DEG",29,73,"18/11/26","19/02/07","DEERWHITETAILED"
"394","29_19_DEG_0127.JPG","2018-12-22 16:07:28","DEG",29,73,"18/11/26","19/02/07","DEERWHITETAILED"
"395","29_19_DEG_0130.JPG","2018-12-22 16:08:33","DEG",29,73,"18/11/26","19/02/07","DEERWHITETAILED"
"396","29_19_DEG_0133.JPG","2018-12-22 16:09:40","DEG",29,73,"18/11/26","19/02/07","DEERWHITETAILED"
"397","29_19_DEG_0136.JPG","2018-12-22 17:47:05","DEG",29,73,"18/11/26","19/02/07","NOTHINGHERE"
"398","15_14_DEG_000103.JPG","2018-12-23 07:32:07","DEG",15,73,"18/11/26","19/02/07","DEERWHITETAILED"
"399","29_19_DEG_0139.JPG","2018-12-23 07:33:26","DEG",29,73,"18/11/26","19/02/07","DEERWHITETAILED"
"400","29_19_DEG_0142.JPG","2018-12-23 07:59:14","DEG",29,73,"18/11/26","19/02/07","DEERWHITETAILED"
"401","29_19_DEG_0145.JPG","2018-12-23 08:00:19","DEG",29,73,"18/11/26","19/02/07","DEERWHITETAILED"
"402","29_19_DEG_0148.JPG","2018-12-23 08:51:28","DEG",29,73,"18/11/26","19/02/07","NOTHINGHERE"
"403","17_24_BC_000166.JPG","2018-12-23 09:47:11","BC",17,109,"18/11/15","19/03/04","NOTHINGHERE"
"404","17_24_BC_000169.JPG","2018-12-23 09:49:21","BC",17,109,"18/11/15","19/03/04","DEERWHITETAILED"
"405","17_24_BC_000172.JPG","2018-12-23 09:51:35","BC",17,109,"18/11/15","19/03/04","DEERWHITETAILED"
"406","33_01_WF_0106.JPG","2018-12-23 13:25:52","WF",33,65,"18/11/27","19/01/31","DEERWHITETAILED"
"407","18_16_WHIP_000022.JPG","2018-12-23 15:57:01","WHIP",18,49,"18/12/06","19/01/24","DEERWHITETAILED"
"408","32_17_WHIP_0028.JPG","2018-12-23 18:11:29","WHIP",32,49,"18/12/06","19/01/24","FISHER"
"409","29_19_DEG_0151.JPG","2018-12-23 21:14:10","DEG",29,73,"18/11/26","19/02/07","DEERWHITETAILED"
"410","15_14_DEG_000106.JPG","2018-12-23 21:18:14","DEG",15,73,"18/11/26","19/02/07","COYOTE"
"411","29_19_DEG_0160.JPG","2018-12-23 21:21:18","DEG",29,73,"18/11/26","19/02/07","DEERWHITETAILED"
"412","29_19_DEG_0163.JPG","2018-12-23 21:22:26","DEG",29,73,"18/11/26","19/02/07","DEERWHITETAILED"
"413","29_19_DEG_0166.JPG","2018-12-23 21:47:19","DEG",29,73,"18/11/26","19/02/07","DEERWHITETAILED"
"414","22_18_WF_0112.JPG","2018-12-24 02:32:01","WF",22,65,"18/11/27","19/01/31","FISHER"
"415","14_22_DON_000055.JPG","2018-12-24 04:00:16","DON",14,74,"18/12/13","19/02/25","DEERWHITETAILED"
"416","22_18_WF_0115.JPG","2018-12-24 04:57:50","WF",22,65,"18/11/27","19/01/31","FISHER"
"417","23_03_SH_0061.JPG","2018-12-24 13:53:07","SH",23,89,"18/11/14","19/02/11","DEERWHITETAILED"
"418","23_03_SH_0064.JPG","2018-12-24 13:54:50","SH",23,89,"18/11/14","19/02/11","DEERWHITETAILED"
"419","11_13_BC_000145.JPG","2018-12-24 14:41:24","BC",11,109,"18/11/15","19/03/04","BOBCAT"
"420","29_19_DEG_0169.JPG","2018-12-24 20:37:47","DEG",29,73,"18/11/26","19/02/07","DEERWHITETAILED"
"421","29_19_DEG_0172.JPG","2018-12-24 21:12:58","DEG",29,73,"18/11/26","19/02/07","DEERWHITETAILED"
"422","29_19_DEG_0175.JPG","2018-12-24 21:14:08","DEG",29,73,"18/11/26","19/02/07","DEERWHITETAILED"
"423","29_19_DEG_0178.JPG","2018-12-24 21:37:12","DEG",29,73,"18/11/26","19/02/07","DEERWHITETAILED"
"424","29_19_DEG_0181.JPG","2018-12-24 21:38:27","DEG",29,73,"18/11/26","19/02/07","DEERWHITETAILED"
"425","29_19_DEG_0184.JPG","2018-12-25 05:19:29","DEG",29,73,"18/11/26","19/02/07","SOMETHINGHERE"
"426","17_24_BC_000175.JPG","2018-12-25 08:32:10","BC",17,109,"18/11/15","19/03/04","DEERWHITETAILED"
"427","15_14_DEG_000109.JPG","2018-12-25 09:34:17","DEG",15,73,"18/11/26","19/02/07","DEERWHITETAILED"
"428","15_14_DEG_000112.JPG","2018-12-25 09:37:20","DEG",15,73,"18/11/26","19/02/07","DEERWHITETAILED"
"429","23_03_SH_0067.JPG","2018-12-25 11:40:10","SH",23,89,"18/11/14","19/02/11","DEERWHITETAILED"
"430","23_03_SH_0070.JPG","2018-12-25 11:41:56","SH",23,89,"18/11/14","19/02/11","DEERWHITETAILED"
"431","17_24_BC_000178.JPG","2018-12-25 12:20:31","BC",17,109,"18/11/15","19/03/04","DEERWHITETAILED"
"432","22_18_WF_0118.JPG","2018-12-25 12:23:11","WF",22,65,"18/11/27","19/01/31","DEERWHITETAILED"
"433","18_16_WHIP_000025.JPG","2018-12-25 13:42:11","WHIP",18,49,"18/12/06","19/01/24","DEERWHITETAILED"
"434","29_19_DEG_0187.JPG","2018-12-25 15:05:31","DEG",29,73,"18/11/26","19/02/07","DEERWHITETAILED"
"435","22_18_WF_0121.JPG","2018-12-25 15:38:35","WF",22,65,"18/11/27","19/01/31","DEERWHITETAILED"
"436","29_19_DEG_0190.JPG","2018-12-25 15:50:43","DEG",29,73,"18/11/26","19/02/07","DEERWHITETAILED"
"437","29_19_DEG_0193.JPG","2018-12-25 15:56:11","DEG",29,73,"18/11/26","19/02/07","DEERWHITETAILED"
"438","29_19_DEG_0196.JPG","2018-12-25 15:59:15","DEG",29,73,"18/11/26","19/02/07","DEERWHITETAILED"
"439","29_19_DEG_0199.JPG","2018-12-25 16:01:48","DEG",29,73,"18/11/26","19/02/07","DEERWHITETAILED"
"440","33_01_WF_0109.JPG","2018-12-25 17:53:47","WF",33,65,"18/11/27","19/01/31","NOTHINGHERE"
"441","15_14_DEG_000118.JPG","2018-12-25 21:35:06","DEG",15,73,"18/11/26","19/02/07","DEERWHITETAILED"
"442","15_14_DEG_000121.JPG","2018-12-25 21:41:08","DEG",15,73,"18/11/26","19/02/07","DEERWHITETAILED"
"443","17_24_BC_000181.JPG","2018-12-25 23:23:06","BC",17,109,"18/11/15","19/03/04","DEERWHITETAILED"
"444","31_06_WHIP_0028.JPG","2018-12-25 23:38:32","WHIP",31,49,"18/12/06","19/01/24","SOMETHINGHERE"
"445","21_21_DON_0018.JPG","2018-12-25 23:41:45","DON",21,94,"18/11/26","19/02/28","NOTHINGHERE"
"446","15_14_DEG_000124.JPG","2018-12-26 06:53:40","DEG",15,73,"18/11/26","19/02/07","DEERWHITETAILED"
"447","22_18_WF_0124.JPG","2018-12-26 08:29:30","WF",22,65,"18/11/27","19/01/31","COYOTE"
"448","17_24_BC_000184.JPG","2018-12-26 08:54:31","BC",17,109,"18/11/15","19/03/04","DEERWHITETAILED"
"449","15_14_DEG_000127.JPG","2018-12-26 15:56:25","DEG",15,73,"18/11/26","19/02/07","TURKEY"
"450","18_16_WHIP_000028.JPG","2018-12-26 16:41:26","WHIP",18,49,"18/12/06","19/01/24","DEERWHITETAILED"
"451","04_26_WF_000031.JPG","2018-12-26 17:45:12","WF",4,65,"18/11/27","19/01/31","SOMETHINGHERE"
"452","14_22_DON_000058.JPG","2018-12-26 19:28:02","DON",14,74,"18/12/13","19/02/25","DEERWHITETAILED"
"453","22_18_WF_0127.JPG","2018-12-27 03:46:27","WF",22,65,"18/11/27","19/01/31","DEERWHITETAILED"
"454","04_26_WF_000034.JPG","2018-12-27 08:14:02","WF",4,65,"18/11/27","19/01/31","DEERWHITETAILED"
"455","04_26_WF_000037.JPG","2018-12-27 13:20:32","WF",4,65,"18/11/27","19/01/31","DOMESTICDOG"
"456","14_22_DON_000061.JPG","2018-12-27 16:28:24","DON",14,74,"18/12/13","19/02/25","DEERWHITETAILED"
"457","23_03_SH_0073.JPG","2018-12-27 17:49:29","SH",23,89,"18/11/14","19/02/11","NOTHINGHERE"
"458","18_16_WHIP_000031.JPG","2018-12-27 19:42:43","WHIP",18,49,"18/12/06","19/01/24","DEERWHITETAILED"
"459","18_16_WHIP_000034.JPG","2018-12-27 19:45:12","WHIP",18,49,"18/12/06","19/01/24","DEERWHITETAILED"
"460","14_22_DON_000064.JPG","2018-12-27 21:00:41","DON",14,74,"18/12/13","19/02/25","SOMETHINGHERE"
"461","29_19_DEG_0202.JPG","2018-12-28 05:17:43","DEG",29,73,"18/11/26","19/02/07","DEERWHITETAILED"
"462","29_19_DEG_0205.JPG","2018-12-28 05:40:13","DEG",29,73,"18/11/26","19/02/07","DEERWHITETAILED"
"463","29_19_DEG_0208.JPG","2018-12-28 06:02:43","DEG",29,73,"18/11/26","19/02/07","DEERWHITETAILED"
"464","29_19_DEG_0211.JPG","2018-12-28 06:03:49","DEG",29,73,"18/11/26","19/02/07","DEERWHITETAILED"
"465","29_19_DEG_0214.JPG","2018-12-28 10:20:05","DEG",29,73,"18/11/26","19/02/07","DEERWHITETAILED"
"466","25_09_SH_0078.JPG","2018-12-28 11:37:04","SH",25,90,"18/11/13","19/02/11","SQUIRRELGRAY"
"467","25_09_SH_0081.JPG","2018-12-28 14:20:17","SH",25,90,"18/11/13","19/02/11","NOTHINGHERE"
"468","29_19_DEG_0217.JPG","2018-12-28 19:14:42","DEG",29,73,"18/11/26","19/02/07","PORCUPINE"
"469","32_17_WHIP_0031.JPG","2018-12-29 05:51:42","WHIP",32,49,"18/12/06","19/01/24","NOTHINGHERE"
"470","23_03_SH_0076.JPG","2018-12-29 09:38:22","SH",23,89,"18/11/14","19/02/11","NOTHINGHERE"
"471","17_24_BC_000187.JPG","2018-12-29 10:10:03","BC",17,109,"18/11/15","19/03/04","DEERWHITETAILED"
"472","15_14_DEG_000130.JPG","2018-12-29 13:11:22","DEG",15,73,"18/11/26","19/02/07","SOMETHINGHERE"
"473","29_19_DEG_0220.JPG","2018-12-29 14:24:54","DEG",29,73,"18/11/26","19/02/07","DEERWHITETAILED"
"474","04_26_WF_000040.JPG","2018-12-29 14:54:18","WF",4,65,"18/11/27","19/01/31","COYOTE"
"475","32_17_WHIP_0034.JPG","2018-12-29 17:17:14","WHIP",32,49,"18/12/06","19/01/24","DEERWHITETAILED"
"476","22_18_WF_0130.JPG","2018-12-29 20:07:20","WF",22,65,"18/11/27","19/01/31","DEERWHITETAILED"
"477","31_06_WHIP_0031.JPG","2018-12-30 01:06:56","WHIP",31,49,"18/12/06","19/01/24","DEERWHITETAILED"
"478","23_03_SH_0079.JPG","2018-12-30 01:45:24","SH",23,89,"18/11/14","19/02/11","DEERWHITETAILED"
"479","31_06_WHIP_0034.JPG","2018-12-30 08:32:17","WHIP",31,49,"18/12/06","19/01/24","DEERWHITETAILED"
"480","18_16_WHIP_000037.JPG","2018-12-30 08:53:31","WHIP",18,49,"18/12/06","19/01/24","DEERWHITETAILED"
"481","33_01_WF_0112.JPG","2018-12-30 09:44:08","WF",33,65,"18/11/27","19/01/31","DEERWHITETAILED"
"482","17_24_BC_000190.JPG","2018-12-30 10:24:05","BC",17,109,"18/11/15","19/03/04","NOTHINGHERE"
"483","33_01_WF_0115.JPG","2018-12-30 11:49:40","WF",33,65,"18/11/27","19/01/31","DEERWHITETAILED"
"484","11_13_BC_000148.JPG","2018-12-30 18:12:08","BC",11,109,"18/11/15","19/03/04","PORCUPINE"
"485","11_13_BC_000151.JPG","2018-12-30 18:23:18","BC",11,109,"18/11/15","19/03/04","PORCUPINE"
"486","18_16_WHIP_000040.JPG","2018-12-31 01:16:34","WHIP",18,49,"18/12/06","19/01/24","FISHER"
"487","29_19_DEG_0223.JPG","2018-12-31 03:05:23","DEG",29,73,"18/11/26","19/02/07","DEERWHITETAILED"
"488","31_06_WHIP_0037.JPG","2018-12-31 05:41:37","WHIP",31,49,"18/12/06","19/01/24","SOMETHINGHERE"
"489","29_19_DEG_0226.JPG","2018-12-31 06:46:59","DEG",29,73,"18/11/26","19/02/07","DEERWHITETAILED"
"490","17_24_BC_000193.JPG","2018-12-31 07:02:19","BC",17,109,"18/11/15","19/03/04","DEERWHITETAILED"
"491","17_24_BC_000196.JPG","2018-12-31 07:05:14","BC",17,109,"18/11/15","19/03/04","NOTHINGHERE"
"492","14_22_DON_000067.JPG","2018-12-31 08:12:20","DON",14,74,"18/12/13","19/02/25","DEERWHITETAILED"
"493","33_01_WF_0121.JPG","2018-12-31 08:35:38","WF",33,65,"18/11/27","19/01/31","DEERWHITETAILED"
"494","33_01_WF_0124.JPG","2018-12-31 08:41:55","WF",33,65,"18/11/27","19/01/31","DEERWHITETAILED"
"495","33_01_WF_0127.JPG","2018-12-31 09:08:46","WF",33,65,"18/11/27","19/01/31","FISHER"
"496","22_18_WF_0133.JPG","2018-12-31 09:59:50","WF",22,65,"18/11/27","19/01/31","NOTHINGHERE"
"497","04_26_WF_000043.JPG","2018-12-31 11:45:12","WF",4,65,"18/11/27","19/01/31","HUMAN"
"498","11_13_BC_000154.JPG","2018-12-31 13:27:37","BC",11,109,"18/11/15","19/03/04","SQUIRRELGRAY"
"499","33_01_WF_0130.JPG","2018-12-31 16:40:22","WF",33,65,"18/11/27","19/01/31","DEERWHITETAILED"
"500","22_18_WF_0136.JPG","2018-12-31 16:43:02","WF",22,65,"18/11/27","19/01/31","DEERWHITETAILED"
"501","22_18_WF_0139.JPG","2018-12-31 16:44:07","WF",22,65,"18/11/27","19/01/31","DEERWHITETAILED"
"502","22_18_WF_0142.JPG","2018-12-31 16:45:15","WF",22,65,"18/11/27","19/01/31","NOTHINGHERE"
"503","14_22_DON_000070.JPG","2018-12-31 16:53:41","DON",14,74,"18/12/13","19/02/25","RACCOON"
"504","32_17_WHIP_0037.JPG","2018-12-31 16:58:30","WHIP",32,49,"18/12/06","19/01/24","DEERWHITETAILED"
"505","32_17_WHIP_0040.JPG","2018-12-31 17:02:25","WHIP",32,49,"18/12/06","19/01/24","DEERWHITETAILED"
"506","29_19_DEG_0229.JPG","2018-12-31 17:35:53","DEG",29,73,"18/11/26","19/02/07","DEERWHITETAILED"
"507","23_03_SH_0082.JPG","2018-12-31 19:31:34","SH",23,89,"18/11/14","19/02/11","OTHERSMALLMAMMAL"
"508","11_13_BC_000157.JPG","2018-12-31 20:51:59","BC",11,109,"18/11/15","19/03/04","NOTHINGHERE"
"509","31_06_WHIP_0040.JPG","2018-12-31 21:24:26","WHIP",31,49,"18/12/06","19/01/24","SOMETHINGHERE"
"510","21_21_DON_0021.JPG","2019-01-01 04:25:15","DON",21,94,"18/11/26","19/02/28","NOTHINGHERE"
"511","33_01_WF_0133.JPG","2019-01-01 07:21:47","WF",33,65,"18/11/27","19/01/31","SOMETHINGHERE"
"512","33_01_WF_0136.JPG","2019-01-01 07:23:05","WF",33,65,"18/11/27","19/01/31","DEERWHITETAILED"
"513","33_01_WF_0139.JPG","2019-01-01 07:26:52","WF",33,65,"18/11/27","19/01/31","DEERWHITETAILED"
"514","22_18_WF_0145.JPG","2019-01-01 07:56:46","WF",22,65,"18/11/27","19/01/31","DEERWHITETAILED"
"515","17_24_BC_000199.JPG","2019-01-01 08:06:06","BC",17,109,"18/11/15","19/03/04","SOMETHINGHERE"
"516","17_24_BC_000202.JPG","2019-01-01 09:47:37","BC",17,109,"18/11/15","19/03/04","NOTHINGHERE"
"517","17_24_BC_000205.JPG","2019-01-01 10:52:04","BC",17,109,"18/11/15","19/03/04","RACCOON"
"518","33_01_WF_0145.JPG","2019-01-01 11:11:51","WF",33,65,"18/11/27","19/01/31","DEERWHITETAILED"
"519","33_01_WF_0148.JPG","2019-01-01 11:14:26","WF",33,65,"18/11/27","19/01/31","DEERWHITETAILED"
"520","32_17_WHIP_0043.JPG","2019-01-01 11:19:42","WHIP",32,49,"18/12/06","19/01/24","SQUIRRELGRAY"
"521","18_16_WHIP_000043.JPG","2019-01-01 17:22:15","WHIP",18,49,"18/12/06","19/01/24","RACCOON"
"522","22_18_WF_0148.JPG","2019-01-01 17:23:20","WF",22,65,"18/11/27","19/01/31","DEERWHITETAILED"
"523","29_19_DEG_0232.JPG","2019-01-01 22:22:49","DEG",29,73,"18/11/26","19/02/07","DEERWHITETAILED"
"524","11_13_BC_000160.JPG","2019-01-02 10:08:39","BC",11,109,"18/11/15","19/03/04","NOTHINGHERE"
"525","17_24_BC_000208.JPG","2019-01-02 11:26:13","BC",17,109,"18/11/15","19/03/04","NOTHINGHERE"
"526","33_01_WF_0154.JPG","2019-01-02 11:46:04","WF",33,65,"18/11/27","19/01/31","DEERWHITETAILED"
"527","33_01_WF_0157.JPG","2019-01-02 11:47:20","WF",33,65,"18/11/27","19/01/31","DEERWHITETAILED"
"528","33_01_WF_0160.JPG","2019-01-02 13:15:36","WF",33,65,"18/11/27","19/01/31","DEERWHITETAILED"
"529","33_01_WF_0163.JPG","2019-01-02 13:35:01","WF",33,65,"18/11/27","19/01/31","DEERWHITETAILED"
"530","33_01_WF_0166.JPG","2019-01-02 14:18:10","WF",33,65,"18/11/27","19/01/31","DEERWHITETAILED"
"531","17_24_BC_000211.JPG","2019-01-02 16:18:21","BC",17,109,"18/11/15","19/03/04","RACCOON"
"532","22_18_WF_0151.JPG","2019-01-03 01:05:07","WF",22,65,"18/11/27","19/01/31","DEERWHITETAILED"
"533","23_03_SH_0085.JPG","2019-01-03 05:42:22","SH",23,89,"18/11/14","19/02/11","NOTHINGHERE"
"534","29_19_DEG_0235.JPG","2019-01-04 02:54:25","DEG",29,73,"18/11/26","19/02/07","DEERWHITETAILED"
"535","17_24_BC_000214.JPG","2019-01-04 08:03:30","BC",17,109,"18/11/15","19/03/04","SQUIRRELGRAY"
"536","29_19_DEG_0238.JPG","2019-01-04 12:11:31","DEG",29,73,"18/11/26","19/02/07","DEERWHITETAILED"
"537","22_18_WF_0154.JPG","2019-01-04 13:15:25","WF",22,65,"18/11/27","19/01/31","DEERWHITETAILED"
"538","29_19_DEG_0241.JPG","2019-01-04 15:31:40","DEG",29,73,"18/11/26","19/02/07","DEERWHITETAILED"
"539","29_19_DEG_0244.JPG","2019-01-04 15:42:04","DEG",29,73,"18/11/26","19/02/07","DEERWHITETAILED"
"540","28_15_DEG_0011.JPG","2019-01-04 17:31:17","DEG",28,73,"18/11/26","19/02/07","NOTHINGHERE"
"541","31_06_WHIP_0043.JPG","2019-01-04 19:06:27","WHIP",31,49,"18/12/06","19/01/24","NOTHINGHERE"
"542","18_16_WHIP_000046.JPG","2019-01-04 23:32:35","WHIP",18,49,"18/12/06","19/01/24","DEERWHITETAILED"
"543","18_16_WHIP_000049.JPG","2019-01-04 23:35:00","WHIP",18,49,"18/12/06","19/01/24","DEERWHITETAILED"
"544","18_16_WHIP_000052.JPG","2019-01-04 23:36:37","WHIP",18,49,"18/12/06","19/01/24","DEERWHITETAILED"
"545","29_19_DEG_0247.JPG","2019-01-05 03:03:20","DEG",29,73,"18/11/26","19/02/07","DEERWHITETAILED"
"546","29_19_DEG_0250.JPG","2019-01-05 07:02:46","DEG",29,73,"18/11/26","19/02/07","NOTHINGHERE"
"547","32_17_WHIP_0046.JPG","2019-01-05 07:13:30","WHIP",32,49,"18/12/06","19/01/24","DEERWHITETAILED"
"548","32_17_WHIP_0049.JPG","2019-01-05 07:14:35","WHIP",32,49,"18/12/06","19/01/24","DEERWHITETAILED"
"549","04_26_WF_000046.JPG","2019-01-05 07:26:42","WF",4,65,"18/11/27","19/01/31","COYOTE"
"550","17_24_BC_000217.JPG","2019-01-05 08:17:01","BC",17,109,"18/11/15","19/03/04","DEERWHITETAILED"
"551","17_24_BC_000220.JPG","2019-01-05 09:21:16","BC",17,109,"18/11/15","19/03/04","DEERWHITETAILED"
"552","32_17_WHIP_0052.JPG","2019-01-05 11:21:04","WHIP",32,49,"18/12/06","19/01/24","DEERWHITETAILED"
"553","15_14_DEG_000133.JPG","2019-01-05 12:05:39","DEG",15,73,"18/11/26","19/02/07","DEERWHITETAILED"
"554","17_24_BC_000223.JPG","2019-01-05 12:20:07","BC",17,109,"18/11/15","19/03/04","SQUIRRELGRAY"
"555","22_18_WF_0157.JPG","2019-01-05 12:22:50","WF",22,65,"18/11/27","19/01/31","DEERWHITETAILED"
"556","22_18_WF_0160.JPG","2019-01-05 12:31:50","WF",22,65,"18/11/27","19/01/31","DEERWHITETAILED"
"557","33_01_WF_0169.JPG","2019-01-05 13:02:52","WF",33,65,"18/11/27","19/01/31","DEERWHITETAILED"
"558","11_13_BC_000163.JPG","2019-01-05 18:25:33","BC",11,109,"18/11/15","19/03/04","PORCUPINE"
"559","31_06_WHIP_0046.JPG","2019-01-05 23:13:28","WHIP",31,49,"18/12/06","19/01/24","DEERWHITETAILED"
"560","31_06_WHIP_0049.JPG","2019-01-06 02:00:47","WHIP",31,49,"18/12/06","19/01/24","NOTHINGHERE"
"561","31_06_WHIP_0052.JPG","2019-01-06 03:52:29","WHIP",31,49,"18/12/06","19/01/24","NOTHINGHERE"
"562","29_19_DEG_0253.JPG","2019-01-06 07:17:43","DEG",29,73,"18/11/26","19/02/07","DEERWHITETAILED"
"563","17_24_BC_000226.JPG","2019-01-06 10:42:14","BC",17,109,"18/11/15","19/03/04","DEERWHITETAILED"
"564","17_24_BC_000229.JPG","2019-01-06 10:43:51","BC",17,109,"18/11/15","19/03/04","NOTHINGHERE"
"565","17_24_BC_000232.JPG","2019-01-06 21:19:08","BC",17,109,"18/11/15","19/03/04","DEERWHITETAILED"
"566","11_13_BC_000166.JPG","2019-01-07 01:32:11","BC",11,109,"18/11/15","19/03/04","OTHERSMALLMAMMAL"
"567","11_13_BC_000169.JPG","2019-01-07 02:21:08","BC",11,109,"18/11/15","19/03/04","WEASEL"
"568","22_18_WF_0163.JPG","2019-01-07 08:49:58","WF",22,65,"18/11/27","19/01/31","DEERWHITETAILED"
"569","22_18_WF_0166.JPG","2019-01-07 08:51:10","WF",22,65,"18/11/27","19/01/31","DEERWHITETAILED"
"570","22_18_WF_0169.JPG","2019-01-07 08:52:15","WF",22,65,"18/11/27","19/01/31","DEERWHITETAILED"
"571","22_18_WF_0172.JPG","2019-01-07 10:08:17","WF",22,65,"18/11/27","19/01/31","DEERWHITETAILED"
"572","22_18_WF_0178.JPG","2019-01-07 10:10:29","WF",22,65,"18/11/27","19/01/31","DEERWHITETAILED"
"573","32_17_WHIP_0055.JPG","2019-01-07 10:51:53","WHIP",32,49,"18/12/06","19/01/24","DEERWHITETAILED"
"574","32_17_WHIP_0058.JPG","2019-01-07 10:53:00","WHIP",32,49,"18/12/06","19/01/24","DEERWHITETAILED"
"575","22_18_WF_0181.JPG","2019-01-07 11:47:02","WF",22,65,"18/11/27","19/01/31","DEERWHITETAILED"
"576","18_16_WHIP_000055.JPG","2019-01-07 12:21:03","WHIP",18,49,"18/12/06","19/01/24","COYOTE"
"577","23_03_SH_0088.JPG","2019-01-07 17:16:43","SH",23,89,"18/11/14","19/02/11","DEERWHITETAILED"
"578","23_03_SH_0091.JPG","2019-01-07 17:20:26","SH",23,89,"18/11/14","19/02/11","DEERWHITETAILED"
"579","29_19_DEG_0256.JPG","2019-01-07 21:54:28","DEG",29,73,"18/11/26","19/02/07","NOTHINGHERE"
"580","14_22_DON_000073.JPG","2019-01-08 02:00:20","DON",14,74,"18/12/13","19/02/25","NOTHINGHERE"
"581","14_22_DON_000076.JPG","2019-01-08 02:43:38","DON",14,74,"18/12/13","19/02/25","NOTHINGHERE"
"582","29_19_DEG_0259.JPG","2019-01-08 03:13:27","DEG",29,73,"18/11/26","19/02/07","DEERWHITETAILED"
"583","29_19_DEG_0262.JPG","2019-01-08 07:36:12","DEG",29,73,"18/11/26","19/02/07","DEERWHITETAILED"
"584","23_03_SH_0094.JPG","2019-01-08 07:57:40","SH",23,89,"18/11/14","19/02/11","SQUIRRELGRAY"
"585","22_18_WF_0184.JPG","2019-01-08 08:28:44","WF",22,65,"18/11/27","19/01/31","DEERWHITETAILED"
"586","22_18_WF_0187.JPG","2019-01-08 13:16:45","WF",22,65,"18/11/27","19/01/31","DEERWHITETAILED"
"587","22_18_WF_0190.JPG","2019-01-08 13:17:51","WF",22,65,"18/11/27","19/01/31","DEERWHITETAILED"
"588","22_18_WF_0193.JPG","2019-01-08 13:18:55","WF",22,65,"18/11/27","19/01/31","DEERWHITETAILED"
"589","32_17_WHIP_0061.JPG","2019-01-08 16:35:31","WHIP",32,49,"18/12/06","19/01/24","DEERWHITETAILED"
"590","22_18_WF_0196.JPG","2019-01-08 19:31:48","WF",22,65,"18/11/27","19/01/31","NOTHINGHERE"
"591","29_19_DEG_0265.JPG","2019-01-09 06:45:25","DEG",29,73,"18/11/26","19/02/07","DEERWHITETAILED"
"592","29_19_DEG_0268.JPG","2019-01-09 06:46:30","DEG",29,73,"18/11/26","19/02/07","NOTHINGHERE"
"593","22_18_WF_0199.JPG","2019-01-09 07:54:24","WF",22,65,"18/11/27","19/01/31","DEERWHITETAILED"
"594","18_16_WHIP_000058.JPG","2019-01-09 19:15:44","WHIP",18,49,"18/12/06","19/01/24","DEERWHITETAILED"
"595","18_16_WHIP_000061.JPG","2019-01-09 21:42:50","WHIP",18,49,"18/12/06","19/01/24","DEERWHITETAILED"
"596","04_26_WF_000049.JPG","2019-01-10 06:33:08","WF",4,65,"18/11/27","19/01/31","NOTHINGHERE"
"597","21_21_DON_0024.JPG","2019-01-10 11:29:22","DON",21,94,"18/11/26","19/02/28","NOTHINGHERE"
"598","22_18_WF_0202.JPG","2019-01-11 08:57:55","WF",22,65,"18/11/27","19/01/31","DEERWHITETAILED"
"599","22_18_WF_0205.JPG","2019-01-11 09:00:18","WF",22,65,"18/11/27","19/01/31","DEERWHITETAILED"
"600","29_19_DEG_0271.JPG","2019-01-11 10:06:22","DEG",29,73,"18/11/26","19/02/07","DEERWHITETAILED"
"601","29_19_DEG_0274.JPG","2019-01-11 11:26:26","DEG",29,73,"18/11/26","19/02/07","DEERWHITETAILED"
"602","29_19_DEG_0277.JPG","2019-01-11 11:28:17","DEG",29,73,"18/11/26","19/02/07","DEERWHITETAILED"
"603","21_21_DON__0027.JPG","2019-01-11 12:29:51","DON",21,94,"18/11/26","19/02/28","NOTHINGHERE"
"604","29_19_DEG_0280.JPG","2019-01-11 14:53:33","DEG",29,73,"18/11/26","19/02/07","DEERWHITETAILED"
"605","22_18_WF_0208.JPG","2019-01-11 15:42:14","WF",22,65,"18/11/27","19/01/31","DEERWHITETAILED"
"606","29_19_DEG_0283.JPG","2019-01-11 18:38:39","DEG",29,73,"18/11/26","19/02/07","DEERWHITETAILED"
"607","29_19_DEG_0286.JPG","2019-01-11 21:21:58","DEG",29,73,"18/11/26","19/02/07","SOMETHINGHERE"
"608","15_14_DEG_000139.JPG","2019-01-12 08:25:29","DEG",15,73,"18/11/26","19/02/07","DEERWHITETAILED"
"609","22_18_WF_0211.JPG","2019-01-12 09:35:47","WF",22,65,"18/11/27","19/01/31","DEERWHITETAILED"
"610","22_18_WF_0214.JPG","2019-01-12 09:38:42","WF",22,65,"18/11/27","19/01/31","DEERWHITETAILED"
"611","22_18_WF_0217.JPG","2019-01-12 09:39:57","WF",22,65,"18/11/27","19/01/31","DEERWHITETAILED"
"612","22_18_WF_0220.JPG","2019-01-12 09:41:41","WF",22,65,"18/11/27","19/01/31","DEERWHITETAILED"
"613","29_19_DEG_0289.JPG","2019-01-12 09:57:22","DEG",29,73,"18/11/26","19/02/07","DEERWHITETAILED"
"614","29_19_DEG_0292.JPG","2019-01-12 09:58:35","DEG",29,73,"18/11/26","19/02/07","DEERWHITETAILED"
"615","29_19_DEG_0295.JPG","2019-01-12 10:00:53","DEG",29,73,"18/11/26","19/02/07","DEERWHITETAILED"
"616","22_18_WF_0223.JPG","2019-01-12 12:16:43","WF",22,65,"18/11/27","19/01/31","DEERWHITETAILED"
"617","14_22_DON_000079.JPG","2019-01-12 12:22:13","DON",14,74,"18/12/13","19/02/25","NOTHINGHERE"
"618","14_22_DON_000082.JPG","2019-01-12 12:24:27","DON",14,74,"18/12/13","19/02/25","NOTHINGHERE"
"619","29_19_DEG_0298.JPG","2019-01-12 14:42:34","DEG",29,73,"18/11/26","19/02/07","DEERWHITETAILED"
"620","23_03_SH_0097.JPG","2019-01-12 15:30:39","SH",23,89,"18/11/14","19/02/11","DEERWHITETAILED"
"621","22_18_WF_0226.JPG","2019-01-12 15:46:25","WF",22,65,"18/11/27","19/01/31","DEERWHITETAILED"
"622","22_18_WF_0229.JPG","2019-01-12 15:47:52","WF",22,65,"18/11/27","19/01/31","DEERWHITETAILED"
"623","22_18_WF_0232.JPG","2019-01-12 15:48:58","WF",22,65,"18/11/27","19/01/31","DEERWHITETAILED"
"624","29_19_DEG_0301.JPG","2019-01-12 16:22:23","DEG",29,73,"18/11/26","19/02/07","DEERWHITETAILED"
"625","14_22_DON_000085.JPG","2019-01-12 17:20:09","DON",14,74,"18/12/13","19/02/25","COYOTE"
"626","29_19_DEG_0304.JPG","2019-01-12 23:37:27","DEG",29,73,"18/11/26","19/02/07","SOMETHINGHERE"
"627","11_13_BC_000172.JPG","2019-01-13 09:26:33","BC",11,109,"18/11/15","19/03/04","SQUIRRELGRAY"
"628","11_13_BC_000175.JPG","2019-01-13 09:33:20","BC",11,109,"18/11/15","19/03/04","SQUIRRELGRAY"
"629","29_19_DEG_0307.JPG","2019-01-13 10:16:10","DEG",29,73,"18/11/26","19/02/07","DEERWHITETAILED"
"630","29_19_DEG_0310.JPG","2019-01-13 10:26:18","DEG",29,73,"18/11/26","19/02/07","DEERWHITETAILED"
"631","29_19_DEG_0313.JPG","2019-01-13 11:18:58","DEG",29,73,"18/11/26","19/02/07","DEERWHITETAILED"
"632","29_19_DEG_0316.JPG","2019-01-13 11:21:24","DEG",29,73,"18/11/26","19/02/07","DEERWHITETAILED"
"633","29_19_DEG_0319.JPG","2019-01-13 11:35:00","DEG",29,73,"18/11/26","19/02/07","DEERWHITETAILED"
"634","29_19_DEG_0322.JPG","2019-01-13 16:09:36","DEG",29,73,"18/11/26","19/02/07","DEERWHITETAILED"
"635","22_18_WF_0235.JPG","2019-01-13 16:14:00","WF",22,65,"18/11/27","19/01/31","DEERWHITETAILED"
"636","14_22_DON_000088.JPG","2019-01-13 16:20:33","DON",14,74,"18/12/13","19/02/25","DEERWHITETAILED"
"637","22_18_WF_0238.JPG","2019-01-13 16:49:30","WF",22,65,"18/11/27","19/01/31","DEERWHITETAILED"
"638","29_19_DEG_0325.JPG","2019-01-14 02:55:18","DEG",29,73,"18/11/26","19/02/07","NOTHINGHERE"
"639","17_24_BC_000235.JPG","2019-01-14 07:39:06","BC",17,109,"18/11/15","19/03/04","SOMETHINGHERE"
"640","29_19_DEG_0328.JPG","2019-01-14 10:02:42","DEG",29,73,"18/11/26","19/02/07","DEERWHITETAILED"
"641","29_19_DEG_0331.JPG","2019-01-14 10:06:46","DEG",29,73,"18/11/26","19/02/07","DEERWHITETAILED"
"642","22_18_WF_0241.JPG","2019-01-14 10:16:13","WF",22,65,"18/11/27","19/01/31","DEERWHITETAILED"
"643","22_18_WF_0244.JPG","2019-01-14 10:17:24","WF",22,65,"18/11/27","19/01/31","DEERWHITETAILED"
"644","15_14_DEG_000142.JPG","2019-01-14 10:59:03","DEG",15,73,"18/11/26","19/02/07","DEERWHITETAILED"
"645","15_14_DEG_000145.JPG","2019-01-14 11:22:27","DEG",15,73,"18/11/26","19/02/07","DEERWHITETAILED"
"646","29_19_DEG_0334.JPG","2019-01-15 09:43:56","DEG",29,73,"18/11/26","19/02/07","DEERWHITETAILED"
"647","29_19_DEG_0337.JPG","2019-01-15 11:26:19","DEG",29,73,"18/11/26","19/02/07","DEERWHITETAILED"
"648","29_19_DEG_0340.JPG","2019-01-15 12:03:28","DEG",29,73,"18/11/26","19/02/07","DEERWHITETAILED"
"649","33_01_WF_0172.JPG","2019-01-15 15:42:33","WF",33,65,"18/11/27","19/01/31","DEERWHITETAILED"
"650","33_01_WF_0175.JPG","2019-01-15 15:46:37","WF",33,65,"18/11/27","19/01/31","DEERWHITETAILED"
"651","22_18_WF_0247.JPG","2019-01-15 16:38:57","WF",22,65,"18/11/27","19/01/31","DEERWHITETAILED"
"652","29_19_DEG_0343.JPG","2019-01-15 18:24:18","DEG",29,73,"18/11/26","19/02/07","DEERWHITETAILED"
"653","29_19_DEG_0346.JPG","2019-01-15 20:26:58","DEG",29,73,"18/11/26","19/02/07","NOTHINGHERE"
"654","17_24_BC_000238.JPG","2019-01-15 20:42:01","BC",17,109,"18/11/15","19/03/04","DEERWHITETAILED"
"655","29_19_DEG_0349.JPG","2019-01-15 20:58:30","DEG",29,73,"18/11/26","19/02/07","DEERWHITETAILED"
"656","29_19_DEG_0352.JPG","2019-01-15 23:28:19","DEG",29,73,"18/11/26","19/02/07","DEERWHITETAILED"
"657","29_19_DEG_0355.JPG","2019-01-15 23:35:29","DEG",29,73,"18/11/26","19/02/07","NOTHINGHERE"
"658","25_09_SH_0084.JPG","2019-01-16 01:28:38","SH",25,90,"18/11/13","19/02/11","SOMETHINGHERE"
"659","29_19_DEG_0358.JPG","2019-01-16 03:43:59","DEG",29,73,"18/11/26","19/02/07","DEERWHITETAILED"
"660","29_19_DEG_0361.JPG","2019-01-16 04:23:54","DEG",29,73,"18/11/26","19/02/07","DEERWHITETAILED"
"661","14_22_DON_000091.JPG","2019-01-16 04:34:30","DON",14,74,"18/12/13","19/02/25","NOTHINGHERE"
"662","29_19_DEG_0364.JPG","2019-01-16 06:51:17","DEG",29,73,"18/11/26","19/02/07","NOTHINGHERE"
"663","22_18_WF_0250.JPG","2019-01-16 07:18:43","WF",22,65,"18/11/27","19/01/31","NOTHINGHERE"
"664","22_18_WF_0253.JPG","2019-01-16 07:31:23","WF",22,65,"18/11/27","19/01/31","DEERWHITETAILED"
"665","22_18_WF_0256.JPG","2019-01-16 12:00:22","WF",22,65,"18/11/27","19/01/31","DEERWHITETAILED"
"666","29_19_DEG_0367.JPG","2019-01-16 14:45:53","DEG",29,73,"18/11/26","19/02/07","DEERWHITETAILED"
"667","29_19_DEG_0370.JPG","2019-01-16 16:20:25","DEG",29,73,"18/11/26","19/02/07","DEERWHITETAILED"
"668","29_19_DEG_0373.JPG","2019-01-16 16:30:51","DEG",29,73,"18/11/26","19/02/07","DEERWHITETAILED"
"669","22_18_WF_0259.JPG","2019-01-16 16:46:50","WF",22,65,"18/11/27","19/01/31","DEERWHITETAILED"
"670","22_18_WF_0262.JPG","2019-01-16 16:48:22","WF",22,65,"18/11/27","19/01/31","DEERWHITETAILED"
"671","22_18_WF_0265.JPG","2019-01-16 16:59:45","WF",22,65,"18/11/27","19/01/31","DEERWHITETAILED"
"672","21_21_DON_0030.JPG","2019-01-16 23:59:44","DON",21,94,"18/11/26","19/02/28","FOXRED"
"673","22_18_WF_0268.JPG","2019-01-17 02:04:22","WF",22,65,"18/11/27","19/01/31","NOTHINGHERE"
"674","29_19_DEG_0376.JPG","2019-01-17 14:45:39","DEG",29,73,"18/11/26","19/02/07","DEERWHITETAILED"
"675","32_17_WHIP_0064.JPG","2019-01-18 07:59:34","WHIP",32,49,"18/12/06","19/01/24","DEERWHITETAILED"
"676","29_19_DEG_0379.JPG","2019-01-18 08:43:46","DEG",29,73,"18/11/26","19/02/07","DEERWHITETAILED"
"677","29_19_DEG_0382.JPG","2019-01-18 08:45:21","DEG",29,73,"18/11/26","19/02/07","DEERWHITETAILED"
"678","29_19_DEG_0385.JPG","2019-01-18 08:46:26","DEG",29,73,"18/11/26","19/02/07","DEERWHITETAILED"
"679","31_06_WHIP_0055.JPG","2019-01-18 09:20:17","WHIP",31,49,"18/12/06","19/01/24","DOMESTICDOG"
"680","14_22_DON_000094.JPG","2019-01-18 10:58:13","DON",14,74,"18/12/13","19/02/25","DEERWHITETAILED"
"681","14_22_DON_000097.JPG","2019-01-18 11:05:31","DON",14,74,"18/12/13","19/02/25","DEERWHITETAILED"
"682","29_19_DEG_0388.JPG","2019-01-18 12:38:07","DEG",29,73,"18/11/26","19/02/07","DEERWHITETAILED"
"683","17_24_BC_000241.JPG","2019-01-18 13:37:33","BC",17,109,"18/11/15","19/03/04","DEERWHITETAILED"
"684","22_18_WF_0271.JPG","2019-01-18 14:32:47","WF",22,65,"18/11/27","19/01/31","DEERWHITETAILED"
"685","22_18_WF_0274.JPG","2019-01-18 14:33:52","WF",22,65,"18/11/27","19/01/31","DEERWHITETAILED"
"686","29_19_DEG_0391.JPG","2019-01-18 15:02:40","DEG",29,73,"18/11/26","19/02/07","DEERWHITETAILED"
"687","29_19_DEG_0394.JPG","2019-01-18 15:04:47","DEG",29,73,"18/11/26","19/02/07","DEERWHITETAILED"
"688","23_03_SH_0100.JPG","2019-01-19 07:06:13","SH",23,89,"18/11/14","19/02/11","NOTHINGHERE"
"689","11_13_BC_000178.JPG","2019-01-19 07:20:36","BC",11,109,"18/11/15","19/03/04","GROUSERUFFED"
"690","31_06_WHIP_0058.JPG","2019-01-19 14:21:16","WHIP",31,49,"18/12/06","19/01/24","NOTHINGHERE"
"691","22_18_WF_0277.JPG","2019-01-19 14:29:54","WF",22,65,"18/11/27","19/01/31","DEERWHITETAILED"
"692","33_01_WF_0178.JPG","2019-01-19 19:56:45","WF",33,65,"18/11/27","19/01/31","NOTHINGHERE"
"693","22_18_WF_0280.JPG","2019-01-20 01:21:09","WF",22,65,"18/11/27","19/01/31","NOTHINGHERE"
"694","22_18_WF_0283.JPG","2019-01-20 18:28:37","WF",22,65,"18/11/27","19/01/31","NOTHINGHERE"
"695","22_18_WF_0286.JPG","2019-01-20 19:46:40","WF",22,65,"18/11/27","19/01/31","NOTHINGHERE"
"696","23_03_SH_0103.JPG","2019-01-21 05:09:53","SH",23,89,"18/11/14","19/02/11","NOTHINGHERE"
"697","29_19_DEG_0397.JPG","2019-01-21 09:29:18","DEG",29,73,"18/11/26","19/02/07","DEERWHITETAILED"
"698","23_03_SH_0106.JPG","2019-01-21 10:07:59","SH",23,89,"18/11/14","19/02/11","NOTHINGHERE"
"699","15_14_DEG_000148.JPG","2019-01-21 16:50:21","DEG",15,73,"18/11/26","19/02/07","NOTHINGHERE"
"700","22_18_WF_0289.JPG","2019-01-21 17:23:35","WF",22,65,"18/11/27","19/01/31","DEERWHITETAILED"
"701","15_14_DEG_000151.JPG","2019-01-22 02:09:21","DEG",15,73,"18/11/26","19/02/07","DEERWHITETAILED"
"702","15_14_DEG_000154.JPG","2019-01-22 04:04:21","DEG",15,73,"18/11/26","19/02/07","SOMETHINGHERE"
"703","23_03_SH_0109.JPG","2019-01-22 05:33:35","SH",23,89,"18/11/14","19/02/11","NOTHINGHERE"
"704","33_01_WF_0181.JPG","2019-01-22 12:48:30","WF",33,65,"18/11/27","19/01/31","NOTHINGHERE"
"705","32_17_WHIP_0067.JPG","2019-01-22 19:11:37","WHIP",32,49,"18/12/06","19/01/24","FOXRED"
"706","29_19_DEG_0400.JPG","2019-01-22 23:37:13","DEG",29,73,"18/11/26","19/02/07","DEERWHITETAILED"
"707","33_01_WF_0184.JPG","2019-01-23 04:52:26","WF",33,65,"18/11/27","19/01/31","SOMETHINGHERE"
"708","29_19_DEG_0403.JPG","2019-01-23 06:40:46","DEG",29,73,"18/11/26","19/02/07","SOMETHINGHERE"
"709","29_19_DEG_0406.JPG","2019-01-23 06:58:35","DEG",29,73,"18/11/26","19/02/07","DEERWHITETAILED"
"710","29_19_DEG_0409.JPG","2019-01-23 07:00:04","DEG",29,73,"18/11/26","19/02/07","DEERWHITETAILED"
"711","22_18_WF_0292.JPG","2019-01-23 07:01:47","WF",22,65,"18/11/27","19/01/31","DEERWHITETAILED"
"712","29_19_DEG_0412.JPG","2019-01-23 07:39:07","DEG",29,73,"18/11/26","19/02/07","DEERWHITETAILED"
"713","29_19_DEG_0415.JPG","2019-01-23 16:29:34","DEG",29,73,"18/11/26","19/02/07","DEERWHITETAILED"
"714","21_21_DON_0033.JPG","2019-01-23 18:07:31","DON",21,94,"18/11/26","19/02/28","NOTHINGHERE"
"715","29_19_DEG_0418.JPG","2019-01-23 18:45:40","DEG",29,73,"18/11/26","19/02/07","NOTHINGHERE"
"716","29_19_DEG_0421.JPG","2019-01-23 18:56:30","DEG",29,73,"18/11/26","19/02/07","SOMETHINGHERE"
"717","29_19_DEG_0424.JPG","2019-01-23 18:57:35","DEG",29,73,"18/11/26","19/02/07","NOTHINGHERE"
"718","29_19_DEG_0427.JPG","2019-01-23 19:11:23","DEG",29,73,"18/11/26","19/02/07","SOMETHINGHERE"
"719","29_19_DEG_0430.JPG","2019-01-23 20:04:00","DEG",29,73,"18/11/26","19/02/07","NOTHINGHERE"
"720","29_19_DEG_0433.JPG","2019-01-23 21:04:04","DEG",29,73,"18/11/26","19/02/07","NOTHINGHERE"
"721","29_19_DEG_0436.JPG","2019-01-23 21:38:35","DEG",29,73,"18/11/26","19/02/07","NOTHINGHERE"
"722","29_19_DEG_0439.JPG","2019-01-23 22:29:44","DEG",29,73,"18/11/26","19/02/07","NOTHINGHERE"
"723","29_19_DEG_0442.JPG","2019-01-23 22:30:57","DEG",29,73,"18/11/26","19/02/07","NOTHINGHERE"
"724","32_17_WHIP_0070.JPG","2019-01-23 22:34:19","WHIP",32,49,"18/12/06","19/01/24","COYOTE"
"725","29_19_DEG_0445.JPG","2019-01-23 22:54:03","DEG",29,73,"18/11/26","19/02/07","SOMETHINGHERE"
"726","29_19_DEG_0448.JPG","2019-01-23 22:57:15","DEG",29,73,"18/11/26","19/02/07","SOMETHINGHERE"
"727","29_19_DEG_0451.JPG","2019-01-24 00:01:13","DEG",29,73,"18/11/26","19/02/07","NOTHINGHERE"
"728","29_19_DEG_0454.JPG","2019-01-24 01:32:46","DEG",29,73,"18/11/26","19/02/07","DEERWHITETAILED"
"729","29_19_DEG_0457.JPG","2019-01-24 01:34:00","DEG",29,73,"18/11/26","19/02/07","DEERWHITETAILED"
"730","29_19_DEG_0460.JPG","2019-01-24 04:58:49","DEG",29,73,"18/11/26","19/02/07","NOTHINGHERE"
"731","29_19_DEG_0463.JPG","2019-01-24 04:59:58","DEG",29,73,"18/11/26","19/02/07","NOTHINGHERE"
"732","29_19_DEG_0466.JPG","2019-01-24 05:03:57","DEG",29,73,"18/11/26","19/02/07","DEERWHITETAILED"
"733","31_06_WHIP_0061.JPG","2019-01-24 13:37:48","WHIP",31,49,"18/12/06","19/01/24","HUMAN"
"734","31_06_WHIP_0064.JPG","2019-01-24 13:39:15","WHIP",31,49,"18/12/06","19/01/24","NOTHINGHERE"
"735","31_06_WHIP_0067.JPG","2019-01-24 13:40:27","WHIP",31,49,"18/12/06","19/01/24","NOTHINGHERE"
"736","31_06_WHIP_0073.JPG","2019-01-24 13:43:25","WHIP",31,49,"18/12/06","19/01/24","HUMAN"
"737","31_06_WHIP_0076.JPG","2019-01-24 13:44:34","WHIP",31,49,"18/12/06","19/01/24","HUMAN"
"738","32_17_WHIP_0073.JPG","2019-01-24 13:59:33","WHIP",32,49,"18/12/06","19/01/24","HUMAN"
"739","18_16_WHIP_000064.JPG","2019-01-24 14:30:44","WHIP",18,49,"18/12/06","19/01/24","NOTHINGHERE"
"740","22_18_WF_0295.JPG","2019-01-25 06:45:49","WF",22,65,"18/11/27","19/01/31","DEERWHITETAILED"
"741","22_18_WF_0298.JPG","2019-01-25 06:46:55","WF",22,65,"18/11/27","19/01/31","SOMETHINGHERE"
"742","22_18_WF_0301.JPG","2019-01-25 06:48:01","WF",22,65,"18/11/27","19/01/31","DEERWHITETAILED"
"743","22_18_WF_0304.JPG","2019-01-25 06:49:07","WF",22,65,"18/11/27","19/01/31","DEERWHITETAILED"
"744","15_14_DEG_000157.JPG","2019-01-25 08:43:09","DEG",15,73,"18/11/26","19/02/07","DEERWHITETAILED"
"745","22_18_WF_0307.JPG","2019-01-25 09:58:54","WF",22,65,"18/11/27","19/01/31","DEERWHITETAILED"
"746","22_18_WF_0310.JPG","2019-01-25 10:00:00","WF",22,65,"18/11/27","19/01/31","DEERWHITETAILED"
"747","21_21_DON_0036.JPG","2019-01-25 21:54:20","DON",21,94,"18/11/26","19/02/28","FOXRED"
"748","21_21_DON_0039.JPG","2019-01-25 21:57:19","DON",21,94,"18/11/26","19/02/28","FOXRED"
"749","22_18_WF_0313.JPG","2019-01-26 09:22:57","WF",22,65,"18/11/27","19/01/31","DEERWHITETAILED"
"750","22_18_WF_0316.JPG","2019-01-26 09:24:32","WF",22,65,"18/11/27","19/01/31","DEERWHITETAILED"
"751","22_18_WF_0319.JPG","2019-01-26 09:26:42","WF",22,65,"18/11/27","19/01/31","DEERWHITETAILED"
"752","29_19_DEG_0469.JPG","2019-01-26 11:35:11","DEG",29,73,"18/11/26","19/02/07","DEERWHITETAILED"
"753","29_19_DEG_0472.JPG","2019-01-26 11:36:23","DEG",29,73,"18/11/26","19/02/07","DEERWHITETAILED"
"754","22_18_WF_0325.JPG","2019-01-26 11:38:10","WF",22,65,"18/11/27","19/01/31","DEERWHITETAILED"
"755","29_19_DEG_0475.JPG","2019-01-26 11:57:12","DEG",29,73,"18/11/26","19/02/07","DEERWHITETAILED"
"756","22_18_WF_0328.JPG","2019-01-26 15:15:47","WF",22,65,"18/11/27","19/01/31","DEERWHITETAILED"
"757","22_18_WF_0331.JPG","2019-01-26 15:23:13","WF",22,65,"18/11/27","19/01/31","DEERWHITETAILED"
"758","22_18_WF_0334.JPG","2019-01-26 15:45:09","WF",22,65,"18/11/27","19/01/31","DEERWHITETAILED"
"759","22_18_WF_0337.JPG","2019-01-26 16:04:07","WF",22,65,"18/11/27","19/01/31","DEERWHITETAILED"
"760","22_18_WF_0340.JPG","2019-01-26 16:05:40","WF",22,65,"18/11/27","19/01/31","DEERWHITETAILED"
"761","22_18_WF_0343.JPG","2019-01-26 16:23:33","WF",22,65,"18/11/27","19/01/31","DEERWHITETAILED"
"762","14_22_DON_000100.JPG","2019-01-27 02:26:10","DON",14,74,"18/12/13","19/02/25","FOXRED"
"763","22_18_WF_0346.JPG","2019-01-27 07:29:46","WF",22,65,"18/11/27","19/01/31","DEERWHITETAILED"
"764","22_18_WF_0349.JPG","2019-01-27 07:33:10","WF",22,65,"18/11/27","19/01/31","DEERWHITETAILED"
"765","22_18_WF_0352.JPG","2019-01-27 07:49:28","WF",22,65,"18/11/27","19/01/31","DEERWHITETAILED"
"766","29_19_DEG_0478.JPG","2019-01-27 08:57:44","DEG",29,73,"18/11/26","19/02/07","DEERWHITETAILED"
"767","29_19_DEG_0481.JPG","2019-01-27 09:22:13","DEG",29,73,"18/11/26","19/02/07","DEERWHITETAILED"
"768","29_19_DEG_0484.JPG","2019-01-27 12:12:49","DEG",29,73,"18/11/26","19/02/07","DEERWHITETAILED"
"769","29_19_DEG_0487.JPG","2019-01-27 12:14:04","DEG",29,73,"18/11/26","19/02/07","DEERWHITETAILED"
"770","29_19_DEG_0490.JPG","2019-01-27 12:21:21","DEG",29,73,"18/11/26","19/02/07","DEERWHITETAILED"
"771","29_19_DEG_0493.JPG","2019-01-27 15:25:02","DEG",29,73,"18/11/26","19/02/07","DEERWHITETAILED"
"772","22_18_WF_0355.JPG","2019-01-27 17:40:02","WF",22,65,"18/11/27","19/01/31","DEERWHITETAILED"
"773","17_24_BC_000244.JPG","2019-01-27 22:30:24","BC",17,109,"18/11/15","19/03/04","DEERWHITETAILED"
"774","22_18_WF_0358.JPG","2019-01-28 11:41:15","WF",22,65,"18/11/27","19/01/31","DEERWHITETAILED"
"775","22_18_WF_0361.JPG","2019-01-28 11:42:55","WF",22,65,"18/11/27","19/01/31","DEERWHITETAILED"
"776","15_14_DEG_000160.JPG","2019-01-28 11:45:31","DEG",15,73,"18/11/26","19/02/07","DEERWHITETAILED"
"777","29_19_DEG_0496.JPG","2019-01-28 13:27:59","DEG",29,73,"18/11/26","19/02/07","DEERWHITETAILED"
"778","29_19_DEG_0499.JPG","2019-01-28 14:05:41","DEG",29,73,"18/11/26","19/02/07","DEERWHITETAILED"
"779","29_19_DEG_0502.JPG","2019-01-28 14:07:37","DEG",29,73,"18/11/26","19/02/07","DEERWHITETAILED"
"780","22_18_WF_0364.JPG","2019-01-28 14:10:33","WF",22,65,"18/11/27","19/01/31","DEERWHITETAILED"
"781","22_18_WF_0367.JPG","2019-01-28 14:57:45","WF",22,65,"18/11/27","19/01/31","DEERWHITETAILED"
"782","22_18_WF_0370.JPG","2019-01-28 15:00:34","WF",22,65,"18/11/27","19/01/31","DEERWHITETAILED"
"783","22_18_WF_0373.JPG","2019-01-28 15:03:33","WF",22,65,"18/11/27","19/01/31","HUMAN"
"784","15_14_DEG_000163.JPG","2019-01-28 16:55:15","DEG",15,73,"18/11/26","19/02/07","DEERWHITETAILED"
"785","15_14_DEG_000166.JPG","2019-01-28 16:56:53","DEG",15,73,"18/11/26","19/02/07","NOTHINGHERE"
"786","33_01_WF_0187.JPG","2019-01-29 05:46:47","WF",33,65,"18/11/27","19/01/31","DEERWHITETAILED"
"787","15_14_DEG_000169.JPG","2019-01-29 11:16:54","DEG",15,73,"18/11/26","19/02/07","DEERWHITETAILED"
"788","29_19_DEG_0505.JPG","2019-01-29 12:12:35","DEG",29,73,"18/11/26","19/02/07","DEERWHITETAILED"
"789","33_01_WF_0190.JPG","2019-01-29 14:34:44","WF",33,65,"18/11/27","19/01/31","DEERWHITETAILED"
"790","33_01_WF_0193.JPG","2019-01-29 14:38:28","WF",33,65,"18/11/27","19/01/31","DEERWHITETAILED"
"791","33_01_WF_0196.JPG","2019-01-29 14:48:25","WF",33,65,"18/11/27","19/01/31","SOMETHINGHERE"
"792","33_01_WF_0199.JPG","2019-01-30 10:13:58","WF",33,65,"18/11/27","19/01/31","DEERWHITETAILED"
"793","29_19_DEG_0508.JPG","2019-01-30 11:30:09","DEG",29,73,"18/11/26","19/02/07","DEERWHITETAILED"
"794","29_19_DEG_0511.JPG","2019-01-30 11:32:34","DEG",29,73,"18/11/26","19/02/07","DEERWHITETAILED"
"795","29_19_DEG_0514.JPG","2019-01-30 12:27:32","DEG",29,73,"18/11/26","19/02/07","DEERWHITETAILED"
"796","29_19_DEG_0517.JPG","2019-01-30 14:56:33","DEG",29,73,"18/11/26","19/02/07","DEERWHITETAILED"
"797","29_19_DEG_0520.JPG","2019-01-30 15:43:26","DEG",29,73,"18/11/26","19/02/07","DEERWHITETAILED"
"798","29_19_DEG_0523.JPG","2019-01-30 16:03:31","DEG",29,73,"18/11/26","19/02/07","DEERWHITETAILED"
"799","21_21_DON_0042.JPG","2019-01-30 16:52:03","DON",21,94,"18/11/26","19/02/28","SQUIRRELGRAY"
"800","11_13_BC_000181.JPG","2019-01-31 09:08:14","BC",11,109,"18/11/15","19/03/04","FISHER"
"801","33_01_WF_0205.JPG","2019-01-31 12:45:20","WF",33,65,"18/11/27","19/01/31","HUMAN"
"802","29_19_DEG_0526.JPG","2019-01-31 13:16:12","DEG",29,73,"18/11/26","19/02/07","DEERWHITETAILED"
"803","29_19_DEG_0529.JPG","2019-01-31 14:11:04","DEG",29,73,"18/11/26","19/02/07","DEERWHITETAILED"
"804","15_14_DEG_000172.JPG","2019-01-31 17:06:20","DEG",15,73,"18/11/26","19/02/07","DEERWHITETAILED"
"805","15_14_DEG_000175.JPG","2019-02-01 07:45:52","DEG",15,73,"18/11/26","19/02/07","DEERWHITETAILED"
"806","15_14_DEG_000178.JPG","2019-02-01 09:38:43","DEG",15,73,"18/11/26","19/02/07","DEERWHITETAILED"
"807","29_19_DEG_0532.JPG","2019-02-01 16:48:23","DEG",29,73,"18/11/26","19/02/07","DEERWHITETAILED"
"808","29_19_DEG_0535.JPG","2019-02-01 16:53:25","DEG",29,73,"18/11/26","19/02/07","DEERWHITETAILED"
"809","29_19_DEG_0538.JPG","2019-02-01 16:55:15","DEG",29,73,"18/11/26","19/02/07","DEERWHITETAILED"
"810","15_14_DEG_000181.JPG","2019-02-02 09:06:45","DEG",15,73,"18/11/26","19/02/07","DEERWHITETAILED"
"811","14_22_DON_000103.JPG","2019-02-02 11:03:18","DON",14,74,"18/12/13","19/02/25","NOTHINGHERE"
"812","14_22_DON_000106.JPG","2019-02-02 11:24:00","DON",14,74,"18/12/13","19/02/25","DEERWHITETAILED"
"813","15_14_DEG_000184.JPG","2019-02-02 16:04:49","DEG",15,73,"18/11/26","19/02/07","DEERWHITETAILED"
"814","15_14_DEG_000187.JPG","2019-02-02 16:33:34","DEG",15,73,"18/11/26","19/02/07","DEERWHITETAILED"
"815","28_15_DEG_0014.JPG","2019-02-03 07:35:45","DEG",28,73,"18/11/26","19/02/07","DEERWHITETAILED"
"816","15_14_DEG_000190.JPG","2019-02-03 10:14:31","DEG",15,73,"18/11/26","19/02/07","DEERWHITETAILED"
"817","15_14_DEG_000193.JPG","2019-02-03 12:03:08","DEG",15,73,"18/11/26","19/02/07","DEERWHITETAILED"
"818","15_14_DEG_000196.JPG","2019-02-04 23:41:00","DEG",15,73,"18/11/26","19/02/07","SOMETHINGHERE"
"819","15_14_DEG_000199.JPG","2019-02-05 15:22:07","DEG",15,73,"18/11/26","19/02/07","DEERWHITETAILED"
"820","15_14_DEG_000202.JPG","2019-02-06 08:10:01","DEG",15,73,"18/11/26","19/02/07","DEERWHITETAILED"
"821","15_14_DEG_000205.JPG","2019-02-06 08:13:58","DEG",15,73,"18/11/26","19/02/07","NOTHINGHERE"
"822","15_14_DEG_000208.JPG","2019-02-06 08:50:29","DEG",15,73,"18/11/26","19/02/07","DEERWHITETAILED"
"823","15_14_DEG_000211.JPG","2019-02-06 08:52:08","DEG",15,73,"18/11/26","19/02/07","NOTHINGHERE"
"824","15_14_DEG_000214.JPG","2019-02-06 08:54:21","DEG",15,73,"18/11/26","19/02/07","DEERWHITETAILED"
"825","15_14_DEG_000217.JPG","2019-02-06 12:46:08","DEG",15,73,"18/11/26","19/02/07","DEERWHITETAILED"
"826","15_14_DEG_000220.JPG","2019-02-06 15:37:11","DEG",15,73,"18/11/26","19/02/07","DEERWHITETAILED"
"827","15_14_DEG_000223.JPG","2019-02-06 15:49:57","DEG",15,73,"18/11/26","19/02/07","DEERWHITETAILED"
"828","15_14_DEG_000226.JPG","2019-02-06 16:32:58","DEG",15,73,"18/11/26","19/02/07","DEERWHITETAILED"
"829","17_24_BC_000247.JPG","2019-02-07 05:41:39","BC",17,109,"18/11/15","19/03/04","NOTHINGHERE"
"830","14_22_DON_000109.JPG","2019-02-07 09:26:16","DON",14,74,"18/12/13","19/02/25","GROUSERUFFED"
"831","14_22_DON_000112.JPG","2019-02-07 11:13:12","DON",14,74,"18/12/13","19/02/25","FOXRED"
"832","15_14_DEG_000229.JPG","2019-02-07 12:41:51","DEG",15,73,"18/11/26","19/02/07","DEERWHITETAILED"
"833","15_14_DEG_000232.JPG","2019-02-07 12:43:39","DEG",15,73,"18/11/26","19/02/07","DEERWHITETAILED"
"834","28_15_DEG_0017.JPG","2019-02-07 13:09:16","DEG",28,73,"18/11/26","19/02/07","HUMAN"
"835","15_14_DEG_000235.JPG","2019-02-07 13:14:29","DEG",15,73,"18/11/26","19/02/07","DEERWHITETAILED"
"836","15_14_DEG_000238.JPG","2019-02-07 13:16:39","DEG",15,73,"18/11/26","19/02/07","DEERWHITETAILED"
"837","15_14_DEG_000241.JPG","2019-02-07 13:20:41","DEG",15,73,"18/11/26","19/02/07","DEERWHITETAILED"
"838","21_21_DON_0045.JPG","2019-02-07 22:53:37","DON",21,94,"18/11/26","19/02/28","NOTHINGHERE"
"839","21_21_DON_0048.JPG","2019-02-08 12:51:43","DON",21,94,"18/11/26","19/02/28","NOTHINGHERE"
"840","21_21_DON_0051.JPG","2019-02-08 13:33:42","DON",21,94,"18/11/26","19/02/28","NOTHINGHERE"
"841","21_21_DON_0054.JPG","2019-02-08 13:54:00","DON",21,94,"18/11/26","19/02/28","NOTHINGHERE"
"842","21_21_DON_0057.JPG","2019-02-08 14:08:29","DON",21,94,"18/11/26","19/02/28","NOTHINGHERE"
"843","21_21_DON_0060.JPG","2019-02-08 14:18:37","DON",21,94,"18/11/26","19/02/28","NOTHINGHERE"
"844","21_21_DON_0063.JPG","2019-02-08 14:36:56","DON",21,94,"18/11/26","19/02/28","NOTHINGHERE"
"845","21_21_DON_0066.JPG","2019-02-08 14:39:06","DON",21,94,"18/11/26","19/02/28","NOTHINGHERE"
"846","21_21_DON_0069.JPG","2019-02-08 15:20:22","DON",21,94,"18/11/26","19/02/28","NOTHINGHERE"
"847","21_21_DON_0072.JPG","2019-02-08 15:23:31","DON",21,94,"18/11/26","19/02/28","NOTHINGHERE"
"848","21_21_DON_0075.JPG","2019-02-08 15:52:06","DON",21,94,"18/11/26","19/02/28","NOTHINGHERE"
"849","21_21_DON_0078.JPG","2019-02-08 16:17:08","DON",21,94,"18/11/26","19/02/28","NOTHINGHERE"
"850","21_21_DON_0081.JPG","2019-02-08 16:24:01","DON",21,94,"18/11/26","19/02/28","NOTHINGHERE"
"851","21_21_DON_0084.JPG","2019-02-08 16:25:34","DON",21,94,"18/11/26","19/02/28","NOTHINGHERE"
"852","21_21_DON_0087.JPG","2019-02-08 16:57:43","DON",21,94,"18/11/26","19/02/28","NOTHINGHERE"
"853","21_21_DON_0090.JPG","2019-02-08 17:23:30","DON",21,94,"18/11/26","19/02/28","NOTHINGHERE"
"854","21_21_DON_0093.JPG","2019-02-08 17:30:40","DON",21,94,"18/11/26","19/02/28","NOTHINGHERE"
"855","21_21_DON_0096.JPG","2019-02-08 17:43:51","DON",21,94,"18/11/26","19/02/28","NOTHINGHERE"
"856","21_21_DON_0099.JPG","2019-02-08 17:54:50","DON",21,94,"18/11/26","19/02/28","NOTHINGHERE"
"857","14_22_DON_000115.JPG","2019-02-08 18:17:15","DON",14,74,"18/12/13","19/02/25","NOTHINGHERE"
"858","21_21_DON_0102.JPG","2019-02-08 18:22:21","DON",21,94,"18/11/26","19/02/28","NOTHINGHERE"
"859","21_21_DON_0105.JPG","2019-02-08 18:56:59","DON",21,94,"18/11/26","19/02/28","NOTHINGHERE"
"860","21_21_DON_0108.JPG","2019-02-08 19:06:35","DON",21,94,"18/11/26","19/02/28","NOTHINGHERE"
"861","21_21_DON_0111.JPG","2019-02-08 19:13:42","DON",21,94,"18/11/26","19/02/28","NOTHINGHERE"
"862","21_21_DON_0114.JPG","2019-02-08 19:21:17","DON",21,94,"18/11/26","19/02/28","NOTHINGHERE"
"863","21_21_DON_0117.JPG","2019-02-08 19:27:35","DON",21,94,"18/11/26","19/02/28","NOTHINGHERE"
"864","21_21_DON_0120.JPG","2019-02-08 19:41:24","DON",21,94,"18/11/26","19/02/28","NOTHINGHERE"
"865","21_21_DON_0123.JPG","2019-02-08 20:16:08","DON",21,94,"18/11/26","19/02/28","NOTHINGHERE"
"866","21_21_DON_0126.JPG","2019-02-08 20:17:31","DON",21,94,"18/11/26","19/02/28","NOTHINGHERE"
"867","21_21_DON_0129.JPG","2019-02-08 20:18:42","DON",21,94,"18/11/26","19/02/28","NOTHINGHERE"
"868","21_21_DON_0132.JPG","2019-02-08 20:20:56","DON",21,94,"18/11/26","19/02/28","NOTHINGHERE"
"869","21_21_DON_0135.JPG","2019-02-08 20:30:12","DON",21,94,"18/11/26","19/02/28","NOTHINGHERE"
"870","21_21_DON_0138.JPG","2019-02-08 20:31:53","DON",21,94,"18/11/26","19/02/28","NOTHINGHERE"
"871","21_21_DON_0141.JPG","2019-02-08 20:55:12","DON",21,94,"18/11/26","19/02/28","NOTHINGHERE"
"872","21_21_DON_0144.JPG","2019-02-08 21:07:13","DON",21,94,"18/11/26","19/02/28","NOTHINGHERE"
"873","21_21_DON_0147.JPG","2019-02-08 21:11:19","DON",21,94,"18/11/26","19/02/28","NOTHINGHERE"
"874","21_21_DON_0150.JPG","2019-02-08 21:14:38","DON",21,94,"18/11/26","19/02/28","NOTHINGHERE"
"875","21_21_DON_0153.JPG","2019-02-08 21:27:14","DON",21,94,"18/11/26","19/02/28","NOTHINGHERE"
"876","21_21_DON_0156.JPG","2019-02-08 21:48:47","DON",21,94,"18/11/26","19/02/28","NOTHINGHERE"
"877","21_21_DON_0159.JPG","2019-02-08 21:55:32","DON",21,94,"18/11/26","19/02/28","NOTHINGHERE"
"878","21_21_DON_0162.JPG","2019-02-09 00:23:20","DON",21,94,"18/11/26","19/02/28","NOTHINGHERE"
"879","21_21_DON_0165.JPG","2019-02-09 04:02:34","DON",21,94,"18/11/26","19/02/28","NOTHINGHERE"
"880","23_03_SH_0112.JPG","2019-02-09 08:23:09","SH",23,89,"18/11/14","19/02/11","DEERWHITETAILED"
"881","23_03_SH_0115.JPG","2019-02-09 08:24:21","SH",23,89,"18/11/14","19/02/11","DEERWHITETAILED"
"882","23_03_SH_0118.JPG","2019-02-09 08:25:46","SH",23,89,"18/11/14","19/02/11","DEERWHITETAILED"
"883","17_24_BC_000250.JPG","2019-02-09 12:43:13","BC",17,109,"18/11/15","19/03/04","SQUIRRELGRAY"
"884","17_24_BC_000253.JPG","2019-02-09 12:45:21","BC",17,109,"18/11/15","19/03/04","SQUIRRELGRAY"
"885","17_24_BC_000256.JPG","2019-02-09 12:47:16","BC",17,109,"18/11/15","19/03/04","SQUIRRELGRAY"
"886","17_24_BC_000259.JPG","2019-02-09 12:49:10","BC",17,109,"18/11/15","19/03/04","SQUIRRELGRAY"
"887","17_24_BC_000262.JPG","2019-02-09 12:50:48","BC",17,109,"18/11/15","19/03/04","SQUIRRELGRAY"
"888","17_24_BC_000265.JPG","2019-02-09 12:53:33","BC",17,109,"18/11/15","19/03/04","SQUIRRELGRAY"
"889","11_13_BC_000184.JPG","2019-02-09 14:39:11","BC",11,109,"18/11/15","19/03/04","SQUIRRELGRAY"
"890","17_24_BC_000268.JPG","2019-02-09 16:01:07","BC",17,109,"18/11/15","19/03/04","SQUIRRELRED"
"891","11_13_BC_000187.JPG","2019-02-10 12:25:28","BC",11,109,"18/11/15","19/03/04","SQUIRRELGRAY"
"892","11_13_BC_000190.JPG","2019-02-10 12:52:36","BC",11,109,"18/11/15","19/03/04","SQUIRRELGRAY"
"893","11_13_BC_000193.JPG","2019-02-11 09:25:24","BC",11,109,"18/11/15","19/03/04","NOTHINGHERE"
"894","11_13_BC_000196.JPG","2019-02-11 13:03:21","BC",11,109,"18/11/15","19/03/04","NOTHINGHERE"
"895","11_13_BC_000199.JPG","2019-02-11 13:52:24","BC",11,109,"18/11/15","19/03/04","SQUIRRELGRAY"
"896","11_13_BC_000202.JPG","2019-02-11 14:11:13","BC",11,109,"18/11/15","19/03/04","SQUIRRELGRAY"
"897","11_13_BC_000205.JPG","2019-02-12 12:26:11","BC",11,109,"18/11/15","19/03/04","SOMETHINGHERE"
"898","11_13_BC_000208.JPG","2019-02-12 12:27:48","BC",11,109,"18/11/15","19/03/04","DEERWHITETAILED"
"899","11_13_BC_000211.JPG","2019-02-12 12:29:24","BC",11,109,"18/11/15","19/03/04","DEERWHITETAILED"
"900","11_13_BC_000214.JPG","2019-02-12 15:53:05","BC",11,109,"18/11/15","19/03/04","DEERWHITETAILED"
"901","11_13_BC_000217.JPG","2019-02-12 23:25:02","BC",11,109,"18/11/15","19/03/04","DEERWHITETAILED"
"902","11_13_BC_000220.JPG","2019-02-13 02:02:02","BC",11,109,"18/11/15","19/03/04","SOMETHINGHERE"
"903","21_21_DON_0168.JPG","2019-02-18 06:27:57","DON",21,94,"18/11/26","19/02/28","GROUSERUFFED"
"904","14_22_DON_000118.JPG","2019-02-19 21:03:13","DON",14,74,"18/12/13","19/02/25","DEERWHITETAILED"
"905","11_13_BC_000223.JPG","2019-02-22 14:34:39","BC",11,109,"18/11/15","19/03/04","SQUIRRELGRAY"
"906","21_21_DON_0171.JPG","2019-02-24 11:02:47","DON",21,94,"18/11/26","19/02/28","NOTHINGHERE"
"907","11_13_BC_000226.JPG","2019-02-24 11:48:07","BC",11,109,"18/11/15","19/03/04","NOTHINGHERE"
"908","11_13_BC_000229.JPG","2019-02-24 21:50:09","BC",11,109,"18/11/15","19/03/04","NOTHINGHERE"
"909","11_13_BC_000232.JPG","2019-02-24 21:59:58","BC",11,109,"18/11/15","19/03/04","NOTHINGHERE"
"910","21_21_DON_0174.JPG","2019-02-25 10:19:16","DON",21,94,"18/11/26","19/02/28","NOTHINGHERE"
"911","21_21_DON_0177.JPG","2019-02-25 11:07:13","DON",21,94,"18/11/26","19/02/28","NOTHINGHERE"
"912","21_21_DON_0180.JPG","2019-02-25 11:46:07","DON",21,94,"18/11/26","19/02/28","NOTHINGHERE"
"913","14_22_DON_000121.JPG","2019-02-25 17:11:07","DON",14,74,"18/12/13","19/02/25","HUMAN"
"914","11_13_BC_000235.JPG","2019-02-26 06:14:28","BC",11,109,"18/11/15","19/03/04","SOMETHINGHERE"
"915","11_13_BC_000238.JPG","2019-02-26 08:03:30","BC",11,109,"18/11/15","19/03/04","TURKEY"
"916","11_13_BC_000241.JPG","2019-02-26 11:42:29","BC",11,109,"18/11/15","19/03/04","SQUIRRELGRAY"
"917","11_13_BC_000244.JPG","2019-02-26 12:10:39","BC",11,109,"18/11/15","19/03/04","NOTHINGHERE"
"918","11_13_BC_000247.JPG","2019-02-26 12:55:26","BC",11,109,"18/11/15","19/03/04","NOTHINGHERE"
"919","11_13_BC_000250.JPG","2019-03-02 11:19:38","BC",11,109,"18/11/15","19/03/04","SQUIRRELGRAY"
"920","11_13_BC_000253.JPG","2019-03-02 11:34:05","BC",11,109,"18/11/15","19/03/04","SQUIRRELGRAY"
"921","11_13_BC_000256.JPG","2019-03-02 12:20:09","BC",11,109,"18/11/15","19/03/04","SQUIRRELGRAY"
"922","11_13_BC_000259.JPG","2019-03-02 12:22:03","BC",11,109,"18/11/15","19/03/04","SQUIRRELGRAY"
"923","17_24_BC_000271.JPG","2019-03-02 14:04:52","BC",17,109,"18/11/15","19/03/04","SQUIRRELGRAY"
"924","11_13_BC_000262.JPG","2019-03-03 12:02:00","BC",11,109,"18/11/15","19/03/04","NOTHINGHERE"
"925","11_13_BC_000265.JPG","2019-03-03 12:11:20","BC",11,109,"18/11/15","19/03/04","NOTHINGHERE"
"926","11_13_BC_000268.JPG","2019-03-03 12:15:27","BC",11,109,"18/11/15","19/03/04","NOTHINGHERE"
"927","11_13_BC_000271.JPG","2019-03-03 12:41:41","BC",11,109,"18/11/15","19/03/04","NOTHINGHERE"
"928","11_13_BC_000274.JPG","2019-03-04 12:47:50","BC",11,109,"18/11/15","19/03/04","NOTHINGHERE"
"929","11_13_BC_000277.JPG","2019-03-04 13:06:22","BC",11,109,"18/11/15","19/03/04","NOTHINGHERE"
"930","11_13_BC_000280.JPG","2019-03-04 14:12:29","BC",11,109,"18/11/15","19/03/04","NOTHINGHERE"
"931","11_13_BC_000283.JPG","2019-03-04 15:24:11","BC",11,109,"18/11/15","19/03/04","NOTHINGHERE"
