"","subject_ids","num_class","num_votes","agg_num_species","diff_species","choice","votes","propvote","propclass","med_count","min_count","max_count","behavior_CLIMBING","behavior_DIGGING","behavior_FLYING","behavior_FORAGINGEATING","behavior_INTERACTING","behavior_OTHER","behavior_SITTINGSTANDINGLYING","behavior_WALKINGRUNNING"
"1",31428286,4,4,1,1,"NOTHINGHERE",4,1,1,NA,NA,NA,NA,NA,NA,NA,NA,NA,NA,NA
"2",31428287,5,5,1,1,"NOTHINGHERE",5,1,1,NA,NA,NA,NA,NA,NA,NA,NA,NA,NA,NA
"3",31428288,6,6,1,1,"NOTHINGHERE",6,1,1,NA,NA,NA,NA,NA,NA,NA,NA,NA,NA,NA
"4",31428289,3,3,1,1,"NOTHINGHERE",3,1,1,NA,NA,NA,NA,NA,NA,NA,NA,NA,NA,NA
"5",31428290,4,4,1,2,"NOTHINGHERE",1,0.25,0.25,NA,NA,NA,NA,NA,NA,NA,NA,NA,NA,NA
"6",31428290,4,4,1,2,"SOMETHINGHERE",3,0.75,0.75,NA,NA,NA,NA,NA,NA,NA,NA,NA,NA,NA
"7",31428291,5,5,1,1,"NOTHINGHERE",5,1,1,NA,NA,NA,NA,NA,NA,NA,NA,NA,NA,NA
"8",31428292,1,1,1,1,"NOTHINGHERE",1,1,1,NA,NA,NA,NA,NA,NA,NA,NA,NA,NA,NA
"9",31428293,6,6,1,1,"NOTHINGHERE",6,1,1,NA,NA,NA,NA,NA,NA,NA,NA,NA,NA,NA
"10",31428294,2,2,1,1,"NOTHINGHERE",2,1,1,NA,NA,NA,NA,NA,NA,NA,NA,NA,NA,NA
"11",31428295,2,2,1,2,"CROWORRAVEN",1,0.5,0.5,2,2,2,0,0,0,0,0,0,1,0
"12",31428295,2,2,1,2,"TURKEY",1,0.5,0.5,2,2,2,0,0,0,0,0,0,0,1
"13",31428296,3,3,1,1,"NOTHINGHERE",3,1,1,NA,NA,NA,NA,NA,NA,NA,NA,NA,NA,NA
"14",31428297,3,3,1,1,"DEERWHITETAILED",3,1,1,1,1,1,0,0,0,0,0.333333333333333,0,0.666666666666667,0.333333333333333
"15",31428298,3,3,1,1,"DEERWHITETAILED",3,1,1,1,1,1,0,0,0,0,0,0,0,1
"16",31428299,3,3,1,1,"DEERWHITETAILED",3,1,1,1,1,1,0,0,0,0.333333333333333,0,0,0,1
"17",31428300,3,3,1,1,"DEERWHITETAILED",3,1,1,1,1,1,0,0,0,0,0,0,0,1
"18",31428301,7,8,1,4,"FOXGRAY",1,0.125,0.142857142857143,1,1,1,0,0,0,0,1,0,0,1
"19",31428301,7,8,1,4,"MOLE",1,0.125,0.142857142857143,1,1,1,0,0,0,0,0,0,0,1
"20",31428301,7,8,1,4,"NOTHINGHERE",1,0.125,0.142857142857143,NA,NA,NA,NA,NA,NA,NA,NA,NA,NA,NA
"21",31428301,7,8,1,4,"SOMETHINGHERE",5,0.625,0.714285714285714,NA,NA,NA,NA,NA,NA,NA,NA,NA,NA,NA
"22",31428302,4,4,1,1,"DEERWHITETAILED",4,1,1,1,1,1,0,0,0,0,0,0,0,1
"23",31428303,3,3,1,1,"DOMESTICDOG",3,1,1,1,1,1,0,0,0,0,0,0,0,1
"24",31428304,1,1,1,1,"COYOTE",1,1,1,1,1,1,0,0,0,0,0,0,0,1
"25",31428305,5,5,1,1,"HUMAN",5,1,1,1,1,1,0,0,0,0,0.2,0.4,0,0.8
"26",31428306,2,2,1,1,"COYOTE",2,1,1,1,1,1,0,0,0,0,0,0,0,1
"27",31428307,1,1,1,1,"NOTHINGHERE",1,1,1,NA,NA,NA,NA,NA,NA,NA,NA,NA,NA,NA
"28",31428308,4,4,1,1,"SOMETHINGHERE",4,1,1,NA,NA,NA,NA,NA,NA,NA,NA,NA,NA,NA
"29",31428309,3,3,1,1,"DEERWHITETAILED",3,1,1,NA,NA,NA,0,0,0,0.333333333333333,0,0,0.333333333333333,0.666666666666667
"30",31428310,4,4,1,2,"COTTONTAILRABBIT",1,0.25,0.25,1,1,1,0,0,0,0,0,0,0,1
"31",31428310,4,4,1,2,"SOMETHINGHERE",3,0.75,0.75,NA,NA,NA,NA,NA,NA,NA,NA,NA,NA,NA
"32",31428311,3,3,1,1,"NOTHINGHERE",3,1,1,NA,NA,NA,NA,NA,NA,NA,NA,NA,NA,NA
"33",31428312,7,7,1,2,"COTTONTAILRABBIT",3,0.428571428571429,0.428571428571429,1,1,1,0,0,0,0,0,0,0,1
"34",31428312,7,7,1,2,"SNOWSHOEHARE",4,0.571428571428571,0.571428571428571,1,1,1,0,0,0,0,0,0,0.25,1
"35",31428313,5,5,1,1,"DEERWHITETAILED",5,1,1,1,1,1,0,0,0,0,0,0,0,1
"36",31428314,6,6,1,1,"SQUIRRELGRAY",6,1,1,1,1,1,0,0,0,0,0,0,0.8,0.2
"37",31428315,4,4,1,1,"DEERWHITETAILED",4,1,1,1,1,1,0,0,0,0.5,0,0,0.75,0
"38",31428316,5,5,1,1,"DEERWHITETAILED",5,1,1,2,1,2,0,0,0,0.4,0,0,0,0.8
"39",31428317,5,5,1,1,"NOTHINGHERE",5,1,1,NA,NA,NA,NA,NA,NA,NA,NA,NA,NA,NA
"40",31428318,6,6,1,1,"NOTHINGHERE",6,1,1,NA,NA,NA,NA,NA,NA,NA,NA,NA,NA,NA
"41",31428319,5,5,1,2,"PORCUPINE",1,0.2,0.2,1,1,1,0,0,0,0,0,0,0,1
"42",31428319,5,5,1,2,"SOMETHINGHERE",4,0.8,0.8,NA,NA,NA,NA,NA,NA,NA,NA,NA,NA,NA
"43",31428320,2,3,2,2,"NOTHINGHERE",1,0.333333333333333,0.5,NA,NA,NA,NA,NA,NA,NA,NA,NA,NA,NA
"44",31428320,2,3,2,2,"SOMETHINGHERE",2,0.666666666666667,1,NA,NA,NA,NA,NA,NA,NA,NA,NA,NA,NA
"45",31428321,3,3,1,1,"SQUIRRELGRAY",3,1,1,1,1,1,0,0,0,0,0,0,0.666666666666667,0.333333333333333
"46",31428322,6,6,1,1,"SQUIRRELGRAY",6,1,1,1,1,1,0,0,0,0.166666666666667,0,0,0,1
"47",31428323,5,5,1,2,"SOMETHINGHERE",1,0.2,0.2,NA,NA,NA,NA,NA,NA,NA,NA,NA,NA,NA
"48",31428323,5,5,1,2,"SQUIRRELGRAY",4,0.8,0.8,1,1,1,0,0,0,0,0,0,0,1
"49",31428324,3,3,1,1,"SQUIRRELGRAY",3,1,1,1,1,1,0,0,0,1,0,0,0.333333333333333,0
"50",31428325,3,3,1,1,"SQUIRRELGRAY",3,1,1,1,1,1,0,0,0,0.666666666666667,0,0,0,1
"51",31428326,3,3,1,1,"SQUIRRELGRAY",3,1,1,1,1,1,0,0,0,0.666666666666667,0,0,0,0.666666666666667
"52",31428327,5,5,1,1,"NOTHINGHERE",5,1,1,NA,NA,NA,NA,NA,NA,NA,NA,NA,NA,NA
"53",31428328,5,5,1,1,"SQUIRRELGRAY",5,1,1,1,1,1,0,0,0,0.4,0,0,0,1
"54",31428329,5,5,1,2,"SOMETHINGHERE",4,0.8,0.8,NA,NA,NA,NA,NA,NA,NA,NA,NA,NA,NA
"55",31428329,5,5,1,2,"SQUIRRELGRAY",1,0.2,0.2,1,1,1,0,0,0,0,0,0,0,1
"56",31428330,4,4,1,1,"PORCUPINE",4,1,1,1,1,1,0,0,0,0,0,0,0,1
"57",31428331,5,5,1,1,"PORCUPINE",5,1,1,1,1,1,1,0,0,0,0,0,0,0
"58",31428332,4,4,1,1,"SQUIRRELGRAY",4,1,1,NA,NA,NA,0,0.333333333333333,0,0.333333333333333,0,0,0,0.666666666666667
"59",31428333,2,2,1,2,"NOTHINGHERE",1,0.5,0.5,NA,NA,NA,NA,NA,NA,NA,NA,NA,NA,NA
"60",31428333,2,2,1,2,"SOMETHINGHERE",1,0.5,0.5,NA,NA,NA,NA,NA,NA,NA,NA,NA,NA,NA
"61",31428334,3,3,1,1,"NOTHINGHERE",3,1,1,NA,NA,NA,NA,NA,NA,NA,NA,NA,NA,NA
"62",31428335,4,4,1,1,"SQUIRRELGRAY",4,1,1,1,1,1,0,0,0,0.25,0,0,0,1
"63",31428336,3,3,1,2,"NOTHINGHERE",1,0.333333333333333,0.333333333333333,NA,NA,NA,NA,NA,NA,NA,NA,NA,NA,NA
"64",31428336,3,3,1,2,"SQUIRRELGRAY",2,0.666666666666667,0.666666666666667,1,1,1,0,0,0,0,0,0,0.5,0.5
"65",31428337,4,4,1,1,"SQUIRRELGRAY",4,1,1,1,1,1,0,0,0,0,0,0,0,1
"66",31428338,2,2,1,1,"PORCUPINE",2,1,1,1,1,1,0,0,0,0,0,0,0,1
"67",31428339,6,6,1,1,"PORCUPINE",6,1,1,1,1,1,0,0,0,0,0,0,0,1
"68",31428340,3,3,1,1,"SQUIRRELGRAY",3,1,1,1,1,1,0,0,0,0,0,0,0,1
"69",31428341,6,6,1,1,"SQUIRRELGRAY",6,1,1,1,1,1,0,0,0,0.5,0,0,0.5,0.833333333333333
"70",31428342,3,3,1,1,"PORCUPINE",3,1,1,1,1,1,0,0,0,0,0,0,0,1
"71",31428343,1,1,1,1,"NOTHINGHERE",1,1,1,NA,NA,NA,NA,NA,NA,NA,NA,NA,NA,NA
"72",31428344,5,5,1,1,"SQUIRRELGRAY",5,1,1,1,1,1,0,0,0,0.2,0,0,0.2,0.6
"73",31428345,4,4,1,1,"SQUIRRELGRAY",4,1,1,1,1,1,0,0,0,0.75,0,0,0,0.75
"74",31428346,3,3,1,1,"SQUIRRELGRAY",3,1,1,1,1,1,0,0,0,1,0,0,0.333333333333333,0
"75",31428347,2,2,1,2,"NOTHINGHERE",1,0.5,0.5,NA,NA,NA,NA,NA,NA,NA,NA,NA,NA,NA
"76",31428347,2,2,1,2,"SQUIRRELGRAY",1,0.5,0.5,1,1,1,0,0,0,0,0,0,0,1
"77",31428348,4,4,1,1,"SQUIRRELGRAY",4,1,1,1,1,1,1,0,0,0,0,0,0,0
"78",31428349,7,7,1,1,"NOTHINGHERE",7,1,1,NA,NA,NA,NA,NA,NA,NA,NA,NA,NA,NA
"79",31428350,2,2,1,1,"NOTHINGHERE",2,1,1,NA,NA,NA,NA,NA,NA,NA,NA,NA,NA,NA
"80",31428351,4,4,1,2,"SOMETHINGHERE",1,0.25,0.25,NA,NA,NA,NA,NA,NA,NA,NA,NA,NA,NA
"81",31428351,4,4,1,2,"SQUIRRELGRAY",3,0.75,0.75,1,1,1,0,0,0,0,0,0,1,0
"82",31428352,1,1,1,1,"OTHERSMALLMAMMAL",1,1,1,1,1,1,0,0,0,0,0,0,0,1
"83",31428353,5,5,1,1,"PORCUPINE",5,1,1,1,1,1,0,0,0,0,0,0,0.4,0.6
"84",31428354,2,2,1,1,"SQUIRRELGRAY",2,1,1,1,1,1,0,0,0,1,0,0,0,0
"85",31428355,3,3,1,3,"COTTONTAILRABBIT",1,0.333333333333333,0.333333333333333,1,1,1,0,0,0,0,0,0,0,1
"86",31428355,3,3,1,3,"NOTHINGHERE",1,0.333333333333333,0.333333333333333,NA,NA,NA,NA,NA,NA,NA,NA,NA,NA,NA
"87",31428355,3,3,1,3,"SOMETHINGHERE",1,0.333333333333333,0.333333333333333,NA,NA,NA,NA,NA,NA,NA,NA,NA,NA,NA
"88",31428356,4,5,1,2,"NOTHINGHERE",4,0.8,1,NA,NA,NA,NA,NA,NA,NA,NA,NA,NA,NA
"89",31428356,4,5,1,2,"SOMETHINGHERE",1,0.2,0.25,NA,NA,NA,NA,NA,NA,NA,NA,NA,NA,NA
"90",31428357,5,5,1,1,"SQUIRRELGRAY",5,1,1,1,1,1,0,0,0,0.6,0,0,0.4,0.2
"91",31428358,2,2,1,1,"SQUIRRELGRAY",2,1,1,1,1,1,0,0,0,1,0,0,0.5,0.5
"92",31428359,3,3,1,1,"NOTHINGHERE",3,1,1,NA,NA,NA,NA,NA,NA,NA,NA,NA,NA,NA
"93",31428360,1,1,1,1,"TURKEY",1,1,1,1,1,1,0,0,0,0,0,0,0,1
"94",31428361,5,6,1,2,"TURKEY",5,0.833333333333333,1,NA,NA,NA,0,0,0,0,0,0,0.25,0.75
"95",31428361,5,6,1,2,"VULTURE",1,0.166666666666667,0.2,1,1,1,0,0,0,0,0,0,0,1
"96",31428362,3,3,1,1,"BOBCAT",3,1,1,1,1,1,0,0,0,0,0,0,0,1
"97",31428363,5,5,1,1,"PORCUPINE",5,1,1,1,1,1,0,0,0,0,0,0,0,1
"98",31428364,2,2,1,1,"PORCUPINE",2,1,1,NA,NA,NA,0,0,0,0,0,0,0,1
"99",31428365,4,4,1,2,"SOMETHINGHERE",1,0.25,0.25,NA,NA,NA,NA,NA,NA,NA,NA,NA,NA,NA
"100",31428365,4,4,1,2,"SQUIRRELGRAY",3,0.75,0.75,1,1,1,0,0,0,0,0,0.333333333333333,0.333333333333333,0.666666666666667
"101",31428366,1,1,1,1,"NOTHINGHERE",1,1,1,NA,NA,NA,NA,NA,NA,NA,NA,NA,NA,NA
"102",31428367,4,5,1,2,"NOTHINGHERE",4,0.8,1,NA,NA,NA,NA,NA,NA,NA,NA,NA,NA,NA
"103",31428367,4,5,1,2,"SOMETHINGHERE",1,0.2,0.25,NA,NA,NA,NA,NA,NA,NA,NA,NA,NA,NA
"104",31428368,3,3,1,1,"PORCUPINE",3,1,1,NA,NA,NA,0,0,0,0.666666666666667,0,0.333333333333333,0,0
"105",31428369,4,4,1,4,"NOTHINGHERE",1,0.25,0.25,NA,NA,NA,NA,NA,NA,NA,NA,NA,NA,NA
"106",31428369,4,4,1,4,"OTHERSMALLMAMMAL",1,0.25,0.25,1,1,1,0,0,0,0,0,0,0,1
"107",31428369,4,4,1,4,"SOMETHINGHERE",1,0.25,0.25,NA,NA,NA,NA,NA,NA,NA,NA,NA,NA,NA
"108",31428369,4,4,1,4,"SQUIRRELGRAY",1,0.25,0.25,1,1,1,0,0,0,0,0,0,0,1
"109",31428370,4,4,1,1,"WEASEL",4,1,1,1,1,1,0,0,0,0,0,0,0,1
"110",31428371,3,3,1,1,"SQUIRRELGRAY",3,1,1,1,1,1,0,0.333333333333333,0,0,0,0,0,0.666666666666667
"111",31428372,5,5,1,1,"SQUIRRELGRAY",5,1,1,1,1,1,0,0,0,0,0,0,0,1
"112",31428373,8,8,1,2,"GROUSERUFFED",7,0.875,0.875,1,1,1,0,0,0,0,0,0,0.714285714285714,0.428571428571429
"113",31428373,8,8,1,2,"OTHERBIRD",1,0.125,0.125,1,1,1,0,0,0,0,0,0,0,1
"114",31428374,5,5,1,3,"FISHER",3,0.6,0.6,1,1,1,0,0,0,0,0,0.333333333333333,0.666666666666667,0
"115",31428374,5,5,1,3,"MINK",1,0.2,0.2,1,1,1,0,0,0,0,0,0,1,0
"116",31428374,5,5,1,3,"SOMETHINGHERE",1,0.2,0.2,NA,NA,NA,NA,NA,NA,NA,NA,NA,NA,NA
"117",31428375,4,4,1,1,"SQUIRRELGRAY",4,1,1,1,1,1,0,0,0,0.25,0,0,0,1
"118",31428376,3,3,1,1,"SQUIRRELGRAY",3,1,1,1,1,1,0,0,0,0,0,0,0,1
"119",31428377,2,2,1,1,"SQUIRRELGRAY",2,1,1,1,1,1,0,0,0,0.5,0,0,0,0.5
"120",31428378,7,7,1,1,"NOTHINGHERE",7,1,1,NA,NA,NA,NA,NA,NA,NA,NA,NA,NA,NA
"121",31428379,4,4,1,1,"NOTHINGHERE",4,1,1,NA,NA,NA,NA,NA,NA,NA,NA,NA,NA,NA
"122",31428380,7,7,1,1,"SQUIRRELGRAY",7,1,1,1,1,1,0,0,0,0,0,0,0,1
"123",31428381,6,6,1,1,"SQUIRRELGRAY",6,1,1,NA,NA,NA,0,0,0,0.333333333333333,0,0,0.5,0.333333333333333
"124",31428382,4,4,1,2,"DEERWHITETAILED",1,0.25,0.25,1,1,1,0,0,0,0,0,0,1,0
"125",31428382,4,4,1,2,"SOMETHINGHERE",3,0.75,0.75,NA,NA,NA,NA,NA,NA,NA,NA,NA,NA,NA
"126",31428383,4,4,1,1,"DEERWHITETAILED",4,1,1,1,1,1,0,0,0,1,0,0,0.5,0
"127",31428384,3,3,1,1,"DEERWHITETAILED",3,1,1,1,1,1,0,0,0,1,0,0,0.666666666666667,0
"128",31428385,2,2,1,1,"DEERWHITETAILED",2,1,1,1,1,1,0,0,0,1,0,0,0,0
"129",31428386,4,4,1,1,"DEERWHITETAILED",4,1,1,1,1,1,0,0,0,0.25,0,0,0.5,0.25
"130",31428387,4,4,1,3,"DEERWHITETAILED",1,0.25,0.25,1,1,1,0,0,0,1,0,0,1,0
"131",31428387,4,4,1,3,"NOTHINGHERE",1,0.25,0.25,NA,NA,NA,NA,NA,NA,NA,NA,NA,NA,NA
"132",31428387,4,4,1,3,"SOMETHINGHERE",2,0.5,0.5,NA,NA,NA,NA,NA,NA,NA,NA,NA,NA,NA
"133",31428388,4,4,1,1,"SQUIRRELGRAY",4,1,1,1,1,1,0,0,0,0,0,0,0,1
"134",31428389,3,3,1,1,"NOTHINGHERE",3,1,1,NA,NA,NA,NA,NA,NA,NA,NA,NA,NA,NA
"135",31428390,3,3,1,2,"NOTHINGHERE",2,0.666666666666667,0.666666666666667,NA,NA,NA,NA,NA,NA,NA,NA,NA,NA,NA
"136",31428390,3,3,1,2,"OTHERSMALLMAMMAL",1,0.333333333333333,0.333333333333333,1,1,1,0,0,0,0,0,0,0,1
"137",31428391,5,5,1,2,"NOTHINGHERE",3,0.6,0.6,NA,NA,NA,NA,NA,NA,NA,NA,NA,NA,NA
"138",31428391,5,5,1,2,"OTHERSMALLMAMMAL",2,0.4,0.4,NA,NA,NA,0,0,0,0,0,0,0,1
"139",31428392,2,2,1,1,"SOMETHINGHERE",2,1,1,NA,NA,NA,NA,NA,NA,NA,NA,NA,NA,NA
"140",31428393,3,3,1,3,"GROUSERUFFED",1,0.333333333333333,0.333333333333333,1,1,1,0,0,0,0,0,0,0,1
"141",31428393,3,3,1,3,"HUMAN",1,0.333333333333333,0.333333333333333,1,1,1,0,0,0,0,0,0,0,1
"142",31428393,3,3,1,3,"TURKEY",1,0.333333333333333,0.333333333333333,1,1,1,0,0,0,0,0,0,0,1
"143",31428394,4,4,1,1,"SQUIRRELGRAY",4,1,1,1,1,1,0,0,0,0.75,0,0,0,1
"144",31428395,3,3,1,1,"NOTHINGHERE",3,1,1,NA,NA,NA,NA,NA,NA,NA,NA,NA,NA,NA
"145",31428396,5,5,1,1,"NOTHINGHERE",5,1,1,NA,NA,NA,NA,NA,NA,NA,NA,NA,NA,NA
"146",31428397,3,3,1,1,"SQUIRRELGRAY",3,1,1,1,1,1,0,0,0,0,0,0,0.666666666666667,0.333333333333333
"147",31428398,8,8,1,1,"SQUIRRELGRAY",8,1,1,1,1,1,0,0,0,0.142857142857143,0,0,0.571428571428571,0.428571428571429
"148",31428399,5,5,1,1,"SQUIRRELGRAY",5,1,1,2,1,2,0,0,0,0.4,0.2,0,0.4,0.6
"149",31428400,4,4,1,1,"SQUIRRELGRAY",4,1,1,1,1,1,0,0.25,0,0.5,0,0,0,0.5
"150",31428401,4,4,1,1,"NOTHINGHERE",4,1,1,NA,NA,NA,NA,NA,NA,NA,NA,NA,NA,NA
"151",31428402,6,6,1,1,"NOTHINGHERE",6,1,1,NA,NA,NA,NA,NA,NA,NA,NA,NA,NA,NA
"152",31428403,5,5,1,1,"NOTHINGHERE",5,1,1,NA,NA,NA,NA,NA,NA,NA,NA,NA,NA,NA
"153",31428404,1,1,1,1,"NOTHINGHERE",1,1,1,NA,NA,NA,NA,NA,NA,NA,NA,NA,NA,NA
"154",31428405,2,2,1,1,"NOTHINGHERE",2,1,1,NA,NA,NA,NA,NA,NA,NA,NA,NA,NA,NA
"155",31428406,5,5,1,1,"NOTHINGHERE",5,1,1,NA,NA,NA,NA,NA,NA,NA,NA,NA,NA,NA
"156",31428407,3,3,1,1,"NOTHINGHERE",3,1,1,NA,NA,NA,NA,NA,NA,NA,NA,NA,NA,NA
"157",31428408,4,4,1,1,"NOTHINGHERE",4,1,1,NA,NA,NA,NA,NA,NA,NA,NA,NA,NA,NA
"158",31428409,2,2,1,1,"SOMETHINGHERE",2,1,1,NA,NA,NA,NA,NA,NA,NA,NA,NA,NA,NA
"159",31428410,8,8,1,2,"DEERWHITETAILED",4,0.5,0.5,1,1,1,0,0,0,0.666666666666667,0,0,0,0.666666666666667
"160",31428410,8,8,1,2,"SOMETHINGHERE",4,0.5,0.5,NA,NA,NA,NA,NA,NA,NA,NA,NA,NA,NA
"161",31428411,5,5,1,1,"NOTHINGHERE",5,1,1,NA,NA,NA,NA,NA,NA,NA,NA,NA,NA,NA
"162",31428412,6,6,1,1,"NOTHINGHERE",6,1,1,NA,NA,NA,NA,NA,NA,NA,NA,NA,NA,NA
"163",31428413,3,3,1,2,"RACCOON",2,0.666666666666667,0.666666666666667,1,1,1,0,0,0,0,0,0,0,1
"164",31428413,3,3,1,2,"SOMETHINGHERE",1,0.333333333333333,0.333333333333333,NA,NA,NA,NA,NA,NA,NA,NA,NA,NA,NA
"165",31428414,3,3,1,1,"DEERWHITETAILED",3,1,1,1,1,1,0,0,0,0.666666666666667,0,0,0,1
"166",31428415,5,5,1,1,"DEERWHITETAILED",5,1,1,1,1,1,0,0,0,0.8,0,0,0,0.6
"167",31428416,3,3,1,1,"NOTHINGHERE",3,1,1,NA,NA,NA,NA,NA,NA,NA,NA,NA,NA,NA
"168",31428417,6,6,1,1,"DEERWHITETAILED",6,1,1,1,1,1,0,0,0,0,0,0,0.666666666666667,0.333333333333333
"169",31428418,6,6,1,1,"DEERWHITETAILED",6,1,1,1,1,1,0,0,0,0,0,0,0,1
"170",31428419,7,7,1,1,"DEERWHITETAILED",7,1,1,NA,NA,NA,0,0,0,0.166666666666667,0,0,0,1
"171",31428420,5,5,1,1,"DEERWHITETAILED",5,1,1,1,1,1,0,0,0,0,0,0,0,1
"172",31428421,4,4,1,1,"DEERWHITETAILED",4,1,1,1,1,1,0,0,0,0,0,0,0,1
"173",31428422,4,4,1,1,"DEERWHITETAILED",4,1,1,1,1,1,0,0,0,0,0,0,0,1
"174",31428423,3,3,1,1,"NOTHINGHERE",3,1,1,NA,NA,NA,NA,NA,NA,NA,NA,NA,NA,NA
"175",31428424,4,4,1,1,"DEERWHITETAILED",4,1,1,1,1,1,0,0,0,0,0,0,0,1
"176",31428425,2,2,1,1,"DEERWHITETAILED",2,1,1,1,1,1,0,0,0,0,0,0,0,1
"177",31428426,2,2,1,1,"DEERWHITETAILED",2,1,1,1,1,1,0,0,0,0,0,0,0,1
"178",31428427,4,4,1,1,"DEERWHITETAILED",4,1,1,1,1,1,0,0,0,0.5,0,0,0,0.5
"179",31428428,4,4,1,1,"DEERWHITETAILED",4,1,1,2,2,2,0,0,0,0,0,0,0,1
"180",31428429,6,6,1,1,"DEERWHITETAILED",6,1,1,4,2,4,0,0,0,0,0,0,0,1
"181",31428430,4,4,1,2,"FOXRED",1,0.25,0.25,1,1,1,0,0,0,0,0,0,0,1
"182",31428430,4,4,1,2,"SOMETHINGHERE",3,0.75,0.75,NA,NA,NA,NA,NA,NA,NA,NA,NA,NA,NA
"183",31428431,5,5,1,1,"DEERWHITETAILED",5,1,1,1,1,1,0,0,0,0,0,0,0,1
"184",31428432,3,3,1,1,"RACCOON",3,1,1,1,1,1,0,0,0,0,0,0,0,1
"185",31428433,4,4,1,3,"DEERWHITETAILED",1,0.25,0.25,1,1,1,0,0,0,0,0,0,0,1
"186",31428433,4,4,1,3,"NOTHINGHERE",2,0.5,0.5,NA,NA,NA,NA,NA,NA,NA,NA,NA,NA,NA
"187",31428433,4,4,1,3,"SOMETHINGHERE",1,0.25,0.25,NA,NA,NA,NA,NA,NA,NA,NA,NA,NA,NA
"188",31428434,6,6,1,1,"NOTHINGHERE",6,1,1,NA,NA,NA,NA,NA,NA,NA,NA,NA,NA,NA
"189",31428435,2,2,1,1,"NOTHINGHERE",2,1,1,NA,NA,NA,NA,NA,NA,NA,NA,NA,NA,NA
"190",31428436,3,3,1,1,"NOTHINGHERE",3,1,1,NA,NA,NA,NA,NA,NA,NA,NA,NA,NA,NA
"191",31428437,5,5,1,1,"COYOTE",5,1,1,1,1,1,0,0,0,0,0,0,0.2,0.8
"192",31428438,4,4,1,1,"DEERWHITETAILED",4,1,1,1,1,1,0,0,0,0,0,0,0,1
"193",31428439,2,2,1,1,"NOTHINGHERE",2,1,1,NA,NA,NA,NA,NA,NA,NA,NA,NA,NA,NA
"194",31428440,4,4,1,1,"DEERWHITETAILED",4,1,1,1,1,1,0,0,0,0,0,0,0,1
"195",31428441,7,7,1,1,"DEERWHITETAILED",7,1,1,1,1,1,0,0,0,0,0,0,0,1
"196",31428442,7,7,1,5,"COYOTE",1,0.142857142857143,0.142857142857143,1,1,1,0,0,0,0,0,0,0,1
"197",31428442,7,7,1,5,"FOXGRAY",2,0.285714285714286,0.285714285714286,1,1,1,0,0,0,0,0,0,0,1
"198",31428442,7,7,1,5,"FOXRED",2,0.285714285714286,0.285714285714286,1,1,1,0,0,0,0,0,0,0,1
"199",31428442,7,7,1,5,"SOMETHINGHERE",1,0.142857142857143,0.142857142857143,NA,NA,NA,NA,NA,NA,NA,NA,NA,NA,NA
"200",31428442,7,7,1,5,"WOODCHUCK",1,0.142857142857143,0.142857142857143,1,1,1,0,0,0,0,0,0,0,1
"201",31428443,7,7,1,2,"AMERICANPINEMARTEN",1,0.142857142857143,0.142857142857143,NA,NA,NA,NA,NA,NA,NA,NA,NA,NA,NA
"202",31428443,7,7,1,2,"NOTHINGHERE",6,0.857142857142857,0.857142857142857,NA,NA,NA,NA,NA,NA,NA,NA,NA,NA,NA
"203",31428444,1,1,1,1,"DEERWHITETAILED",1,1,1,1,1,1,0,0,0,0,0,0,0,1
"204",31428445,3,3,1,2,"GROUSERUFFED",2,0.666666666666667,0.666666666666667,1,1,1,0,0,0,0,0,0,0,1
"205",31428445,3,3,1,2,"OTHERBIRD",1,0.333333333333333,0.333333333333333,1,1,1,0,0,0,0,0,0,0,1
"206",31428446,4,4,1,1,"FOXRED",4,1,1,1,1,1,0,0,0,0,0,0,0,1
"207",31428447,3,3,1,1,"NOTHINGHERE",3,1,1,NA,NA,NA,NA,NA,NA,NA,NA,NA,NA,NA
"208",31428448,6,6,1,3,"COYOTE",1,0.166666666666667,0.166666666666667,1,1,1,0,0,0,0,1,0,0,1
"209",31428448,6,6,1,3,"DEERWHITETAILED",3,0.5,0.5,1,1,1,0,0,0,0,0,0,0,1
"210",31428448,6,6,1,3,"SOMETHINGHERE",2,0.333333333333333,0.333333333333333,NA,NA,NA,NA,NA,NA,NA,NA,NA,NA,NA
"211",31428449,5,5,1,1,"HUMAN",5,1,1,NA,NA,NA,0,0,0,0,0,0,0,1
"212",31428450,3,3,1,1,"DEERWHITETAILED",3,1,1,NA,NA,NA,0,0,0,0,0,0,0,1
"213",31428451,3,3,1,1,"DEERWHITETAILED",3,1,1,1,1,1,0,0,0,0,0,0,0,1
"214",31428452,2,2,1,1,"DEERWHITETAILED",2,1,1,1,1,1,0,0,0,0,0,0,1,0
"215",31428454,3,3,1,1,"HUMAN",3,1,1,NA,NA,NA,0,0,0,0,0,0.666666666666667,0,0.666666666666667
"216",31428455,5,5,1,1,"DEERWHITETAILED",5,1,1,1,1,1,0,0,0,0,0,0,0,1
"217",31428456,6,6,1,1,"HUMAN",6,1,1,NA,NA,NA,0,0,0,0,0,0,0,1
"218",31428457,2,2,1,1,"DEERWHITETAILED",2,1,1,1,1,1,0,0,0,0,0,0,0,1
"219",31428458,1,1,1,1,"DEERWHITETAILED",1,1,1,1,1,1,0,0,0,0,0,0,0,1
"220",31428459,6,6,1,1,"NOTHINGHERE",6,1,1,NA,NA,NA,NA,NA,NA,NA,NA,NA,NA,NA
"221",31428460,6,6,1,3,"COYOTE",4,0.666666666666667,0.666666666666667,1,1,1,0,0,0,0,0,0,0,1
"222",31428460,6,6,1,3,"DEERWHITETAILED",1,0.166666666666667,0.166666666666667,1,1,1,0,0,0,0,0,0,0,1
"223",31428460,6,6,1,3,"SOMETHINGHERE",1,0.166666666666667,0.166666666666667,NA,NA,NA,NA,NA,NA,NA,NA,NA,NA,NA
"224",31428461,4,4,1,2,"DEERWHITETAILED",3,0.75,0.75,1,1,1,0,0,0,0,0,0,0,1
"225",31428461,4,4,1,2,"SOMETHINGHERE",1,0.25,0.25,NA,NA,NA,NA,NA,NA,NA,NA,NA,NA,NA
"226",31428462,5,5,1,1,"DEERWHITETAILED",5,1,1,1,1,1,0,0,0,0,0,0,0,1
"227",31428463,7,7,1,1,"DEERWHITETAILED",7,1,1,1,1,1,0,0,0,0,0.285714285714286,0,0.285714285714286,1
"228",31428464,3,3,1,1,"DEERWHITETAILED",3,1,1,1,1,1,0,0,0,0,0,0,1,0
"229",31428465,4,4,1,3,"DEERWHITETAILED",2,0.5,0.5,1,1,1,0,0,0,0,0,0,0,1
"230",31428465,4,4,1,3,"NOTHINGHERE",1,0.25,0.25,NA,NA,NA,NA,NA,NA,NA,NA,NA,NA,NA
"231",31428465,4,4,1,3,"SOMETHINGHERE",1,0.25,0.25,NA,NA,NA,NA,NA,NA,NA,NA,NA,NA,NA
"232",31428466,2,2,1,1,"DEERWHITETAILED",2,1,1,1,1,1,0,0,0,1,0,0,0,0.5
"233",31428467,3,3,1,2,"COYOTE",1,0.333333333333333,0.333333333333333,1,1,1,0,0,0,0,0,0,0,1
"234",31428467,3,3,1,2,"SOMETHINGHERE",2,0.666666666666667,0.666666666666667,NA,NA,NA,NA,NA,NA,NA,NA,NA,NA,NA
"235",31428468,4,4,1,3,"COYOTE",1,0.25,0.25,1,1,1,0,0,0,0,0,0,0,1
"236",31428468,4,4,1,3,"DEERWHITETAILED",2,0.5,0.5,1,1,1,0,0,0,0.5,0,0,0,1
"237",31428468,4,4,1,3,"SOMETHINGHERE",1,0.25,0.25,NA,NA,NA,NA,NA,NA,NA,NA,NA,NA,NA
"238",31428469,5,5,1,1,"DEERWHITETAILED",5,1,1,1,1,2,0,0,0,0.6,0,0,0.6,0.2
"239",31428470,4,4,1,1,"DEERWHITETAILED",4,1,1,1,1,1,0,0,0,0,0,0,0.75,0.25
"240",31428471,2,2,1,1,"DEERWHITETAILED",2,1,1,1,1,1,0,0,0,1,0,0,0.5,0
"241",31428472,6,6,1,1,"DEERWHITETAILED",6,1,1,1,1,1,0,0,0,0.666666666666667,0,0,0.5,0.166666666666667
"242",31428473,6,6,1,1,"NOTHINGHERE",6,1,1,NA,NA,NA,NA,NA,NA,NA,NA,NA,NA,NA
"243",31428474,3,3,1,1,"DEERWHITETAILED",3,1,1,NA,NA,NA,0,0,0,0,0,0,0.666666666666667,0.333333333333333
"244",31428475,5,5,1,1,"DEERWHITETAILED",5,1,1,1,1,1,0,0,0,0,0,0,0,1
"245",31428476,5,5,1,1,"DEERWHITETAILED",5,1,1,1,1,1,0,0,0,0,0,0,0,1
"246",31428477,6,6,1,1,"DEERWHITETAILED",6,1,1,1,1,1,0,0,0,0.5,0,0,0,0.833333333333333
"247",31428478,3,3,1,1,"DEERWHITETAILED",3,1,1,2,2,2,0,0,0,0.333333333333333,0,0,0,0.666666666666667
"248",31428479,4,4,1,1,"DEERWHITETAILED",4,1,1,1,1,1,0,0,0,0,0,0,0,1
"249",31428480,7,7,1,1,"DEERWHITETAILED",7,1,1,NA,NA,NA,0,0,0,0,0,0,0,1
"250",31428481,5,5,1,1,"DEERWHITETAILED",5,1,1,1,1,1,0,0,0,0,0,0,0,1
"251",31428482,4,4,1,1,"DEERWHITETAILED",4,1,1,1,1,1,0,0,0,0,0,0,0,1
"252",31428483,5,5,1,1,"DEERWHITETAILED",5,1,1,1,1,1,0,0,0,0,0,0,0,1
"253",31428484,4,4,1,1,"DEERWHITETAILED",4,1,1,1,1,1,0,0,0,0,0,0,0,1
"254",31428485,8,8,1,1,"COYOTE",8,1,1,1,1,1,0,0,0,0,0,0,0,1
"255",31428486,4,4,1,1,"DEERWHITETAILED",4,1,1,1,1,1,0,0,0,0,0,0,0,1
"256",31428487,3,3,1,1,"DEERWHITETAILED",3,1,1,1,1,1,0,0,0,0,0,0,0,1
"257",31428488,4,4,1,2,"DEERWHITETAILED",3,0.75,0.75,1,1,1,0,0,0,1,0,0,0.333333333333333,0
"258",31428488,4,4,1,2,"SOMETHINGHERE",1,0.25,0.25,NA,NA,NA,NA,NA,NA,NA,NA,NA,NA,NA
"259",31428489,3,3,1,1,"DEERWHITETAILED",3,1,1,1,1,1,0,0,0,0.666666666666667,0,0,0.333333333333333,0
"260",31428490,3,3,1,1,"DEERWHITETAILED",3,1,1,1,1,1,0,0,0,0.333333333333333,0,0,0.666666666666667,0
"261",31428491,7,7,1,1,"TURKEY",7,1,1,1,1,1,0,0,0,0.142857142857143,0,0,0,0.857142857142857
"262",31428492,4,4,1,1,"SOMETHINGHERE",4,1,1,NA,NA,NA,NA,NA,NA,NA,NA,NA,NA,NA
"263",31428493,4,4,1,1,"DEERWHITETAILED",4,1,1,1,1,1,0,0,0,0,0,0,0,1
"264",31428494,5,5,1,1,"DEERWHITETAILED",5,1,1,1,1,1,0,0,0,0,0,0,0,1
"265",31428495,4,4,1,1,"DEERWHITETAILED",4,1,1,1,1,1,0,0,0,0.5,0,0,0,1
"266",31428496,6,6,1,1,"DEERWHITETAILED",6,1,1,1,1,1,0,0,0,0,0,0,0,1
"267",31428497,5,5,1,1,"NOTHINGHERE",5,1,1,NA,NA,NA,NA,NA,NA,NA,NA,NA,NA,NA
"268",31428498,2,2,1,1,"DEERWHITETAILED",2,1,1,1,1,1,0,0,0,0,0,0,0,1
"269",31428499,4,4,1,2,"NOTHINGHERE",1,0.25,0.25,NA,NA,NA,NA,NA,NA,NA,NA,NA,NA,NA
"270",31428499,4,4,1,2,"SOMETHINGHERE",3,0.75,0.75,NA,NA,NA,NA,NA,NA,NA,NA,NA,NA,NA
"271",31428500,4,4,1,1,"DEERWHITETAILED",4,1,1,1,1,1,0,0,0,0.25,0,0,0,1
"272",31428501,2,2,1,1,"DEERWHITETAILED",2,1,1,1,1,1,0,0,0,0,0,0,0,1
"273",31428502,5,5,1,1,"DEERWHITETAILED",5,1,1,1,1,1,0,0,0,0.4,0,0,0,1
"274",31428503,1,1,1,1,"NOTHINGHERE",1,1,1,NA,NA,NA,NA,NA,NA,NA,NA,NA,NA,NA
"275",31428504,3,3,1,1,"DEERWHITETAILED",3,1,1,1,1,1,0,0,0,0,0,0,0,1
"276",31428505,4,4,1,1,"DEERWHITETAILED",4,1,1,1,1,1,0,0,0,0,0,0,0,1
"277",31428506,3,3,1,1,"DEERWHITETAILED",3,1,1,2,2,2,0,0,0,0.333333333333333,0,0,0.666666666666667,1
"278",31428507,4,4,1,1,"DEERWHITETAILED",4,1,1,1,1,1,0,0,0,0,0,0,0,1
"279",31428508,6,6,1,1,"DEERWHITETAILED",6,1,1,1,1,1,0,0,0,0,0,0,0,1
"280",31428509,3,3,1,1,"DEERWHITETAILED",3,1,1,1,1,1,0,0,0,0,0,0,0,1
"281",31428510,1,1,1,1,"DEERWHITETAILED",1,1,1,1,1,1,0,0,0,0,0,0,0,1
"282",31428511,5,5,1,1,"DEERWHITETAILED",5,1,1,1,1,1,0,0,0,0,0,0,0,1
"283",31428512,3,3,1,1,"DEERWHITETAILED",3,1,1,1,1,1,0,0,0,0,0,0,0,1
"284",31428513,5,5,1,2,"SOMETHINGHERE",4,0.8,0.8,NA,NA,NA,NA,NA,NA,NA,NA,NA,NA,NA
"285",31428513,5,5,1,2,"WOODCHUCK",1,0.2,0.2,1,1,1,0,0,0,0,0,0,0,1
"286",31428514,7,7,1,1,"DEERWHITETAILED",7,1,1,1,1,1,0,0,0,0.142857142857143,0,0,0,1
"287",31428515,2,2,1,1,"DEERWHITETAILED",2,1,1,1,1,1,0,0,0,0,0,0,0,1
"288",31428516,6,6,1,1,"NOTHINGHERE",6,1,1,NA,NA,NA,NA,NA,NA,NA,NA,NA,NA,NA
"289",31428517,4,4,1,1,"DEERWHITETAILED",4,1,1,1,1,1,0,0,0,0.25,0,0,0,0.75
"290",31428518,5,5,1,1,"NOTHINGHERE",5,1,1,NA,NA,NA,NA,NA,NA,NA,NA,NA,NA,NA
"291",31428519,4,4,1,1,"DEERWHITETAILED",4,1,1,1,1,1,0,0,0,0.25,0,0,0,1
"292",31428520,4,5,1,3,"DEERWHITETAILED",2,0.4,0.5,1,1,1,0,0,0,0,0,0,1,0
"293",31428520,4,5,1,3,"NOTHINGHERE",1,0.2,0.25,NA,NA,NA,NA,NA,NA,NA,NA,NA,NA,NA
"294",31428520,4,5,1,3,"SOMETHINGHERE",2,0.4,0.5,NA,NA,NA,NA,NA,NA,NA,NA,NA,NA,NA
"295",31428521,3,3,1,1,"DEERWHITETAILED",3,1,1,1,1,1,0,0,0,0,0,0,0,1
"296",31428522,2,2,1,1,"DEERWHITETAILED",2,1,1,1,1,1,0,0,0,0.5,0,0,0,1
"297",31428523,2,2,1,1,"DEERWHITETAILED",2,1,1,1,1,1,0,0,0,0,0,0,0,1
"298",31428524,5,5,1,1,"DEERWHITETAILED",5,1,1,1,1,1,0,0,0,0,0,0,0,1
"299",31428525,2,2,1,1,"DEERWHITETAILED",2,1,1,1,1,1,0,0,0,0.5,0,0,0.5,0.5
"300",31428526,4,4,1,1,"DEERWHITETAILED",4,1,1,1,1,1,0,0,0,0,0,0,0,1
"301",31428527,3,3,1,1,"DEERWHITETAILED",3,1,1,1,1,1,0,0,0,0,0,0,0,1
"302",31428528,4,4,1,1,"DEERWHITETAILED",4,1,1,2,2,2,0,0,0,0.75,0,0,0.25,1
"303",31428529,4,4,1,1,"DEERWHITETAILED",4,1,1,1,1,1,0,0,0,0.25,0,0,0.75,0
"304",31428530,6,6,1,1,"DEERWHITETAILED",6,1,1,2,2,2,0,0,0,0,0,0,0,1
"305",31428531,3,3,1,1,"DEERWHITETAILED",3,1,1,1,1,1,0,0,0,0,0,0.333333333333333,0,1
"306",31428532,3,3,1,1,"DEERWHITETAILED",3,1,1,1,1,1,0,0,0,0,0,0,0.333333333333333,0.666666666666667
"307",31428533,3,3,1,1,"DEERWHITETAILED",3,1,1,1,1,1,0,0,0,0,0,0,0.666666666666667,0.333333333333333
"308",31428534,4,4,1,1,"DEERWHITETAILED",4,1,1,1,1,1,0,0,0,0,0,0,0.25,1
"309",31428535,6,6,1,1,"DEERWHITETAILED",6,1,1,1,1,1,0,0,0,0,0,0,0,1
"310",31428536,2,2,1,1,"NOTHINGHERE",2,1,1,NA,NA,NA,NA,NA,NA,NA,NA,NA,NA,NA
"311",31428537,2,2,1,1,"DEERWHITETAILED",2,1,1,1,1,1,0,0,0,0,0,0,0,1
"312",31428538,5,5,1,1,"SQUIRRELGRAY",5,1,1,1,1,1,0,0,0,0,0,0,0.333333333333333,0.666666666666667
"313",31428539,4,4,1,1,"SQUIRRELGRAY",4,1,1,1,1,1,0.75,0,0,0,0,0,0.5,0
"314",31428540,5,5,1,1,"SQUIRRELGRAY",5,1,1,1,1,1,0,0,0,0.2,0,0,0,0.8
"315",31428541,4,4,1,1,"SQUIRRELGRAY",4,1,1,NA,NA,NA,0,0,0,0,0,0,0.666666666666667,0.333333333333333
"316",31428542,3,3,1,1,"DEERWHITETAILED",3,1,1,1,1,1,0,0,0,0,0,0,0,1
"317",31428543,7,7,1,1,"DEERWHITETAILED",7,1,1,1,1,1,0,0,0,0,0,0,0,1
"318",31428544,6,6,1,1,"DEERWHITETAILED",6,1,1,1,1,1,0,0,0,0.166666666666667,0,0,0,0.833333333333333
"319",31428545,4,4,1,1,"NOTHINGHERE",4,1,1,NA,NA,NA,NA,NA,NA,NA,NA,NA,NA,NA
"320",31428546,5,5,1,1,"SOMETHINGHERE",5,1,1,NA,NA,NA,NA,NA,NA,NA,NA,NA,NA,NA
"321",31428547,3,3,1,2,"SOMETHINGHERE",1,0.333333333333333,0.333333333333333,NA,NA,NA,NA,NA,NA,NA,NA,NA,NA,NA
"322",31428547,3,3,1,2,"SQUIRRELGRAY",2,0.666666666666667,0.666666666666667,1,1,1,0,0,0,0,0,0,0,1
"323",31428548,6,6,1,1,"NOTHINGHERE",6,1,1,NA,NA,NA,NA,NA,NA,NA,NA,NA,NA,NA
"324",31428549,5,5,1,1,"SQUIRRELGRAY",5,1,1,NA,NA,NA,0,0,0,0,0,0,0.5,0.5
"325",31428550,4,4,1,1,"SQUIRRELGRAY",4,1,1,1,1,1,0,0,0,0,0,0,0,1
"326",31428551,3,3,1,1,"SQUIRRELGRAY",3,1,1,1,1,1,0,0,0,0,0,0,0.333333333333333,0.666666666666667
"327",31428552,6,6,1,4,"COYOTE",1,0.166666666666667,0.166666666666667,1,1,1,0,0,0,0,0,0,1,0
"328",31428552,6,6,1,4,"NOTHINGHERE",1,0.166666666666667,0.166666666666667,NA,NA,NA,NA,NA,NA,NA,NA,NA,NA,NA
"329",31428552,6,6,1,4,"SOMETHINGHERE",1,0.166666666666667,0.166666666666667,NA,NA,NA,NA,NA,NA,NA,NA,NA,NA,NA
"330",31428552,6,6,1,4,"SQUIRRELGRAY",3,0.5,0.5,1,1,1,0,0,0,0,0,0,1,0
"331",31428553,7,7,1,1,"SQUIRRELGRAY",7,1,1,1,1,1,0.714285714285714,0,0,0.428571428571429,0,0,0.285714285714286,0
"332",31428554,3,3,1,1,"DEERWHITETAILED",3,1,1,1,1,1,0,0,0,0,0,0,0.666666666666667,0.333333333333333
"333",31428555,4,4,1,1,"DEERWHITETAILED",4,1,1,1,1,1,0,0,0,0,0.25,0,0.5,0.5
"334",31428556,7,7,1,1,"DEERWHITETAILED",7,1,1,1,1,1,0,0,0,0,0.142857142857143,0.142857142857143,0.857142857142857,0.142857142857143
"335",31428557,5,6,1,2,"DEERWHITETAILED",5,0.833333333333333,1,1,1,1,0,0,0,0.2,0,0,0,0.8
"336",31428557,5,6,1,2,"NOTHINGHERE",1,0.166666666666667,0.2,NA,NA,NA,NA,NA,NA,NA,NA,NA,NA,NA
"337",31428558,4,4,1,2,"SOMETHINGHERE",3,0.75,0.75,NA,NA,NA,NA,NA,NA,NA,NA,NA,NA,NA
"338",31428558,4,4,1,2,"SQUIRRELGRAY",1,0.25,0.25,1,1,1,0,0,0,0,0,0,0,1
"339",31428559,2,2,1,1,"SQUIRRELGRAY",2,1,1,1,1,1,0,0,0,1,0,0,0,0
"340",31428560,3,3,1,2,"COYOTE",1,0.333333333333333,0.333333333333333,1,1,1,0,0,0,0,0,0,0,1
"341",31428560,3,3,1,2,"SQUIRRELGRAY",2,0.666666666666667,0.666666666666667,1,1,1,0,0,0,0,0,0,0,1
"342",31428561,3,3,1,1,"SQUIRRELGRAY",3,1,1,1,1,1,0,0,0,0,0,0,0,1
"343",31428562,5,5,1,2,"DEERWHITETAILED",2,0.4,0.4,1,1,1,0,0,0,0,0.5,0,1,0
"344",31428562,5,5,1,2,"SOMETHINGHERE",3,0.6,0.6,NA,NA,NA,NA,NA,NA,NA,NA,NA,NA,NA
"345",31428563,4,4,1,1,"DEERWHITETAILED",4,1,1,1,1,1,0,0,0,0,0,0,0,1
"346",31428564,4,4,1,1,"DEERWHITETAILED",4,1,1,1,1,1,0,0,0,0.25,0,0,0.75,0.25
"347",31428565,4,4,1,1,"DEERWHITETAILED",4,1,1,1,1,1,0,0,0,0,0,0,0.25,0.75
"348",31428566,5,5,1,1,"DEERWHITETAILED",5,1,1,1,1,1,0,0,0,0,0,0.2,0.2,0.8
"349",31428567,6,6,1,1,"NOTHINGHERE",6,1,1,NA,NA,NA,NA,NA,NA,NA,NA,NA,NA,NA
"350",31428568,4,4,1,1,"DEERWHITETAILED",4,1,1,1,1,1,0,0,0,0,0,0,0,1
"351",31428569,1,1,1,1,"DEERWHITETAILED",1,1,1,1,1,1,0,0,0,0,0,0,1,0
"352",31428570,3,3,1,1,"DEERWHITETAILED",3,1,1,1,1,1,0,0,0,0.333333333333333,0,0,0,1
"353",31428571,4,4,1,1,"DEERWHITETAILED",4,1,1,1,1,1,0,0,0,0,0.25,0,0,1
"354",31428572,9,9,1,1,"DEERWHITETAILED",9,1,1,NA,NA,NA,0,0,0,0.25,0,0,0,0.875
"355",31428573,5,5,1,1,"DEERWHITETAILED",5,1,1,1,1,1,0,0,0,0.4,0,0,0.4,0.6
"356",31428574,4,4,1,1,"DEERWHITETAILED",4,1,1,NA,NA,NA,0,0,0,0,0,0,0,1
"357",31428575,4,4,1,1,"DEERWHITETAILED",4,1,1,1,1,1,0,0,0,0.25,0,0,0,0.75
"358",31428576,3,3,1,1,"DEERWHITETAILED",3,1,1,1,1,1,0,0,0,0.666666666666667,0,0,0,0.666666666666667
"359",31428577,5,5,1,1,"DEERWHITETAILED",5,1,1,4,4,4,0,0,0,0.6,0,0,0.2,0.6
"360",31428578,2,2,1,1,"SQUIRRELGRAY",2,1,1,1,1,1,0,0,0,0.5,0,0,0.5,0.5
"361",31428579,3,3,1,1,"NOTHINGHERE",3,1,1,NA,NA,NA,NA,NA,NA,NA,NA,NA,NA,NA
"362",31428580,4,4,1,1,"NOTHINGHERE",4,1,1,NA,NA,NA,NA,NA,NA,NA,NA,NA,NA,NA
"363",31428581,4,4,1,1,"DEERWHITETAILED",4,1,1,1,1,1,0,0,0,0,0,0,0,1
"364",31428582,4,4,1,1,"SQUIRRELGRAY",4,1,1,1,1,1,0.5,0,0,0.25,0,0,0.75,0
"365",31428583,4,4,1,1,"SQUIRRELGRAY",4,1,1,1,1,1,0,0,0,0,0,0,0,1
"366",31428584,3,3,1,1,"NOTHINGHERE",3,1,1,NA,NA,NA,NA,NA,NA,NA,NA,NA,NA,NA
"367",31428585,4,4,1,1,"DEERWHITETAILED",4,1,1,1,1,1,0,0,0,0.5,0,0,0,0.5
"368",31428586,5,5,1,1,"DEERWHITETAILED",5,1,1,1,1,1,0,0,0,0,0,0,1,0.2
"369",31428587,4,4,1,1,"DEERWHITETAILED",4,1,1,4,1,4,0,0,0,0,0,0,0.25,1
"370",31428588,5,5,1,1,"DEERWHITETAILED",5,1,1,2,1,2,0,0,0,0.2,0,0,0.6,1
"371",31428589,3,3,1,1,"DEERWHITETAILED",3,1,1,1,1,1,0,0,0,0,0,0,0,1
"372",31428590,5,5,1,1,"DEERWHITETAILED",5,1,1,2,2,2,0,0,0,0,0,0,0,1
"373",31428591,5,5,1,1,"DEERWHITETAILED",5,1,1,1,1,1,0,0,0,0,0,0,0,1
"374",31428592,6,6,1,1,"NOTHINGHERE",6,1,1,NA,NA,NA,NA,NA,NA,NA,NA,NA,NA,NA
"375",31428593,5,5,1,2,"DEERWHITETAILED",4,0.8,0.8,1,1,1,0,0,0,0.5,0,0,0.25,0.75
"376",31428593,5,5,1,2,"SOMETHINGHERE",1,0.2,0.2,NA,NA,NA,NA,NA,NA,NA,NA,NA,NA,NA
"377",31428594,7,7,1,1,"NOTHINGHERE",7,1,1,NA,NA,NA,NA,NA,NA,NA,NA,NA,NA,NA
"378",31428595,3,3,1,1,"SOMETHINGHERE",3,1,1,NA,NA,NA,NA,NA,NA,NA,NA,NA,NA,NA
"379",31428596,5,5,1,1,"NOTHINGHERE",5,1,1,NA,NA,NA,NA,NA,NA,NA,NA,NA,NA,NA
"380",31428597,3,3,1,1,"RACCOON",3,1,1,1,1,1,0,0,0,0,0,0,0,1
"381",31428598,5,5,1,1,"NOTHINGHERE",5,1,1,NA,NA,NA,NA,NA,NA,NA,NA,NA,NA,NA
"382",31428599,4,4,1,1,"RACCOON",4,1,1,1,1,1,0,0,0,0.5,0,0,0,1
"383",31428600,5,5,1,1,"SQUIRRELGRAY",5,1,1,NA,NA,NA,0,0,0,1,0,0,0.75,0
"384",31428601,6,6,1,2,"DEERWHITETAILED",5,0.833333333333333,0.833333333333333,1,1,1,0,0,0,0.8,0,0,0.2,0.4
"385",31428601,6,6,1,2,"MOOSE",1,0.166666666666667,0.166666666666667,1,1,1,0,0,0,1,0,0,0,0
"386",31428602,2,2,1,1,"DEERWHITETAILED",2,1,1,1,1,1,0,0,0,0.5,0,0,0,0.5
"387",31428603,4,4,1,1,"SQUIRRELGRAY",4,1,1,1,1,1,0,0,0,0.5,0,0.25,0,0.5
"388",31428604,4,4,1,1,"DEERWHITETAILED",4,1,1,1,1,1,0,0,0,0.25,0,0,0,1
"389",31428605,3,3,1,1,"NOTHINGHERE",3,1,1,NA,NA,NA,NA,NA,NA,NA,NA,NA,NA,NA
"390",31428606,2,2,1,2,"NOTHINGHERE",1,0.5,0.5,NA,NA,NA,NA,NA,NA,NA,NA,NA,NA,NA
"391",31428606,2,2,1,2,"SOMETHINGHERE",1,0.5,0.5,NA,NA,NA,NA,NA,NA,NA,NA,NA,NA,NA
"392",31428607,3,3,1,3,"DEERWHITETAILED",1,0.333333333333333,0.333333333333333,1,1,1,0,0,0,0,0,1,0,0
"393",31428607,3,3,1,3,"NOTHINGHERE",1,0.333333333333333,0.333333333333333,NA,NA,NA,NA,NA,NA,NA,NA,NA,NA,NA
"394",31428607,3,3,1,3,"SOMETHINGHERE",1,0.333333333333333,0.333333333333333,NA,NA,NA,NA,NA,NA,NA,NA,NA,NA,NA
"395",31428608,3,3,1,1,"DEERWHITETAILED",3,1,1,1,1,1,0,0,0,0,0,0,0.333333333333333,0.666666666666667
"396",31428609,3,3,1,1,"DEERWHITETAILED",3,1,1,1,1,1,0,0,0,0,0.333333333333333,0,1,0
"397",31428610,2,2,1,1,"DEERWHITETAILED",2,1,1,1,1,1,0,0,0,0,0,0,0,1
"398",31428611,3,3,1,1,"NOTHINGHERE",3,1,1,NA,NA,NA,NA,NA,NA,NA,NA,NA,NA,NA
"399",31428612,6,6,1,1,"SQUIRRELGRAY",6,1,1,1,1,1,0,0,0,0.166666666666667,0,0,0,1
"400",31428613,5,5,1,1,"SQUIRRELGRAY",5,1,1,1,1,1,0,0,0,0.2,0,0,0.8,0
"401",31428614,3,3,1,1,"SQUIRRELGRAY",3,1,1,1,1,1,0,0.333333333333333,0,0.333333333333333,0,0,0.333333333333333,0
"402",31428615,4,4,1,1,"SQUIRRELGRAY",4,1,1,1,1,1,0,0.75,0,0.75,0,0,0.5,0
"403",31428616,4,4,1,2,"SOMETHINGHERE",1,0.25,0.25,NA,NA,NA,NA,NA,NA,NA,NA,NA,NA,NA
"404",31428616,4,4,1,2,"SQUIRRELGRAY",3,0.75,0.75,1,1,1,0,0.666666666666667,0,0.333333333333333,0,0,0.333333333333333,0.333333333333333
"405",31428617,6,6,1,1,"SQUIRRELGRAY",6,1,1,1,1,1,0,0,0,0.833333333333333,0,0,0.5,0.166666666666667
"406",31428618,3,3,1,2,"SQUIRRELGRAY",1,0.333333333333333,0.333333333333333,1,1,1,0,0,0,0,0,0,0,1
"407",31428618,3,3,1,2,"SQUIRRELRED",2,0.666666666666667,0.666666666666667,1,1,1,0,0,0,0,0,0,0,1
"408",31428619,3,3,1,1,"SQUIRRELGRAY",3,1,1,1,1,1,0,0,0,0,0,0,0,1
"409",31428620,2,2,1,1,"NOTHINGHERE",2,1,1,NA,NA,NA,NA,NA,NA,NA,NA,NA,NA,NA
"410",31428621,2,2,1,1,"FISHER",2,1,1,1,1,1,0,0,0,0,0,0,0,1
"411",31428622,2,2,1,2,"RACCOON",1,0.5,0.5,1,1,1,0,0,0,0,0,0,0,1
"412",31428622,2,2,1,2,"SOMETHINGHERE",1,0.5,0.5,NA,NA,NA,NA,NA,NA,NA,NA,NA,NA,NA
"413",31428623,3,3,1,1,"RACCOON",3,1,1,1,1,1,0,0,0,0,0,0,0,1
"414",31428624,3,3,1,1,"RACCOON",3,1,1,1,1,1,0,0,0,0,0,0,0,1
"415",31428625,7,7,1,1,"DEERWHITETAILED",7,1,1,NA,NA,NA,0,0,0,0.166666666666667,0,0,0.833333333333333,0.333333333333333
"416",31428626,3,3,1,1,"DEERWHITETAILED",3,1,1,1,1,1,0,0,0,0.333333333333333,0,0,0,1
"417",31428627,3,3,1,1,"DEERWHITETAILED",3,1,1,1,1,1,0,0,0,0.333333333333333,0,0,0,1
"418",31428628,3,3,1,1,"DEERWHITETAILED",3,1,1,1,1,1,0,0,0,0,0,0,0,1
"419",31428629,1,1,1,1,"DEERWHITETAILED",1,1,1,1,1,1,0,0,0,0,0,0,0,1
"420",31428630,5,5,1,1,"DEERWHITETAILED",5,1,1,1,1,1,0,0,0,0,0,0,0,1
"421",31428631,1,1,1,1,"DEERWHITETAILED",1,1,1,1,1,1,0,0,0,0,0,0,0,1
"422",31428632,5,5,1,1,"DEERWHITETAILED",5,1,1,1,1,1,0,0,0,0.6,0,0,0.4,0.4
"423",31428633,4,4,1,2,"FISHER",3,0.75,0.75,1,1,1,0,0,0,0,0,0,0,1
"424",31428633,4,4,1,2,"SOMETHINGHERE",1,0.25,0.25,NA,NA,NA,NA,NA,NA,NA,NA,NA,NA,NA
"425",31428634,3,3,1,1,"RACCOON",3,1,1,1,1,1,0,0,0,0,0,0,0,1
"426",31428635,5,5,1,2,"DEERWHITETAILED",4,0.8,0.8,1,1,1,0,0,0,0.25,0,0,0,0.75
"427",31428635,5,5,1,2,"SOMETHINGHERE",1,0.2,0.2,NA,NA,NA,NA,NA,NA,NA,NA,NA,NA,NA
"428",31428636,6,6,1,1,"DEERWHITETAILED",6,1,1,1,1,1,0,0,0,0,0,0,0,1
"429",31428637,5,5,1,1,"DEERWHITETAILED",5,1,1,1,1,1,0,0,0,0,0,0,0,1
"430",31428638,4,4,1,1,"COYOTE",4,1,1,NA,NA,NA,0,0,0,0,0,0,0,1
"431",31428639,1,1,1,1,"DEERWHITETAILED",1,1,1,1,1,1,0,0,0,0,1,0,1,0
"432",31428640,4,4,1,1,"DEERWHITETAILED",4,1,1,1,1,1,0,0,0,0,0,0,0,1
"433",31428641,2,2,1,1,"NOTHINGHERE",2,1,1,NA,NA,NA,NA,NA,NA,NA,NA,NA,NA,NA
"434",31428642,4,4,1,1,"NOTHINGHERE",4,1,1,NA,NA,NA,NA,NA,NA,NA,NA,NA,NA,NA
"435",31428643,6,6,1,2,"HUMAN",5,0.833333333333333,0.833333333333333,NA,NA,NA,0,0,0,0,0.4,0.2,0,0.4
"436",31428643,6,6,1,2,"SOMETHINGHERE",1,0.166666666666667,0.166666666666667,NA,NA,NA,NA,NA,NA,NA,NA,NA,NA,NA
"437",31428644,2,2,1,2,"DEERWHITETAILED",1,0.5,0.5,1,1,1,0,0,0,0,0,0,0,1
"438",31428644,2,2,1,2,"SOMETHINGHERE",1,0.5,0.5,NA,NA,NA,NA,NA,NA,NA,NA,NA,NA,NA
"439",31428645,3,3,1,1,"NOTHINGHERE",3,1,1,NA,NA,NA,NA,NA,NA,NA,NA,NA,NA,NA
"440",31428646,4,4,1,2,"NOTHINGHERE",2,0.5,0.5,NA,NA,NA,NA,NA,NA,NA,NA,NA,NA,NA
"441",31428646,4,4,1,2,"SOMETHINGHERE",2,0.5,0.5,NA,NA,NA,NA,NA,NA,NA,NA,NA,NA,NA
"442",31428647,4,4,1,1,"NOTHINGHERE",4,1,1,NA,NA,NA,NA,NA,NA,NA,NA,NA,NA,NA
"443",31428648,3,3,1,1,"NOTHINGHERE",3,1,1,NA,NA,NA,NA,NA,NA,NA,NA,NA,NA,NA
"444",31428649,5,5,1,1,"NOTHINGHERE",5,1,1,NA,NA,NA,NA,NA,NA,NA,NA,NA,NA,NA
"445",31428650,4,4,1,1,"NOTHINGHERE",4,1,1,NA,NA,NA,NA,NA,NA,NA,NA,NA,NA,NA
"446",31428651,5,5,1,1,"NOTHINGHERE",5,1,1,NA,NA,NA,NA,NA,NA,NA,NA,NA,NA,NA
"447",31428652,3,3,1,3,"FOXGRAY",1,0.333333333333333,0.333333333333333,1,1,1,0,0,0,0,0,0,0,1
"448",31428652,3,3,1,3,"FOXRED",1,0.333333333333333,0.333333333333333,1,1,1,0,0,0,0,0,0,0,1
"449",31428652,3,3,1,3,"SOMETHINGHERE",1,0.333333333333333,0.333333333333333,NA,NA,NA,NA,NA,NA,NA,NA,NA,NA,NA
"450",31428653,3,3,1,1,"NOTHINGHERE",3,1,1,NA,NA,NA,NA,NA,NA,NA,NA,NA,NA,NA
"451",31428654,2,2,1,1,"FOXRED",2,1,1,1,1,1,0,0,0,0,0,0,0.5,1
"452",31428655,3,3,1,3,"COYOTE",1,0.333333333333333,0.333333333333333,1,1,1,NA,NA,NA,NA,NA,NA,NA,NA
"453",31428655,3,3,1,3,"FOXGRAY",1,0.333333333333333,0.333333333333333,1,1,1,0,0,0,0,0,0,0,1
"454",31428655,3,3,1,3,"FOXRED",1,0.333333333333333,0.333333333333333,1,1,1,0,0,0,0,0,0,0,1
"455",31428656,5,5,1,4,"PORCUPINE",1,0.2,0.2,1,1,1,0,0,0,0,0,0,1,0
"456",31428656,5,5,1,4,"SOMETHINGHERE",1,0.2,0.2,NA,NA,NA,NA,NA,NA,NA,NA,NA,NA,NA
"457",31428656,5,5,1,4,"SQUIRRELGRAY",2,0.4,0.4,1,1,1,0.5,0,0,0,0,0,0,0.5
"458",31428656,5,5,1,4,"SQUIRRELRED",1,0.2,0.2,NA,NA,NA,NA,NA,NA,NA,NA,NA,NA,NA
"459",31428657,4,4,1,1,"NOTHINGHERE",4,1,1,NA,NA,NA,NA,NA,NA,NA,NA,NA,NA,NA
"460",31428658,2,2,1,1,"NOTHINGHERE",2,1,1,NA,NA,NA,NA,NA,NA,NA,NA,NA,NA,NA
"461",31428659,1,1,1,1,"NOTHINGHERE",1,1,1,NA,NA,NA,NA,NA,NA,NA,NA,NA,NA,NA
"462",31428660,4,4,1,1,"NOTHINGHERE",4,1,1,NA,NA,NA,NA,NA,NA,NA,NA,NA,NA,NA
"463",31428661,6,6,1,1,"NOTHINGHERE",6,1,1,NA,NA,NA,NA,NA,NA,NA,NA,NA,NA,NA
"464",31428662,2,2,1,1,"NOTHINGHERE",2,1,1,NA,NA,NA,NA,NA,NA,NA,NA,NA,NA,NA
"465",31428663,4,4,1,1,"NOTHINGHERE",4,1,1,NA,NA,NA,NA,NA,NA,NA,NA,NA,NA,NA
"466",31428664,5,5,1,1,"NOTHINGHERE",5,1,1,NA,NA,NA,NA,NA,NA,NA,NA,NA,NA,NA
"467",31428665,4,4,1,1,"NOTHINGHERE",4,1,1,NA,NA,NA,NA,NA,NA,NA,NA,NA,NA,NA
"468",31428666,4,4,1,1,"NOTHINGHERE",4,1,1,NA,NA,NA,NA,NA,NA,NA,NA,NA,NA,NA
"469",31428667,2,2,1,1,"NOTHINGHERE",2,1,1,NA,NA,NA,NA,NA,NA,NA,NA,NA,NA,NA
"470",31428668,3,3,1,1,"NOTHINGHERE",3,1,1,NA,NA,NA,NA,NA,NA,NA,NA,NA,NA,NA
"471",31428669,5,5,1,1,"NOTHINGHERE",5,1,1,NA,NA,NA,NA,NA,NA,NA,NA,NA,NA,NA
"472",31428670,7,7,1,1,"NOTHINGHERE",7,1,1,NA,NA,NA,NA,NA,NA,NA,NA,NA,NA,NA
"473",31428671,1,1,1,1,"NOTHINGHERE",1,1,1,NA,NA,NA,NA,NA,NA,NA,NA,NA,NA,NA
"474",31428672,5,5,1,1,"NOTHINGHERE",5,1,1,NA,NA,NA,NA,NA,NA,NA,NA,NA,NA,NA
"475",31428673,4,4,1,1,"NOTHINGHERE",4,1,1,NA,NA,NA,NA,NA,NA,NA,NA,NA,NA,NA
"476",31428674,5,5,1,1,"NOTHINGHERE",5,1,1,NA,NA,NA,NA,NA,NA,NA,NA,NA,NA,NA
"477",31428675,3,3,1,1,"NOTHINGHERE",3,1,1,NA,NA,NA,NA,NA,NA,NA,NA,NA,NA,NA
"478",31428676,4,4,1,1,"NOTHINGHERE",4,1,1,NA,NA,NA,NA,NA,NA,NA,NA,NA,NA,NA
"479",31428677,4,4,1,1,"NOTHINGHERE",4,1,1,NA,NA,NA,NA,NA,NA,NA,NA,NA,NA,NA
"480",31428678,4,4,1,2,"NOTHINGHERE",3,0.75,0.75,NA,NA,NA,NA,NA,NA,NA,NA,NA,NA,NA
"481",31428678,4,4,1,2,"SOMETHINGHERE",1,0.25,0.25,NA,NA,NA,NA,NA,NA,NA,NA,NA,NA,NA
"482",31428679,3,3,1,1,"NOTHINGHERE",3,1,1,NA,NA,NA,NA,NA,NA,NA,NA,NA,NA,NA
"483",31428680,6,6,1,1,"NOTHINGHERE",6,1,1,NA,NA,NA,NA,NA,NA,NA,NA,NA,NA,NA
"484",31428681,1,1,1,1,"NOTHINGHERE",1,1,1,NA,NA,NA,NA,NA,NA,NA,NA,NA,NA,NA
"485",31428682,1,1,1,1,"NOTHINGHERE",1,1,1,NA,NA,NA,NA,NA,NA,NA,NA,NA,NA,NA
"486",31428683,3,3,1,1,"NOTHINGHERE",3,1,1,NA,NA,NA,NA,NA,NA,NA,NA,NA,NA,NA
"487",31428684,4,4,1,1,"NOTHINGHERE",4,1,1,NA,NA,NA,NA,NA,NA,NA,NA,NA,NA,NA
"488",31428685,5,5,1,1,"NOTHINGHERE",5,1,1,NA,NA,NA,NA,NA,NA,NA,NA,NA,NA,NA
"489",31428686,1,1,1,1,"NOTHINGHERE",1,1,1,NA,NA,NA,NA,NA,NA,NA,NA,NA,NA,NA
"490",31428687,5,5,1,1,"NOTHINGHERE",5,1,1,NA,NA,NA,NA,NA,NA,NA,NA,NA,NA,NA
"491",31428688,4,4,1,1,"NOTHINGHERE",4,1,1,NA,NA,NA,NA,NA,NA,NA,NA,NA,NA,NA
"492",31428689,4,4,1,1,"NOTHINGHERE",4,1,1,NA,NA,NA,NA,NA,NA,NA,NA,NA,NA,NA
"493",31428690,6,6,1,1,"NOTHINGHERE",6,1,1,NA,NA,NA,NA,NA,NA,NA,NA,NA,NA,NA
"494",31428691,4,4,1,1,"NOTHINGHERE",4,1,1,NA,NA,NA,NA,NA,NA,NA,NA,NA,NA,NA
"495",31428692,7,7,1,2,"AMERICANPINEMARTEN",1,0.142857142857143,0.142857142857143,NA,NA,NA,NA,NA,NA,NA,NA,NA,NA,NA
"496",31428692,7,7,1,2,"NOTHINGHERE",6,0.857142857142857,0.857142857142857,NA,NA,NA,NA,NA,NA,NA,NA,NA,NA,NA
"497",31428693,2,2,1,1,"NOTHINGHERE",2,1,1,NA,NA,NA,NA,NA,NA,NA,NA,NA,NA,NA
"498",31428694,4,4,1,1,"NOTHINGHERE",4,1,1,NA,NA,NA,NA,NA,NA,NA,NA,NA,NA,NA
"499",31428695,4,4,1,1,"NOTHINGHERE",4,1,1,NA,NA,NA,NA,NA,NA,NA,NA,NA,NA,NA
"500",31428696,5,5,1,2,"NOTHINGHERE",4,0.8,0.8,NA,NA,NA,NA,NA,NA,NA,NA,NA,NA,NA
"501",31428696,5,5,1,2,"SQUIRRELGRAY",1,0.2,0.2,1,1,1,0,0,0,0,0,0,0,1
"502",31428697,3,3,1,1,"NOTHINGHERE",3,1,1,NA,NA,NA,NA,NA,NA,NA,NA,NA,NA,NA
"503",31428698,4,5,1,3,"GROUSERUFFED",3,0.6,0.75,1,1,1,0,0,0,0,0,0,0.333333333333333,0.666666666666667
"504",31428698,4,5,1,3,"GROUSESPRUCE",1,0.2,0.25,NA,NA,NA,NA,NA,NA,NA,NA,NA,NA,NA
"505",31428698,4,5,1,3,"SOMETHINGHERE",1,0.2,0.25,NA,NA,NA,NA,NA,NA,NA,NA,NA,NA,NA
"506",31428699,2,2,1,1,"NOTHINGHERE",2,1,1,NA,NA,NA,NA,NA,NA,NA,NA,NA,NA,NA
"507",31428700,4,4,1,1,"NOTHINGHERE",4,1,1,NA,NA,NA,NA,NA,NA,NA,NA,NA,NA,NA
"508",31428701,6,6,1,2,"AMERICANPINEMARTEN",1,0.166666666666667,0.166666666666667,NA,NA,NA,NA,NA,NA,NA,NA,NA,NA,NA
"509",31428701,6,6,1,2,"NOTHINGHERE",5,0.833333333333333,0.833333333333333,NA,NA,NA,NA,NA,NA,NA,NA,NA,NA,NA
"510",31428702,6,6,1,1,"NOTHINGHERE",6,1,1,NA,NA,NA,NA,NA,NA,NA,NA,NA,NA,NA
"511",31428703,5,5,1,2,"COYOTE",4,0.8,0.8,NA,NA,NA,0,0,0,0,0,0,0,1
"512",31428703,5,5,1,2,"FOXRED",1,0.2,0.2,1,1,1,0,0,0,0,0,0,0,1
"513",31428704,4,4,1,1,"FISHER",4,1,1,1,1,1,0,0,0,0,0,0,0,1
"514",31428705,2,2,1,1,"SOMETHINGHERE",2,1,1,NA,NA,NA,NA,NA,NA,NA,NA,NA,NA,NA
"515",31428706,5,5,1,4,"FISHER",2,0.4,0.4,1,1,1,0,0,0,0,0,0,0.5,0.5
"516",31428706,5,5,1,4,"OTHERSMALLMAMMAL",1,0.2,0.2,NA,NA,NA,NA,NA,NA,NA,NA,NA,NA,NA
"517",31428706,5,5,1,4,"RACCOON",1,0.2,0.2,1,1,1,0,0,0,0,0,0,0,1
"518",31428706,5,5,1,4,"SOMETHINGHERE",1,0.2,0.2,NA,NA,NA,NA,NA,NA,NA,NA,NA,NA,NA
"519",31428707,2,2,1,1,"FISHER",2,1,1,1,1,1,0,0,0,0,0,0,0.5,0.5
"520",31428708,4,4,1,1,"FISHER",4,1,1,1,1,1,0,0,0,0.25,0.25,0,0.25,1
"521",31428709,2,2,1,1,"FISHER",2,1,1,NA,NA,NA,0,0,0,0,0.5,0,0,1
"522",31428710,4,4,1,1,"DEERWHITETAILED",4,1,1,1,1,1,0,0,0,0.25,0,0,0,1
"523",31428711,5,5,1,1,"DEERWHITETAILED",5,1,1,2,1,2,0,0,0,0.2,0.2,0,1,0
"524",31428712,2,2,1,1,"DEERWHITETAILED",2,1,1,2,2,2,0,0,0,0,0,0,0.5,1
"525",31428713,4,4,1,1,"DEERWHITETAILED",4,1,1,1,1,1,0,0,0,0.5,0,0,0.5,0.25
"526",31428714,4,4,1,1,"FISHER",4,1,1,1,1,1,0,0,0,0,0,0.75,0.25,0
"527",31428715,6,6,1,1,"DEERWHITETAILED",6,1,1,NA,NA,NA,0,0,0,0,0,0,0,1
"528",31428716,5,5,1,1,"DEERWHITETAILED",5,1,1,1,1,1,0,0,0,0.4,0,0,0,1
"529",31428717,5,5,1,1,"DEERWHITETAILED",5,1,1,1,1,1,0,0,0,0,0,0,0,1
"530",31428718,2,2,1,1,"DEERWHITETAILED",2,1,1,NA,NA,NA,0,0,0,0,0,0,0,1
"531",31428719,7,7,1,1,"FISHER",7,1,1,1,1,1,0,0,0,0,0.142857142857143,0,0.285714285714286,0.714285714285714
"532",31428720,3,3,1,1,"DEERWHITETAILED",3,1,1,1,1,1,0,0,0,0,0.333333333333333,0,0.333333333333333,0.666666666666667
"533",31428721,5,5,1,1,"DEERWHITETAILED",5,1,1,1,1,1,0,0,0,0.2,0.2,0,0,0.6
"534",31428722,3,3,1,1,"DEERWHITETAILED",3,1,1,1,1,1,0,0,0,0,0,0,0,1
"535",31428723,4,4,1,1,"COYOTE",4,1,1,1,1,1,0,0,0,0,0,0,0,1
"536",31428724,5,5,1,1,"DEERWHITETAILED",5,1,1,1,1,1,0,0,0,0.2,0.2,0,0.2,1
"537",31428725,6,6,1,1,"DEERWHITETAILED",6,1,1,1,1,1,0,0,0,0,0,0,0,1
"538",31428726,6,6,1,1,"FISHER",6,1,1,1,1,1,0,0,0,0,0.333333333333333,0.166666666666667,0.666666666666667,0
"539",31428727,7,7,1,1,"SOMETHINGHERE",7,1,1,NA,NA,NA,NA,NA,NA,NA,NA,NA,NA,NA
"540",31428728,5,5,1,1,"DEERWHITETAILED",5,1,1,1,1,1,0,0,0,0,0,0,0,1
"541",31428729,2,2,1,2,"FOXRED",1,0.5,0.5,1,1,1,0,0,0,1,0,0,0,1
"542",31428729,2,2,1,2,"SOMETHINGHERE",1,0.5,0.5,NA,NA,NA,NA,NA,NA,NA,NA,NA,NA,NA
"543",31428730,2,2,1,1,"COYOTE",2,1,1,1,1,1,0,0,0,0,0,0,0,1
"544",31428731,3,3,1,1,"DEERWHITETAILED",3,1,1,1,1,1,0,0,0,0,0,0,0.666666666666667,0.333333333333333
"545",31428732,5,5,1,1,"DEERWHITETAILED",5,1,1,1,1,1,0,0,0,0,0,0,0,1
"546",31428733,7,7,1,1,"DEERWHITETAILED",7,1,1,2,2,2,0,0,0,0,0,0,0,1
"547",31428734,5,5,1,1,"DEERWHITETAILED",5,1,1,1,1,1,0,0,0,0,0,0,0,1
"548",31428735,5,6,1,2,"DEERWHITETAILED",5,0.833333333333333,1,1,1,1,0,0,0,0,0,0,0,1
"549",31428735,5,6,1,2,"SOMETHINGHERE",1,0.166666666666667,0.2,NA,NA,NA,NA,NA,NA,NA,NA,NA,NA,NA
"550",31428736,3,3,1,1,"DEERWHITETAILED",3,1,1,1,1,1,0,0,0,0,0,0,0,1
"551",31428737,4,4,1,1,"NOTHINGHERE",4,1,1,NA,NA,NA,NA,NA,NA,NA,NA,NA,NA,NA
"552",31428738,4,4,1,1,"DEERWHITETAILED",4,1,1,1,1,1,0,0,0,0,0,0,0,1
"553",31428739,5,5,1,1,"FISHER",5,1,1,1,1,1,0,0,0,0,0,0,0,1
"554",31428740,5,5,1,2,"AMERICANPINEMARTEN",1,0.2,0.2,1,1,1,0,0,0,0,0,0,1,0
"555",31428740,5,5,1,2,"FISHER",4,0.8,0.8,1,1,1,0,0,0,0,0.25,0.25,0.5,0
"556",31428741,6,6,1,1,"DEERWHITETAILED",6,1,1,1,1,1,0,0,0,0.166666666666667,0,0,0,1
"557",31428742,2,2,1,1,"DEERWHITETAILED",2,1,1,1,1,1,0,0,0,0,0,0,0,1
"558",31428743,6,6,1,1,"COYOTE",6,1,1,NA,NA,NA,0,0,0,0,0.2,0,0,1
"559",31428744,4,4,1,1,"DEERWHITETAILED",4,1,1,1,1,1,0,0,0,0,0.25,0,0,1
"560",31428745,6,6,1,1,"DEERWHITETAILED",6,1,1,NA,NA,NA,0,0,0,0,0,0,0,1
"561",31428746,3,3,1,1,"NOTHINGHERE",3,1,1,NA,NA,NA,NA,NA,NA,NA,NA,NA,NA,NA
"562",31428747,1,1,1,1,"DEERWHITETAILED",1,1,1,1,1,1,0,0,0,0,0,0,0,1
"563",31428748,3,3,1,1,"DEERWHITETAILED",3,1,1,1,1,1,0,0,0,0.666666666666667,0,0,0.333333333333333,0
"564",31428749,3,3,1,1,"NOTHINGHERE",3,1,1,NA,NA,NA,NA,NA,NA,NA,NA,NA,NA,NA
"565",31428750,2,2,1,1,"DEERWHITETAILED",2,1,1,NA,NA,NA,0,0,0,0,0.5,0,0,1
"566",31428751,3,3,1,1,"DEERWHITETAILED",3,1,1,1,1,1,0,0,0,0.333333333333333,0,0,0,1
"567",31428752,6,6,1,1,"DEERWHITETAILED",6,1,1,1,1,1,0,0,0,0,0,0,0,1
"568",31428753,3,3,1,1,"DEERWHITETAILED",3,1,1,1,1,1,0,0,0,0,0,0,0,1
"569",31428754,2,2,1,1,"DEERWHITETAILED",2,1,1,1,1,1,0,0,0,0,0,0,0,1
"570",31428755,5,5,1,1,"DEERWHITETAILED",5,1,1,1,1,1,0,0,0,0.4,0,0.2,0.4,0.6
"571",31428756,7,7,1,1,"DEERWHITETAILED",7,1,1,2,1,2,0,0,0,0,0,0,0,1
"572",31428757,4,4,1,1,"DEERWHITETAILED",4,1,1,1,1,1,0,0,0,0.5,0,0,0,1
"573",31428758,4,4,1,1,"DEERWHITETAILED",4,1,1,1,1,1,0,0,0,0.25,0,0,0,0.75
"574",31428759,2,2,1,1,"DEERWHITETAILED",2,1,1,1,1,1,0,0,0,0,0,0,0.5,1
"575",31428760,6,6,1,1,"DEERWHITETAILED",6,1,1,1,1,1,0,0,0,0.333333333333333,0,0,0.666666666666667,0.333333333333333
"576",31428761,1,1,1,1,"DEERWHITETAILED",1,1,1,1,1,1,0,0,0,0,0,0,0,1
"577",31428762,3,3,1,1,"DEERWHITETAILED",3,1,1,1,1,1,0,0,0,0,0.333333333333333,0,0,0.666666666666667
"578",31428763,4,4,1,1,"DEERWHITETAILED",4,1,1,2,1,2,0,0,0,0,0,0,0,1
"579",31428764,5,5,1,1,"DEERWHITETAILED",5,1,1,1,1,1,0,0,0,0,0.4,0,0.6,0.6
"580",31428765,6,6,1,1,"DEERWHITETAILED",6,1,1,1,1,1,0,0,0,0,0,0,0,1
"581",31428766,4,4,1,3,"NOTHINGHERE",2,0.5,0.5,NA,NA,NA,NA,NA,NA,NA,NA,NA,NA,NA
"582",31428766,4,4,1,3,"SOMETHINGHERE",1,0.25,0.25,NA,NA,NA,NA,NA,NA,NA,NA,NA,NA,NA
"583",31428766,4,4,1,3,"SQUIRRELFLYING",1,0.25,0.25,1,1,1,0,0,1,0,0,0,0,0
"584",31428767,5,5,1,2,"DEERWHITETAILED",4,0.8,0.8,1,1,1,0,0,0,0,0,0,0,1
"585",31428767,5,5,1,2,"SOMETHINGHERE",1,0.2,0.2,NA,NA,NA,NA,NA,NA,NA,NA,NA,NA,NA
"586",31428768,3,3,1,1,"DEERWHITETAILED",3,1,1,1,1,1,0,0,0,0,0,0,0.333333333333333,1
"587",31428769,5,5,1,1,"DEERWHITETAILED",5,1,1,1,1,1,0,0,0,0,0,0,0,1
"588",31428770,2,2,1,1,"DEERWHITETAILED",2,1,1,1,1,1,0,0,0,0,0,0,0,1
"589",31428771,2,2,1,1,"DEERWHITETAILED",2,1,1,1,1,1,0,0,0,0,0,0,0,1
"590",31428772,2,2,1,1,"DEERWHITETAILED",2,1,1,1,1,1,0,0,0,0.5,0,0,0,1
"591",31428773,5,5,1,1,"DEERWHITETAILED",5,1,1,1,1,1,0,0,0,0.2,0,0,0,1
"592",31428774,2,2,1,1,"DEERWHITETAILED",2,1,1,1,1,1,0,0,0,0,0,0,0,1
"593",31428775,3,3,1,1,"DEERWHITETAILED",3,1,1,1,1,1,0,0,0,0,0,0,0,1
"594",31428776,4,4,1,1,"DEERWHITETAILED",4,1,1,1,1,1,0,0,0,0,0.333333333333333,0,0.333333333333333,0.666666666666667
"595",31428777,4,4,1,1,"DEERWHITETAILED",4,1,1,NA,NA,NA,0,0,0,0,0,0,0,1
"596",31428778,2,2,1,1,"DEERWHITETAILED",2,1,1,1,1,1,0,0,0,0,0.5,0,0.5,0.5
"597",31428779,6,6,1,1,"DEERWHITETAILED",6,1,1,1,1,1,0,0,0,0.166666666666667,0,0,0,1
"598",31428780,7,7,1,2,"DEERWHITETAILED",6,0.857142857142857,0.857142857142857,1,1,1,0,0,0,0,0,0,0,1
"599",31428780,7,7,1,2,"MOOSE",1,0.142857142857143,0.142857142857143,1,1,1,0,0,0,0,0,0,0,1
"600",31428781,4,4,1,1,"DEERWHITETAILED",4,1,1,1,1,1,0,0,0,0.25,0,0,0.75,0.25
"601",31428782,5,5,1,1,"DEERWHITETAILED",5,1,1,1,1,1,0,0,0,0.2,0,0,0,1
"602",31428783,2,2,1,2,"DEERWHITETAILED",1,0.5,0.5,1,1,1,0,0,0,0,0,0,0,1
"603",31428783,2,2,1,2,"DOMESTICCAT",1,0.5,0.5,1,1,1,0,0,0,0,0,0,0,1
"604",31428784,6,6,1,2,"NOTHINGHERE",5,0.833333333333333,0.833333333333333,NA,NA,NA,NA,NA,NA,NA,NA,NA,NA,NA
"605",31428784,6,6,1,2,"SOMETHINGHERE",1,0.166666666666667,0.166666666666667,NA,NA,NA,NA,NA,NA,NA,NA,NA,NA,NA
"606",31428785,6,6,1,1,"DEERWHITETAILED",6,1,1,1,1,1,0,0,0,0.2,0,0,0.2,1
"607",31428786,5,5,1,1,"DEERWHITETAILED",5,1,1,1,1,1,0,0,0,0,0,0.2,0,1
"608",31428787,5,5,1,1,"DEERWHITETAILED",5,1,1,1,1,1,0,0,0,0,0,0,0,1
"609",31428788,8,8,1,1,"DEERWHITETAILED",8,1,1,1,1,1,0,0,0,0,0,0,0,1
"610",31428789,3,3,1,1,"DEERWHITETAILED",3,1,1,1,1,1,0,0,0,0.333333333333333,0,0,0,1
"611",31428790,3,3,1,1,"NOTHINGHERE",3,1,1,NA,NA,NA,NA,NA,NA,NA,NA,NA,NA,NA
"612",31428791,4,4,1,2,"DEERWHITETAILED",2,0.5,0.5,1,1,1,0,0,0,0,0,0,0,1
"613",31428791,4,4,1,2,"SOMETHINGHERE",2,0.5,0.5,NA,NA,NA,NA,NA,NA,NA,NA,NA,NA,NA
"614",31428792,2,2,1,1,"DEERWHITETAILED",2,1,1,1,1,1,0,0,0,0,0,0,0,1
"615",31428793,3,3,1,1,"DEERWHITETAILED",3,1,1,1,1,1,0,0,0,0,0,0,0,1
"616",31428794,3,3,1,1,"NOTHINGHERE",3,1,1,NA,NA,NA,NA,NA,NA,NA,NA,NA,NA,NA
"617",31428795,5,5,1,2,"NOTHINGHERE",4,0.8,0.8,NA,NA,NA,NA,NA,NA,NA,NA,NA,NA,NA
"618",31428795,5,5,1,2,"SOMETHINGHERE",1,0.2,0.2,NA,NA,NA,NA,NA,NA,NA,NA,NA,NA,NA
"619",31428796,3,3,1,1,"NOTHINGHERE",3,1,1,NA,NA,NA,NA,NA,NA,NA,NA,NA,NA,NA
"620",31428797,4,4,1,2,"DEERWHITETAILED",3,0.75,0.75,1,1,1,0,0,0,0,0,0,0.5,0.5
"621",31428797,4,4,1,2,"SOMETHINGHERE",1,0.25,0.25,NA,NA,NA,NA,NA,NA,NA,NA,NA,NA,NA
"622",31428798,4,4,1,1,"DEERWHITETAILED",4,1,1,1,1,1,0,0,0,0,0,0,0,1
"623",31428799,2,2,1,1,"DEERWHITETAILED",2,1,1,1,1,1,0,0,0,0,0,0.5,0,1
"624",31428800,2,2,1,1,"SOMETHINGHERE",2,1,1,NA,NA,NA,NA,NA,NA,NA,NA,NA,NA,NA
"625",31428801,6,6,1,1,"DEERWHITETAILED",6,1,1,1,1,1,0,0,0,0,0.5,0,0.666666666666667,0.166666666666667
"626",31428802,3,3,1,1,"DEERWHITETAILED",3,1,1,1,1,1,0,0,0,0.333333333333333,0,0,0,1
"627",31428803,3,3,1,1,"DEERWHITETAILED",3,1,1,1,1,1,0,0,0,0.666666666666667,0,0,0.333333333333333,0.666666666666667
"628",31428804,6,6,1,1,"DEERWHITETAILED",6,1,1,1,1,1,0,0,0,0.333333333333333,0,0,0,1
"629",31428805,3,3,1,1,"DEERWHITETAILED",3,1,1,1,1,1,0,0,0,0.333333333333333,0,0,0.666666666666667,0.333333333333333
"630",31428806,4,4,1,1,"DEERWHITETAILED",4,1,1,1,1,1,0,0,0,1,0.25,0,0.5,0.25
"631",31428807,2,2,1,1,"DEERWHITETAILED",2,1,1,2,2,2,0,0,0,0,0,0,0,1
"632",31428808,4,4,1,1,"DEERWHITETAILED",4,1,1,NA,NA,NA,0,0,0,0.5,0,0,0.25,0.5
"633",31428809,6,6,1,1,"DEERWHITETAILED",6,1,1,1,1,1,0,0,0,0,0,0,0.166666666666667,1
"634",31428810,3,3,1,1,"DEERWHITETAILED",3,1,1,1,1,1,0,0,0,0,0,0,0.666666666666667,0.333333333333333
"635",31428811,1,1,1,1,"DEERWHITETAILED",1,1,1,1,1,1,0,0,0,0,0,0,0,1
"636",31428812,6,6,1,1,"DEERWHITETAILED",6,1,1,1,1,1,0,0,0,0,0,0,0.5,0.833333333333333
"637",31428813,3,3,1,1,"DEERWHITETAILED",3,1,1,1,1,1,0,0,0,0.666666666666667,0,0,0,1
"638",31428814,2,2,1,1,"DEERWHITETAILED",2,1,1,1,1,1,0,0,0,0,0,0,0,1
"639",31428815,6,6,1,1,"DEERWHITETAILED",6,1,1,1,1,1,0,0,0,0.833333333333333,0,0,0,0.833333333333333
"640",31428816,4,4,1,1,"DEERWHITETAILED",4,1,1,1,1,1,0,0,0,0.25,0,0,0,1
"641",31428817,2,2,1,1,"DEERWHITETAILED",2,1,1,1,1,1,0,0,0,0.5,0,0,0,1
"642",31428818,3,3,1,1,"DEERWHITETAILED",3,1,1,1,1,1,0,0,0,0.333333333333333,0,0,0,1
"643",31428819,2,2,1,1,"DEERWHITETAILED",2,1,1,1,1,1,0,0,0,0,0,0,0,1
"644",31428820,2,2,1,1,"DEERWHITETAILED",2,1,1,1,1,1,0,0,0,0,0,0,0,1
"645",31428821,3,3,1,1,"DEERWHITETAILED",3,1,1,1,1,1,0,0,0,0,0,0,0,1
"646",31428822,5,5,1,1,"DEERWHITETAILED",5,1,1,1,1,1,0,0,0,0,0,0.2,0,0.8
"647",31428823,3,3,1,1,"DEERWHITETAILED",3,1,1,1,1,1,0,0,0,0,0,0,0,1
"648",31428824,7,7,1,1,"HUMAN",7,1,1,NA,NA,NA,0,0,0,0,0.571428571428571,0.285714285714286,0.428571428571429,0
"649",31428825,5,5,1,1,"DEERWHITETAILED",5,1,1,1,1,1,0,0,0,0,0,0,0,1
"650",31428826,5,5,1,1,"DEERWHITETAILED",5,1,1,1,1,1,0,0,0,0.8,0,0,0.2,0.6
"651",31428827,3,3,1,1,"SQUIRRELGRAY",3,1,1,1,1,1,0,0,0,0,0,0,0,1
"652",31428828,3,3,1,1,"SQUIRRELGRAY",3,1,1,1,1,1,0,0,0,0,0,0,0,1
"653",31428829,4,4,1,1,"NOTHINGHERE",4,1,1,NA,NA,NA,NA,NA,NA,NA,NA,NA,NA,NA
"654",31428830,4,4,1,1,"DEERWHITETAILED",4,1,1,1,1,1,0,0,0,0,0,0,0,1
"655",31428831,3,3,1,1,"SQUIRRELGRAY",3,1,1,1,1,1,0,0,0,0.666666666666667,0,0,0,0.666666666666667
"656",31428832,4,4,1,1,"DEERWHITETAILED",4,1,1,1,1,1,0,0,0,0,0,0,0.75,0.25
"657",31428833,3,3,1,1,"DEERWHITETAILED",3,1,1,1,1,1,0,0,0,1,0.333333333333333,0,0.333333333333333,0.333333333333333
"658",31428834,3,3,1,1,"SQUIRRELGRAY",3,1,1,1,1,1,0,0,0,0,0,0,0,1
"659",31428835,2,2,1,1,"FOXRED",2,1,1,1,1,1,0,0,0,0,0,0,0,1
"660",31428836,5,5,1,1,"NOTHINGHERE",5,1,1,NA,NA,NA,NA,NA,NA,NA,NA,NA,NA,NA
"661",31428837,6,8,1,2,"RACCOON",6,0.75,1,1.5,1,2,0,0,0,0.333333333333333,0,0,0,0.666666666666667
"662",31428837,6,8,1,2,"SOMETHINGHERE",2,0.25,0.333333333333333,NA,NA,NA,NA,NA,NA,NA,NA,NA,NA,NA
"663",31428838,7,7,1,2,"COYOTE",6,0.857142857142857,0.857142857142857,1,1,1,0,0,0,0,0,0,0,1
"664",31428838,7,7,1,2,"FOXGRAY",1,0.142857142857143,0.142857142857143,1,1,1,0,0,0,0,0,0,0,1
"665",31428839,5,5,1,1,"DEERWHITETAILED",5,1,1,1,1,1,0,0,0,0,0,0,0,1
"666",31428840,5,5,1,1,"DEERWHITETAILED",5,1,1,1,1,1,0,0,0,1,0,0,0.2,0.2
"667",31428841,3,3,1,1,"DEERWHITETAILED",3,1,1,1,1,1,0,0,0,0,0,0,0,1
"668",31428842,4,4,1,1,"DEERWHITETAILED",4,1,1,1,1,1,0,0,0,0,0,0,0,1
"669",31428843,2,2,1,1,"SOMETHINGHERE",2,1,1,NA,NA,NA,NA,NA,NA,NA,NA,NA,NA,NA
"670",31428844,3,3,1,1,"OTHERBIRD",3,1,1,NA,NA,NA,0,0,0.333333333333333,0.666666666666667,0,0,0.333333333333333,0.333333333333333
"671",31428845,5,5,1,1,"DEERWHITETAILED",5,1,1,1,1,1,0,0,0,0.8,0,0,0.4,0.2
"672",31428846,1,1,1,1,"DEERWHITETAILED",1,1,1,1,1,1,0,0,0,1,0,0,0,1
"673",31428847,3,3,1,1,"DEERWHITETAILED",3,1,1,1,1,1,0,0,0,0,0,0,0,1
"674",31428848,3,3,1,1,"DEERWHITETAILED",3,1,1,1,1,1,0,0,0,0,0,0,0,1
"675",31428849,2,2,1,1,"NOTHINGHERE",2,1,1,NA,NA,NA,NA,NA,NA,NA,NA,NA,NA,NA
"676",31428850,5,5,1,1,"NOTHINGHERE",5,1,1,NA,NA,NA,NA,NA,NA,NA,NA,NA,NA,NA
"677",31428851,2,2,1,1,"DEERWHITETAILED",2,1,1,1,1,1,0,0,0,0.5,0,0,0,0.5
"678",31428852,2,2,1,2,"OTHERSMALLMAMMAL",1,0.5,0.5,1,1,1,0,0,0,0,0,0,0,1
"679",31428852,2,2,1,2,"SOMETHINGHERE",1,0.5,0.5,NA,NA,NA,NA,NA,NA,NA,NA,NA,NA,NA
"680",31428853,4,4,1,1,"NOTHINGHERE",4,1,1,NA,NA,NA,NA,NA,NA,NA,NA,NA,NA,NA
"681",31428854,6,6,1,1,"DEERWHITETAILED",6,1,1,1,1,1,0,0,0,0.166666666666667,0,0,0,0.833333333333333
"682",31428855,4,4,1,1,"DEERWHITETAILED",4,1,1,1,1,1,0,0,0,0,0,0,0,1
"683",31428856,2,2,1,1,"SQUIRRELGRAY",2,1,1,1,1,1,0,0,0,0,0,0,0,1
"684",31428857,4,4,1,1,"DEERWHITETAILED",4,1,1,1,1,1,0,0,0,0,0,0,0,1
"685",31428858,3,3,1,1,"NOTHINGHERE",3,1,1,NA,NA,NA,NA,NA,NA,NA,NA,NA,NA,NA
"686",31428859,3,3,1,1,"NOTHINGHERE",3,1,1,NA,NA,NA,NA,NA,NA,NA,NA,NA,NA,NA
"687",31428860,5,5,1,1,"NOTHINGHERE",5,1,1,NA,NA,NA,NA,NA,NA,NA,NA,NA,NA,NA
"688",31428861,3,3,1,1,"NOTHINGHERE",3,1,1,NA,NA,NA,NA,NA,NA,NA,NA,NA,NA,NA
"689",31428862,5,5,1,1,"DEERWHITETAILED",5,1,1,1,1,1,0,0,0,0,0,0,0,1
"690",31428863,4,4,1,2,"DEERWHITETAILED",2,0.5,0.5,1,1,1,0,0,0,0,0,0,0.5,1
"691",31428863,4,4,1,2,"SOMETHINGHERE",2,0.5,0.5,NA,NA,NA,NA,NA,NA,NA,NA,NA,NA,NA
"692",31428864,3,3,1,2,"DEERWHITETAILED",1,0.333333333333333,0.333333333333333,1,1,1,0,0,0,0,0,0,0,1
"693",31428864,3,3,1,2,"SOMETHINGHERE",2,0.666666666666667,0.666666666666667,NA,NA,NA,NA,NA,NA,NA,NA,NA,NA,NA
"694",31428865,3,3,1,1,"HUMAN",3,1,1,NA,NA,NA,0,0,0,0,0,0.5,0.5,0
"695",31428866,3,3,1,1,"HUMAN",3,1,1,NA,NA,NA,0,0,0,0,0,0,1,0
"696",31428867,2,2,1,1,"HUMAN",2,1,1,NA,NA,NA,0,0,0,0,0,0.5,0.5,0.5
"697",31428868,7,7,1,1,"HUMAN",7,1,1,NA,NA,NA,0,0,0,0,0.333333333333333,0.166666666666667,0.333333333333333,0.5
"698",31428869,4,4,1,1,"HUMAN",4,1,1,NA,NA,NA,0,0,0,0,0.333333333333333,0,0.333333333333333,0.333333333333333
"699",31428870,5,5,1,1,"HUMAN",5,1,1,NA,NA,NA,0,0,0,0,0,0.2,0.6,0.2
"700",31428871,1,1,1,1,"HUMAN",1,1,1,1,1,1,0,0,0,0,0,0,1,0
"701",31428872,2,2,1,1,"HUMAN",2,1,1,NA,NA,NA,0,0,0,0,0,1,0,0
"702",31428873,7,7,1,1,"HUMAN",7,1,1,NA,NA,NA,0,0,0,0,0.142857142857143,0,1,0
"703",31428874,2,2,1,1,"HUMAN",2,1,1,NA,NA,NA,0,0,0,0,0,1,0,0
"704",31428875,2,2,1,1,"HUMAN",2,1,1,1,1,1,0,0,0,0,0,0,1,0
"705",31428876,6,6,1,1,"DEERWHITETAILED",6,1,1,1,1,1,0,0,0,0.166666666666667,0,0,0,1
"706",31428877,7,7,1,2,"DEERWHITETAILED",6,0.857142857142857,0.857142857142857,1,1,1,0,0,0,0.166666666666667,0,0,0,1
"707",31428877,7,7,1,2,"SOMETHINGHERE",1,0.142857142857143,0.142857142857143,NA,NA,NA,NA,NA,NA,NA,NA,NA,NA,NA
"708",31428878,4,4,1,1,"SQUIRRELGRAY",4,1,1,1,1,1,1,0,0,0,0,0,0,0
"709",31428879,2,2,1,1,"DEERWHITETAILED",2,1,1,1,1,1,0,0,0,0,0,0,0,1
"710",31428880,4,4,1,2,"DEERWHITETAILED",3,0.75,0.75,1,1,1,0,0,0,0,0,0,0,1
"711",31428880,4,4,1,2,"SOMETHINGHERE",1,0.25,0.25,NA,NA,NA,NA,NA,NA,NA,NA,NA,NA,NA
"712",31428881,4,4,1,1,"DEERWHITETAILED",4,1,1,1,1,1,0,0,0,0.25,0,0,0,1
"713",31428882,5,5,1,1,"DEERWHITETAILED",5,1,1,1,1,1,0,0,0,0,0,0,0,1
"714",31428883,4,4,1,1,"DEERWHITETAILED",4,1,1,1,1,1,0,0,0,0,0,0,0,1
"715",31428884,3,3,1,1,"DEERWHITETAILED",3,1,1,1,1,1,0,0,0,0,0,0,0,1
"716",31428885,4,4,1,1,"DEERWHITETAILED",4,1,1,1,1,1,0,0,0,0.25,0,0,0.75,0.25
"717",31428886,4,4,1,1,"SQUIRRELGRAY",4,1,1,1,1,1,0.75,0,0.25,0,0,0,0,0
"718",31428887,1,1,1,1,"SQUIRRELGRAY",1,1,1,1,1,1,0,0,0,0,0,0,0,1
"719",31428888,4,4,1,1,"DEERWHITETAILED",4,1,1,1,1,1,0,0,0,0,0,0,0,1
"720",31428889,4,4,1,2,"DEERWHITETAILED",2,0.5,0.5,1,1,1,0,0,0,0,0,0,0,1
"721",31428889,4,4,1,2,"NOTHINGHERE",2,0.5,0.5,NA,NA,NA,NA,NA,NA,NA,NA,NA,NA,NA
"722",31428890,6,6,1,1,"DEERWHITETAILED",6,1,1,1,1,1,0,0,0,0,0,0,0.5,0.5
"723",31428891,3,3,1,2,"DEERWHITETAILED",2,0.666666666666667,0.666666666666667,1,1,1,0,0,0,0,0,0,0,1
"724",31428891,3,3,1,2,"SOMETHINGHERE",1,0.333333333333333,0.333333333333333,NA,NA,NA,NA,NA,NA,NA,NA,NA,NA,NA
"725",31428892,5,5,1,1,"DEERWHITETAILED",5,1,1,1,1,1,0,0,0,0.4,0,0,0,1
"726",31428893,7,7,1,1,"DEERWHITETAILED",7,1,1,1,1,1,0,0,0,0,0,0,0,1
"727",31428894,4,4,1,1,"DEERWHITETAILED",4,1,1,1,1,1,0,0,0,0,0,0,0,1
"728",31428895,4,4,1,2,"HUMAN",3,0.75,0.75,NA,NA,NA,0,0,0,0,0.666666666666667,0.333333333333333,0,0
"729",31428895,4,4,1,2,"SOMETHINGHERE",1,0.25,0.25,NA,NA,NA,NA,NA,NA,NA,NA,NA,NA,NA
"730",31428896,5,5,1,1,"DOMESTICDOG",5,1,1,1,1,1,0,0,0,0,0.25,0,0.75,0.25
"731",31428897,4,4,1,1,"DOMESTICDOG",4,1,1,1,1,1,0,0,0,0,0,0,0.25,0.75
"732",31428898,3,3,1,1,"DOMESTICDOG",3,1,1,1,1,1,0,0,0,0.333333333333333,0,0.333333333333333,0,0.333333333333333
"733",31428899,1,1,1,1,"OTHERSMALLMAMMAL",1,1,1,1,1,1,0,0,0,0,0,0,0,1
"734",31428900,5,5,1,1,"NOTHINGHERE",5,1,1,NA,NA,NA,NA,NA,NA,NA,NA,NA,NA,NA
"735",31428901,2,2,1,1,"DEERWHITETAILED",2,1,1,1,1,1,0,0,0,0,0,0.5,0.5,0.5
"736",31428902,4,4,1,1,"DEERWHITETAILED",4,1,1,1,1,1,0,0,0,1,0,0,0,0.25
"737",31428903,1,1,1,1,"DEERWHITETAILED",1,1,1,1,1,1,0,0,0,0,0,0,0,1
"738",31428904,5,5,1,1,"DEERWHITETAILED",5,1,1,1,1,1,0,0,0,0.8,0,0,0.2,0.4
"739",31428905,2,2,1,1,"DEERWHITETAILED",2,1,1,1,1,1,0,0,0,0,0,0,0,1
"740",31428906,2,2,1,2,"FISHER",1,0.5,0.5,1,1,1,0,0,0,0,0,0,0,1
"741",31428906,2,2,1,2,"SQUIRRELGRAY",1,0.5,0.5,1,1,1,0,0,0,0,0,0,0,1
"742",31428907,5,5,1,1,"NOTHINGHERE",5,1,1,NA,NA,NA,NA,NA,NA,NA,NA,NA,NA,NA
"743",31428908,4,4,1,1,"COYOTE",4,1,1,1,1,1,0,0,0,0,0,0,0,1
"744",31428909,2,2,1,1,"DEERWHITETAILED",2,1,1,1,1,1,0,0,0,0.5,0.5,0,0,1
"745",31428910,4,4,1,3,"MOLE",1,0.25,0.25,1,1,1,0,0,0,0,0,0,0,1
"746",31428910,4,4,1,3,"OTHERSMALLMAMMAL",2,0.5,0.5,NA,NA,NA,0,0,0,0,0,0,0,1
"747",31428910,4,4,1,3,"SOMETHINGHERE",1,0.25,0.25,NA,NA,NA,NA,NA,NA,NA,NA,NA,NA,NA
"748",31428911,4,4,1,2,"FOXGRAY",2,0.5,0.5,1,1,1,0,0,0,0,0,0,0,1
"749",31428911,4,4,1,2,"FOXRED",2,0.5,0.5,1,1,1,0,0,0,0,0,0,0,1
"750",31428912,4,4,1,1,"NOTHINGHERE",4,1,1,NA,NA,NA,NA,NA,NA,NA,NA,NA,NA,NA
"751",31428913,2,2,1,1,"NOTHINGHERE",2,1,1,NA,NA,NA,NA,NA,NA,NA,NA,NA,NA,NA
"752",31428914,3,3,1,1,"NOTHINGHERE",3,1,1,NA,NA,NA,NA,NA,NA,NA,NA,NA,NA,NA
"753",31428915,1,1,1,1,"SQUIRRELGRAY",1,1,1,1,1,1,0,0,0,0,0,0,0,1
"754",31428916,7,7,1,3,"SQUIRRELFLYING",1,0.142857142857143,0.142857142857143,1,1,1,0,0,0,0,0,0,0,1
"755",31428916,7,7,1,3,"SQUIRRELGRAY",5,0.714285714285714,0.714285714285714,1,1,1,0,0,0,0,0,0,0,1
"756",31428916,7,7,1,3,"SQUIRRELRED",1,0.142857142857143,0.142857142857143,1,1,1,0,0,0,0,0,0,0,1
"757",31428917,2,2,1,1,"FOXRED",2,1,1,1,1,1,0,0,0,0,0,0,0,1
"758",31428918,5,5,1,2,"SQUIRRELGRAY",1,0.2,0.2,1,1,1,0,0,0,0,0,0,0,1
"759",31428918,5,5,1,2,"SQUIRRELRED",4,0.8,0.8,1,1,1,0,0,0,0,0,0,0,1
"760",31428919,3,3,1,1,"DEERWHITETAILED",3,1,1,1,1,1,0,0,0,0,0,0,0,1
"761",31428920,7,7,1,3,"NOTHINGHERE",1,0.142857142857143,0.142857142857143,NA,NA,NA,NA,NA,NA,NA,NA,NA,NA,NA
"762",31428920,7,7,1,3,"SOMETHINGHERE",1,0.142857142857143,0.142857142857143,NA,NA,NA,NA,NA,NA,NA,NA,NA,NA,NA
"763",31428920,7,7,1,3,"SQUIRRELGRAY",5,0.714285714285714,0.714285714285714,1,1,1,0,0,0,0,0,0,0,1
"764",31428921,2,2,1,1,"NOTHINGHERE",2,1,1,NA,NA,NA,NA,NA,NA,NA,NA,NA,NA,NA
"765",31428922,5,5,1,2,"OTHERSMALLMAMMAL",2,0.4,0.4,1,1,1,0,0,0,0,0,0,0,1
"766",31428922,5,5,1,2,"SOMETHINGHERE",3,0.6,0.6,NA,NA,NA,NA,NA,NA,NA,NA,NA,NA,NA
"767",31428923,4,4,1,1,"NOTHINGHERE",4,1,1,NA,NA,NA,NA,NA,NA,NA,NA,NA,NA,NA
"768",31428924,2,2,1,1,"NOTHINGHERE",2,1,1,NA,NA,NA,NA,NA,NA,NA,NA,NA,NA,NA
"769",31428925,5,5,1,1,"DEERWHITETAILED",5,1,1,4,4,4,0,0,0,0,0,0,0,1
"770",31428926,2,2,1,1,"NOTHINGHERE",2,1,1,NA,NA,NA,NA,NA,NA,NA,NA,NA,NA,NA
"771",31428927,1,1,1,1,"NOTHINGHERE",1,1,1,NA,NA,NA,NA,NA,NA,NA,NA,NA,NA,NA
"772",31428928,3,3,1,1,"DEERWHITETAILED",3,1,1,1,1,1,0,0,0,0,0,0,0,1
"773",31428929,2,2,1,2,"NOTHINGHERE",1,0.5,0.5,NA,NA,NA,NA,NA,NA,NA,NA,NA,NA,NA
"774",31428929,2,2,1,2,"SOMETHINGHERE",1,0.5,0.5,NA,NA,NA,NA,NA,NA,NA,NA,NA,NA,NA
"775",31428930,5,5,1,1,"FISHER",5,1,1,1,1,1,0,0,0,0,0,0,0,1
"776",31428931,1,1,1,1,"NOTHINGHERE",1,1,1,NA,NA,NA,NA,NA,NA,NA,NA,NA,NA,NA
"777",31428932,5,5,1,3,"DEERWHITETAILED",2,0.4,0.4,1,1,1,0,0,0,0,0,0,1,0
"778",31428932,5,5,1,3,"NOTHINGHERE",2,0.4,0.4,NA,NA,NA,NA,NA,NA,NA,NA,NA,NA,NA
"779",31428932,5,5,1,3,"SOMETHINGHERE",1,0.2,0.2,NA,NA,NA,NA,NA,NA,NA,NA,NA,NA,NA
"780",31428933,1,1,1,1,"HUMAN",1,1,1,1,1,1,0,0,0,0,0,0,0,1
"781",31428934,3,3,1,1,"DEERWHITETAILED",3,1,1,1,1,1,0,0,0,0.333333333333333,0,0,0,0.666666666666667
"782",31428935,4,4,1,1,"DEERWHITETAILED",4,1,1,1,1,1,0,0,0,0.5,0,0,0,0.75
"783",31428936,5,5,1,1,"FISHER",5,1,1,1,1,1,0,0,0,0.2,0,0.2,0,1
"784",31428937,3,3,1,3,"COYOTE",1,0.333333333333333,0.333333333333333,1,1,1,0,0,0,1,0,0,0,0
"785",31428937,3,3,1,3,"DEERWHITETAILED",1,0.333333333333333,0.333333333333333,1,1,1,0,0,0,1,0,0,1,0
"786",31428937,3,3,1,3,"SOMETHINGHERE",1,0.333333333333333,0.333333333333333,NA,NA,NA,NA,NA,NA,NA,NA,NA,NA,NA
"787",31428938,9,9,1,3,"DEERWHITETAILED",1,0.111111111111111,0.111111111111111,1,1,1,0,0,0,0,0,0,0,1
"788",31428938,9,9,1,3,"NOTHINGHERE",2,0.222222222222222,0.222222222222222,NA,NA,NA,NA,NA,NA,NA,NA,NA,NA,NA
"789",31428938,9,9,1,3,"SOMETHINGHERE",6,0.666666666666667,0.666666666666667,NA,NA,NA,NA,NA,NA,NA,NA,NA,NA,NA
"790",31428939,4,4,1,1,"DEERWHITETAILED",4,1,1,1,1,1,0,0,0,0,0,0,0,1
"791",31428940,4,4,1,1,"DEERWHITETAILED",4,1,1,1,1,1,0,0,0,0.5,0,0,0,0.75
"792",31428941,5,5,1,1,"DEERWHITETAILED",5,1,1,2,2,2,0,0,0,0.2,0,0,0,1
"793",31428942,6,6,1,1,"DEERWHITETAILED",6,1,1,1,1,1,0,0,0,0.5,0.166666666666667,0,0.166666666666667,0.666666666666667
"794",31428943,2,2,1,1,"DEERWHITETAILED",2,1,1,1,1,1,0,0,0,0,0,0,0.5,0.5
"795",31428944,3,3,1,1,"DEERWHITETAILED",3,1,1,1,1,1,0,0,0,0.333333333333333,0,0,0,0.666666666666667
"796",31428945,3,3,1,2,"SQUIRRELGRAY",2,0.666666666666667,0.666666666666667,1,1,1,0,0,0,0,0,0,0,1
"797",31428945,3,3,1,2,"SQUIRRELRED",1,0.333333333333333,0.333333333333333,1,1,1,0,0,0,0,0,0,0,1
"798",31428946,2,2,1,1,"DEERWHITETAILED",2,1,1,1,1,1,0,0,0,1,0,0,0,0.5
"799",31428947,4,4,1,1,"DEERWHITETAILED",4,1,1,1,1,1,0,0,0,0,0,0,0,1
"800",31428948,1,1,1,1,"SOMETHINGHERE",1,1,1,NA,NA,NA,NA,NA,NA,NA,NA,NA,NA,NA
"801",31428949,3,3,1,1,"DEERWHITETAILED",3,1,1,1,1,1,0,0,0,1,0,0,0.333333333333333,0.666666666666667
"802",31428950,3,3,1,1,"DEERWHITETAILED",3,1,1,1,1,1,0,0,0,0.333333333333333,0,0,0.666666666666667,0.333333333333333
"803",31428951,3,3,1,1,"DEERWHITETAILED",3,1,1,1,1,1,0,0,0,0.666666666666667,0,0,0.333333333333333,0.333333333333333
"804",31428952,5,5,1,1,"DEERWHITETAILED",5,1,1,1,1,1,0,0,0,0.8,0,0,0.2,0.2
"805",31428953,4,4,1,2,"DEERWHITETAILED",2,0.5,0.5,1,1,1,0,0,0,0,0,0,0,1
"806",31428953,4,4,1,2,"SOMETHINGHERE",2,0.5,0.5,NA,NA,NA,NA,NA,NA,NA,NA,NA,NA,NA
"807",31428954,4,4,1,1,"DEERWHITETAILED",4,1,1,1,1,1,0,0,0,0.25,0,0,0,1
"808",31428955,3,3,1,1,"DEERWHITETAILED",3,1,1,1,1,1,0,0,0,0.666666666666667,0,0,0.333333333333333,0.333333333333333
"809",31428956,7,7,1,1,"SQUIRRELRED",7,1,1,1,1,1,0,0,0,0,0,0,0,1
"810",31428957,4,4,1,1,"SQUIRRELRED",4,1,1,1,1,1,0,0,0,0,0,0,0.75,0.25
"811",31428958,6,6,1,1,"DEERWHITETAILED",6,1,1,1,1,1,0,0,0,0.666666666666667,0,0,0,0.5
"812",31428959,3,3,1,1,"DEERWHITETAILED",3,1,1,1,1,1,0,0,0,0.666666666666667,0,0,0.333333333333333,0
"813",31428960,7,7,1,1,"DEERWHITETAILED",7,1,1,1,1,1,0,0,0,0,0,0,0,1
"814",31428961,3,3,1,1,"DEERWHITETAILED",3,1,1,1,1,1,0,0,0,1,0,0,0.666666666666667,0
"815",31428962,3,3,1,2,"DEERWHITETAILED",2,0.666666666666667,0.666666666666667,1,1,1,0,0,0,0.5,0,0,0,0.5
"816",31428962,3,3,1,2,"SOMETHINGHERE",1,0.333333333333333,0.333333333333333,NA,NA,NA,NA,NA,NA,NA,NA,NA,NA,NA
"817",31428963,4,4,1,1,"DEERWHITETAILED",4,1,1,1,1,1,0,0,0,0.25,0,0,0,1
"818",31428964,3,3,1,1,"DEERWHITETAILED",3,1,1,1,1,1,0,0,0,0.666666666666667,0,0,0,0.666666666666667
"819",31428965,6,6,1,1,"DEERWHITETAILED",6,1,1,NA,NA,NA,0,0,0,0.333333333333333,0,0,0,1
"820",31428966,4,4,1,1,"DEERWHITETAILED",4,1,1,1,1,1,0,0,0,1,0,0,0.5,0
"821",31428967,6,6,1,1,"DEERWHITETAILED",6,1,1,1,1,1,0,0,0,0,0.166666666666667,0,0.333333333333333,0.666666666666667
"822",31428968,5,5,1,1,"DEERWHITETAILED",5,1,1,1,1,1,0,0,0,0.6,0,0,0,0.8
"823",31428969,5,5,1,1,"DEERWHITETAILED",5,1,1,1,1,1,0,0,0,0.8,0.2,0,0,1
"824",31428970,4,4,1,1,"DEERWHITETAILED",4,1,1,1,1,1,0,0,0,0.5,0,0,0.75,0.25
"825",31428971,4,4,1,1,"DEERWHITETAILED",4,1,1,1,1,1,0,0,0,0.5,0,0,0.5,0.25
"826",31428972,7,7,1,2,"DEERWHITETAILED",6,0.857142857142857,0.857142857142857,1,1,1,0,0,0,0.666666666666667,0,0,0.333333333333333,0.166666666666667
"827",31428972,7,7,1,2,"SOMETHINGHERE",1,0.142857142857143,0.142857142857143,NA,NA,NA,NA,NA,NA,NA,NA,NA,NA,NA
"828",31428973,4,4,1,1,"DEERWHITETAILED",4,1,1,1,1,1,0,0,0,0.25,0,0,0.75,0.25
"829",31428974,3,3,1,2,"NOTHINGHERE",2,0.666666666666667,0.666666666666667,NA,NA,NA,NA,NA,NA,NA,NA,NA,NA,NA
"830",31428974,3,3,1,2,"SOMETHINGHERE",1,0.333333333333333,0.333333333333333,NA,NA,NA,NA,NA,NA,NA,NA,NA,NA,NA
"831",31428975,4,4,1,1,"DEERWHITETAILED",4,1,1,1,1,1,0,0,0,0.25,0,0,0,1
"832",31428976,5,5,1,1,"DEERWHITETAILED",5,1,1,1,1,2,0,0,0,0.4,0,0,0,0.8
"833",31428977,4,4,1,1,"DEERWHITETAILED",4,1,1,3,1,4,0,0,0,0.5,0,0,0.25,1
"834",31428978,3,3,1,1,"NOTHINGHERE",3,1,1,NA,NA,NA,NA,NA,NA,NA,NA,NA,NA,NA
"835",31428979,7,7,1,1,"DEERWHITETAILED",7,1,1,NA,NA,NA,0,0,0,0.714285714285714,0,0,0,0.714285714285714
"836",31428980,6,6,1,1,"DEERWHITETAILED",6,1,1,1,1,1,0,0,0,0.666666666666667,0.166666666666667,0,0.333333333333333,0.166666666666667
"837",31428981,3,3,1,1,"DEERWHITETAILED",3,1,1,1,1,1,0,0,0,1,0.333333333333333,0,0,0
"838",31428982,6,6,1,1,"DEERWHITETAILED",6,1,1,1,1,1,0,0,0,0.166666666666667,0,0,0,1
"839",31428983,3,3,1,1,"DEERWHITETAILED",3,1,1,1,1,1,0,0,0,0.666666666666667,0.333333333333333,0.333333333333333,1,0
"840",31428984,1,1,1,1,"DEERWHITETAILED",1,1,1,1,1,1,0,0,0,0,0,0,1,0
"841",31428985,5,5,1,1,"DEERWHITETAILED",5,1,1,1,1,1,0,0,0,0.2,0,0,0.4,0.4
"842",31428986,3,3,1,1,"DEERWHITETAILED",3,1,1,1,1,1,0,0,0,0.666666666666667,0.333333333333333,0,0,1
"843",31428987,8,8,1,1,"DEERWHITETAILED",8,1,1,1,1,1,0,0,0,0.375,0,0,0,1
"844",31428988,4,4,1,3,"DEERWHITETAILED",1,0.25,0.25,1,1,1,0,0,0,0,0,0,0,1
"845",31428988,4,4,1,3,"NOTHINGHERE",1,0.25,0.25,NA,NA,NA,NA,NA,NA,NA,NA,NA,NA,NA
"846",31428988,4,4,1,3,"SOMETHINGHERE",2,0.5,0.5,NA,NA,NA,NA,NA,NA,NA,NA,NA,NA,NA
"847",31428989,4,4,1,1,"DEERWHITETAILED",4,1,1,1,1,1,0,0,0,0.75,0,0,0.5,0.5
"848",31428990,3,3,1,1,"DEERWHITETAILED",3,1,1,1,1,1,0,0,0,0.333333333333333,0,0,0,0.666666666666667
"849",31428991,2,3,2,2,"DEERWHITETAILED",2,0.666666666666667,1,1,1,1,0,0,0,0,0,0,0,1
"850",31428991,2,3,2,2,"DUCKWILD",1,0.333333333333333,0.5,1,1,1,0,0,0,0,0,0,0,1
"851",31428992,4,4,1,1,"DEERWHITETAILED",4,1,1,1,1,1,0,0,0,0.25,0,0,0,0.75
"852",31428993,5,5,1,1,"DEERWHITETAILED",5,1,1,1,1,1,0,0,0,0,0,0,0,1
"853",31428994,5,5,1,3,"DEERWHITETAILED",2,0.4,0.4,1,1,1,0,0,0,0,0,0,0,1
"854",31428994,5,5,1,3,"NOTHINGHERE",1,0.2,0.2,NA,NA,NA,NA,NA,NA,NA,NA,NA,NA,NA
"855",31428994,5,5,1,3,"SOMETHINGHERE",2,0.4,0.4,NA,NA,NA,NA,NA,NA,NA,NA,NA,NA,NA
"856",31428995,2,2,1,1,"DEERWHITETAILED",2,1,1,1,1,1,0,0,0,0,0,0,0,1
"857",31428996,4,4,1,1,"DEERWHITETAILED",4,1,1,1,1,1,0,0,0,0.75,0,0,0.25,0.75
"858",31428997,4,4,1,1,"DEERWHITETAILED",4,1,1,1,1,1,0,0,0,0,0,0,0.75,0.25
"859",31428998,3,3,1,1,"DEERWHITETAILED",3,1,1,2,2,2,0,0,0,0.333333333333333,0,0,0.333333333333333,1
"860",31428999,11,11,1,5,"BEAVER",3,0.272727272727273,0.272727272727273,1,1,1,0,0,0,0.333333333333333,0,0,0,0.666666666666667
"861",31428999,11,11,1,5,"PORCUPINE",5,0.454545454545455,0.454545454545455,1,1,1,0,0,0,0,0,0,0,1
"862",31428999,11,11,1,5,"RACCOON",1,0.0909090909090909,0.0909090909090909,1,1,1,0,0,0,0,0,0,0,1
"863",31428999,11,11,1,5,"SOMETHINGHERE",1,0.0909090909090909,0.0909090909090909,NA,NA,NA,NA,NA,NA,NA,NA,NA,NA,NA
"864",31428999,11,11,1,5,"WOODCHUCK",1,0.0909090909090909,0.0909090909090909,1,1,1,0,0,0,0,0,0,0,1
"865",31429000,4,4,1,1,"DEERWHITETAILED",4,1,1,1,1,1,0,0,0,0.75,0,0,0,0.75
"866",31429001,2,2,1,1,"DEERWHITETAILED",2,1,1,1,1,1,0,0,0,0,0,0,0,1
"867",31429002,1,1,1,1,"DEERWHITETAILED",1,1,1,1,1,1,0,0,0,1,0,0,0,1
"868",31429003,6,6,1,1,"DEERWHITETAILED",6,1,1,1,1,1,0,0,0,0.5,0,0,0.666666666666667,0.166666666666667
"869",31429004,5,5,1,1,"DEERWHITETAILED",5,1,1,NA,NA,NA,0,0,0,0.5,0,0,0,1
"870",31429005,3,3,1,1,"DEERWHITETAILED",3,1,1,1,1,1,0,0,0,0,0,0,0,1
"871",31429006,6,6,1,1,"DEERWHITETAILED",6,1,1,1,1,1,0,0,0,0.333333333333333,0,0,0,0.833333333333333
"872",31429007,6,6,1,1,"DEERWHITETAILED",6,1,1,1,1,1,0,0,0,0.333333333333333,0,0,0.5,0.666666666666667
"873",31429008,2,2,1,1,"DEERWHITETAILED",2,1,1,1,1,1,0,0,0,0,0,0,0.5,0.5
"874",31429009,4,4,1,2,"DEERWHITETAILED",3,0.75,0.75,1,1,1,0,0,0,0,0,0,0,1
"875",31429009,4,4,1,2,"SOMETHINGHERE",1,0.25,0.25,NA,NA,NA,NA,NA,NA,NA,NA,NA,NA,NA
"876",31429010,2,2,1,2,"NOTHINGHERE",1,0.5,0.5,NA,NA,NA,NA,NA,NA,NA,NA,NA,NA,NA
"877",31429010,2,2,1,2,"SOMETHINGHERE",1,0.5,0.5,NA,NA,NA,NA,NA,NA,NA,NA,NA,NA,NA
"878",31429011,4,4,1,1,"DEERWHITETAILED",4,1,1,1,1,1,0,0,0,0.25,0,0,0,0.75
"879",31429012,3,3,1,2,"DEERWHITETAILED",1,0.333333333333333,0.333333333333333,1,1,1,0,0,0,0,0,0,0,1
"880",31429012,3,3,1,2,"NOTHINGHERE",2,0.666666666666667,0.666666666666667,NA,NA,NA,NA,NA,NA,NA,NA,NA,NA,NA
"881",31429013,3,3,1,1,"DEERWHITETAILED",3,1,1,1,1,1,0,0,0,0,0,0,0,1
"882",31429014,3,3,1,1,"DEERWHITETAILED",3,1,1,1,1,1,0,0,0,0,0,0,0,1
"883",31429015,5,5,1,1,"DEERWHITETAILED",5,1,1,1,1,1,0,0,0,0.2,0,0,0,1
"884",31429016,2,2,1,1,"NOTHINGHERE",2,1,1,NA,NA,NA,NA,NA,NA,NA,NA,NA,NA,NA
"885",31429017,2,2,1,1,"DEERWHITETAILED",2,1,1,1.5,1,2,0,0,0,0,0,0,0,1
"886",31429018,6,6,1,1,"DEERWHITETAILED",6,1,1,1,1,1,0,0,0,0,0,0,0,1
"887",31429019,2,2,1,1,"DEERWHITETAILED",2,1,1,2,2,2,0,0,0,0.5,0,0,0,1
"888",31429020,4,4,1,1,"DEERWHITETAILED",4,1,1,1,1,1,0,0,0,0,0,0,0,1
"889",31429021,1,1,1,1,"DEERWHITETAILED",1,1,1,1,1,1,0,0,0,0,0,0,0,1
"890",31429022,3,3,1,2,"DEERWHITETAILED",1,0.333333333333333,0.333333333333333,1,1,1,0,0,0,0,0,0,0,1
"891",31429022,3,3,1,2,"SOMETHINGHERE",2,0.666666666666667,0.666666666666667,NA,NA,NA,NA,NA,NA,NA,NA,NA,NA,NA
"892",31429023,5,5,1,1,"DEERWHITETAILED",5,1,1,1,1,1,0,0,0,0,0,0,0.2,0.8
"893",31429024,4,4,1,1,"DEERWHITETAILED",4,1,1,1,1,1,0,0,0,0,0,0,0,1
"894",31429025,3,3,1,1,"DEERWHITETAILED",3,1,1,1,1,1,0,0,0,0,0,0,0,1
"895",31429026,5,5,1,1,"DEERWHITETAILED",5,1,1,1,1,1,0,0,0,0,0,0,0,1
"896",31429027,3,3,1,1,"DEERWHITETAILED",3,1,1,1,1,1,0,0,0,0,0,0,0,1
"897",31429028,3,3,1,2,"DEERWHITETAILED",1,0.333333333333333,0.333333333333333,1,1,1,0,0,0,0,0,0,1,0
"898",31429028,3,3,1,2,"SOMETHINGHERE",2,0.666666666666667,0.666666666666667,NA,NA,NA,NA,NA,NA,NA,NA,NA,NA,NA
"899",31429029,3,3,1,1,"DEERWHITETAILED",3,1,1,1,1,1,0,0,0,0,0,0,0,1
"900",31429030,3,3,1,1,"DEERWHITETAILED",3,1,1,1,1,1,0,0,0,0,0,0,0,1
"901",31429031,4,4,1,1,"DEERWHITETAILED",4,1,1,1,1,1,0,0,0,0,0,0,0,1
"902",31429032,2,2,1,1,"DEERWHITETAILED",2,1,1,1,1,1,0,0,0,0,0,0,0,1
"903",31429033,4,4,1,1,"DEERWHITETAILED",4,1,1,1,1,1,0,0,0,0,0,0,0,1
"904",31429034,5,5,1,1,"DEERWHITETAILED",5,1,1,1,1,1,0,0,0,0.25,0,0,0,1
"905",31429035,6,6,1,1,"NOTHINGHERE",6,1,1,NA,NA,NA,NA,NA,NA,NA,NA,NA,NA,NA
"906",31429036,7,7,1,1,"DEERWHITETAILED",7,1,1,NA,NA,NA,0,0,0,0,0,0,0,1
"907",31429037,2,2,1,1,"DEERWHITETAILED",2,1,1,1,1,1,0,0,0,0,0,0,0.5,0.5
"908",31429038,3,3,1,1,"DEERWHITETAILED",3,1,1,1,1,1,0,0,0,0,0,0,0.666666666666667,1
"909",31429039,2,2,1,1,"DEERWHITETAILED",2,1,1,1,1,1,0,0,0,0,0,0,0,1
"910",31429040,3,3,1,1,"DEERWHITETAILED",3,1,1,1,1,1,0,0,0,0,0,0,0,1
"911",31429041,5,5,1,1,"DEERWHITETAILED",5,1,1,1,1,1,0,0,0,0.4,0,0,0.4,0.6
"912",31429042,4,4,1,2,"NOTHINGHERE",3,0.75,0.75,NA,NA,NA,NA,NA,NA,NA,NA,NA,NA,NA
"913",31429042,4,4,1,2,"SOMETHINGHERE",1,0.25,0.25,NA,NA,NA,NA,NA,NA,NA,NA,NA,NA,NA
"914",31429043,6,6,1,2,"DEERWHITETAILED",5,0.833333333333333,0.833333333333333,1,1,1,0,0,0,0.2,0,0,0.2,0.8
"915",31429043,6,6,1,2,"SOMETHINGHERE",1,0.166666666666667,0.166666666666667,NA,NA,NA,NA,NA,NA,NA,NA,NA,NA,NA
"916",31429044,5,5,1,2,"DEERWHITETAILED",4,0.8,0.8,1,1,1,0,0,0,0,0,0,0,1
"917",31429044,5,5,1,2,"SOMETHINGHERE",1,0.2,0.2,NA,NA,NA,NA,NA,NA,NA,NA,NA,NA,NA
"918",31429045,3,3,1,1,"NOTHINGHERE",3,1,1,NA,NA,NA,NA,NA,NA,NA,NA,NA,NA,NA
"919",31429046,2,2,1,1,"DEERWHITETAILED",2,1,1,1,1,1,0,0,0,0,0,0,0,1
"920",31429047,1,1,1,1,"DEERWHITETAILED",1,1,1,NA,NA,NA,NA,NA,NA,NA,NA,NA,NA,NA
"921",31429048,5,5,1,2,"NOTHINGHERE",3,0.6,0.6,NA,NA,NA,NA,NA,NA,NA,NA,NA,NA,NA
"922",31429048,5,5,1,2,"SOMETHINGHERE",2,0.4,0.4,NA,NA,NA,NA,NA,NA,NA,NA,NA,NA,NA
"923",31429049,3,3,1,1,"DEERWHITETAILED",3,1,1,1,1,1,0,0,0,0,0,0,0.666666666666667,0.333333333333333
"924",31429050,6,6,1,1,"DEERWHITETAILED",6,1,1,1,1,1,0,0,0,0,0,0,0,1
"925",31429051,3,3,1,1,"DEERWHITETAILED",3,1,1,1,1,1,0,0,0,0,0,0,0,1
"926",31429052,5,5,1,1,"DEERWHITETAILED",5,1,1,1,1,1,0,0,0,0.2,0,0,0,1
"927",31429053,4,4,1,1,"DEERWHITETAILED",4,1,1,1,1,1,0,0,0,0.25,0,0,0.25,0.5
"928",31429054,3,3,1,1,"DEERWHITETAILED",3,1,1,2,1,2,0,0,0,0.333333333333333,0,0,0.333333333333333,0.333333333333333
"929",31429055,7,7,1,1,"DEERWHITETAILED",7,1,1,1,1,1,0,0,0,0,0,0,0,1
"930",31429056,3,3,1,1,"DEERWHITETAILED",3,1,1,1,1,1,0,0,0,0,0,0,0,1
"931",31429057,4,4,1,1,"DEERWHITETAILED",4,1,1,1,1,1,0,0,0,0,0,0,0,1
"932",31429058,2,2,1,1,"DEERWHITETAILED",2,1,1,1,1,1,0,0,0,0,0,0,0,1
"933",31429059,3,3,1,1,"DEERWHITETAILED",3,1,1,1,1,1,0,0,0,0.333333333333333,0,0,0,0.666666666666667
"934",31429060,3,3,1,1,"DEERWHITETAILED",3,1,1,1,1,1,0,0,0,0.333333333333333,0,0,0,1
"935",31429061,7,7,1,3,"COYOTE",2,0.285714285714286,0.285714285714286,1,1,1,0,0,0,0,0,0,0,1
"936",31429061,7,7,1,3,"DEERWHITETAILED",2,0.285714285714286,0.285714285714286,1,1,1,0,0,0,0,0,0,0,1
"937",31429061,7,7,1,3,"SOMETHINGHERE",3,0.428571428571429,0.428571428571429,NA,NA,NA,NA,NA,NA,NA,NA,NA,NA,NA
"938",31429062,5,5,1,2,"DEERWHITETAILED",3,0.6,0.6,1,1,1,0,0,0,0.666666666666667,0,0,0.666666666666667,0
"939",31429062,5,5,1,2,"SOMETHINGHERE",2,0.4,0.4,NA,NA,NA,NA,NA,NA,NA,NA,NA,NA,NA
"940",31429063,5,5,1,2,"DEERWHITETAILED",4,0.8,0.8,1,1,1,0,0,0,0,0,0,0,1
"941",31429063,5,5,1,2,"SOMETHINGHERE",1,0.2,0.2,NA,NA,NA,NA,NA,NA,NA,NA,NA,NA,NA
"942",31429064,3,3,1,1,"DEERWHITETAILED",3,1,1,1,1,1,0,0,0,0,0,0,0,1
"943",31429065,6,6,1,1,"DEERWHITETAILED",6,1,1,4,2,4,0,0,0,0.666666666666667,0,0,0.333333333333333,1
"944",31429066,1,1,1,1,"NOTHINGHERE",1,1,1,NA,NA,NA,NA,NA,NA,NA,NA,NA,NA,NA
"945",31429067,5,5,1,2,"NOTHINGHERE",2,0.4,0.4,NA,NA,NA,NA,NA,NA,NA,NA,NA,NA,NA
"946",31429067,5,5,1,2,"SOMETHINGHERE",3,0.6,0.6,NA,NA,NA,NA,NA,NA,NA,NA,NA,NA,NA
"947",31429068,2,2,1,1,"NOTHINGHERE",2,1,1,NA,NA,NA,NA,NA,NA,NA,NA,NA,NA,NA
"948",31429069,2,2,1,1,"SOMETHINGHERE",2,1,1,NA,NA,NA,NA,NA,NA,NA,NA,NA,NA,NA
"949",31429070,4,4,1,1,"NOTHINGHERE",4,1,1,NA,NA,NA,NA,NA,NA,NA,NA,NA,NA,NA
"950",31429071,2,2,1,1,"NOTHINGHERE",2,1,1,NA,NA,NA,NA,NA,NA,NA,NA,NA,NA,NA
"951",31429072,4,4,1,1,"NOTHINGHERE",4,1,1,NA,NA,NA,NA,NA,NA,NA,NA,NA,NA,NA
"952",31429073,2,2,1,1,"NOTHINGHERE",2,1,1,NA,NA,NA,NA,NA,NA,NA,NA,NA,NA,NA
"953",31429074,3,3,1,1,"NOTHINGHERE",3,1,1,NA,NA,NA,NA,NA,NA,NA,NA,NA,NA,NA
"954",31429075,2,2,1,1,"SOMETHINGHERE",2,1,1,NA,NA,NA,NA,NA,NA,NA,NA,NA,NA,NA
"955",31429076,5,5,1,1,"SOMETHINGHERE",5,1,1,NA,NA,NA,NA,NA,NA,NA,NA,NA,NA,NA
"956",31429077,6,6,1,2,"NOTHINGHERE",4,0.666666666666667,0.666666666666667,NA,NA,NA,NA,NA,NA,NA,NA,NA,NA,NA
"957",31429077,6,6,1,2,"SOMETHINGHERE",2,0.333333333333333,0.333333333333333,NA,NA,NA,NA,NA,NA,NA,NA,NA,NA,NA
"958",31429078,2,2,1,2,"DEERWHITETAILED",1,0.5,0.5,1,1,1,0,0,0,0,1,0,0,1
"959",31429078,2,2,1,2,"SOMETHINGHERE",1,0.5,0.5,NA,NA,NA,NA,NA,NA,NA,NA,NA,NA,NA
"960",31429079,4,4,1,1,"DEERWHITETAILED",4,1,1,1,1,1,0,0,0,0.25,0,0,0.5,0.25
"961",31429080,4,4,1,2,"NOTHINGHERE",3,0.75,0.75,NA,NA,NA,NA,NA,NA,NA,NA,NA,NA,NA
"962",31429080,4,4,1,2,"SOMETHINGHERE",1,0.25,0.25,NA,NA,NA,NA,NA,NA,NA,NA,NA,NA,NA
"963",31429081,2,2,1,1,"NOTHINGHERE",2,1,1,NA,NA,NA,NA,NA,NA,NA,NA,NA,NA,NA
"964",31429082,3,3,1,2,"DEERWHITETAILED",2,0.666666666666667,0.666666666666667,1,1,1,0,0,0,0,0,0,0,1
"965",31429082,3,3,1,2,"SOMETHINGHERE",1,0.333333333333333,0.333333333333333,NA,NA,NA,NA,NA,NA,NA,NA,NA,NA,NA
"966",31429083,6,6,1,1,"DEERWHITETAILED",6,1,1,1,1,1,0,0,0,0.666666666666667,0,0,0.666666666666667,0.166666666666667
"967",31429084,1,1,1,1,"DEERWHITETAILED",1,1,1,1,1,1,0,0,0,0,0,0,0,1
"968",31429085,2,2,1,1,"DEERWHITETAILED",2,1,1,1,1,1,0,0,0,0,0,0,0,1
"969",31429086,3,3,1,1,"DEERWHITETAILED",3,1,1,1,1,1,0,0,0,0.333333333333333,0,0.333333333333333,0.333333333333333,0.333333333333333
"970",31429087,4,4,1,1,"DEERWHITETAILED",4,1,1,1,1,1,0,0,0,0.25,0,0,0,0.75
"971",31429088,4,4,1,1,"DEERWHITETAILED",4,1,1,1,1,1,0,0,0,0.75,0,0,1,0
"972",31429089,5,5,1,1,"DEERWHITETAILED",5,1,1,NA,NA,NA,0,0,0,0.4,0,0,0,1
"973",31429090,2,2,1,1,"DEERWHITETAILED",2,1,1,1,1,1,0,0,0,0,0.5,0,0.5,1
"974",31429091,5,5,1,1,"DEERWHITETAILED",5,1,1,1,1,1,0,0,0,0,0,0,0,1
"975",31429092,4,4,1,1,"DEERWHITETAILED",4,1,1,1,1,1,0,0,0,0.75,0,0,0,1
"976",31429093,5,5,1,1,"DEERWHITETAILED",5,1,1,1,1,1,0,0,0,0.2,0,0,0,1
"977",31429094,2,2,1,1,"DEERWHITETAILED",2,1,1,1,1,1,0,0,0,0,0,0,0,1
"978",31429095,2,2,1,1,"DEERWHITETAILED",2,1,1,1,1,1,0,0,0,0,0,0,0,1
"979",31429096,6,6,1,1,"DEERWHITETAILED",6,1,1,1,1,1,0,0,0,0,0,0,0.333333333333333,1
"980",31429097,3,3,1,1,"DEERWHITETAILED",3,1,1,1,1,1,0,0,0,0,0,0,0,1
"981",31429098,2,2,1,1,"DEERWHITETAILED",2,1,1,1,1,1,0,0,0,0,0,0,0,1
"982",31429099,6,6,1,1,"DEERWHITETAILED",6,1,1,NA,NA,NA,0,0,0,0.6,0,0,0.2,0.6
"983",31429100,5,5,1,1,"DEERWHITETAILED",5,1,1,1,1,1,0,0,0,0,0,0,0,1
"984",31429101,5,5,1,1,"DEERWHITETAILED",5,1,1,1,1,1,0,0,0,0.4,0,0,0,1
"985",31429102,4,4,1,1,"DEERWHITETAILED",4,1,1,1,1,1,0,0,0,0.5,0.25,0,0,1
"986",31429103,4,4,1,1,"DEERWHITETAILED",4,1,1,1,1,1,0,0,0,0.25,0,0,0.25,0.5
"987",31429104,5,5,1,1,"DEERWHITETAILED",5,1,1,1,1,2,0,0,0,0.4,0,0,0,1
"988",31429105,3,3,1,1,"DEERWHITETAILED",3,1,1,1,1,1,0,0,0,0.333333333333333,0,0,0,1
"989",31429106,3,3,1,1,"DEERWHITETAILED",3,1,1,1,1,1,0,0,0,0,0,0,0.666666666666667,0.666666666666667
"990",31429107,5,5,1,1,"NOTHINGHERE",5,1,1,NA,NA,NA,NA,NA,NA,NA,NA,NA,NA,NA
"991",31429108,3,3,1,1,"NOTHINGHERE",3,1,1,NA,NA,NA,NA,NA,NA,NA,NA,NA,NA,NA
"992",31429109,3,3,1,1,"NOTHINGHERE",3,1,1,NA,NA,NA,NA,NA,NA,NA,NA,NA,NA,NA
"993",31429110,4,4,1,1,"NOTHINGHERE",4,1,1,NA,NA,NA,NA,NA,NA,NA,NA,NA,NA,NA
"994",31429111,5,5,1,1,"NOTHINGHERE",5,1,1,NA,NA,NA,NA,NA,NA,NA,NA,NA,NA,NA
"995",31429112,2,2,1,2,"DEERWHITETAILED",1,0.5,0.5,1,1,1,0,0,0,0,0,0,1,0
"996",31429112,2,2,1,2,"SOMETHINGHERE",1,0.5,0.5,NA,NA,NA,NA,NA,NA,NA,NA,NA,NA,NA
"997",31429113,2,2,1,1,"NOTHINGHERE",2,1,1,NA,NA,NA,NA,NA,NA,NA,NA,NA,NA,NA
"998",31429114,5,5,1,2,"COYOTE",1,0.2,0.2,1,1,1,0,0,0,0,0,0,0,1
"999",31429114,5,5,1,2,"SOMETHINGHERE",4,0.8,0.8,NA,NA,NA,NA,NA,NA,NA,NA,NA,NA,NA
"1000",31429115,2,2,1,2,"DEERWHITETAILED",1,0.5,0.5,1,1,1,0,0,0,0,0,0,1,0
"1001",31429115,2,2,1,2,"NOTHINGHERE",1,0.5,0.5,NA,NA,NA,NA,NA,NA,NA,NA,NA,NA,NA
"1002",31429116,3,3,1,1,"DEERWHITETAILED",3,1,1,1,1,1,0,0,0,0,0,0,0.333333333333333,0.666666666666667
"1003",31429117,6,6,1,3,"DEERWHITETAILED",2,0.333333333333333,0.333333333333333,1,1,1,0,0,0,0,0,0,0,1
"1004",31429117,6,6,1,3,"NOTHINGHERE",1,0.166666666666667,0.166666666666667,NA,NA,NA,NA,NA,NA,NA,NA,NA,NA,NA
"1005",31429117,6,6,1,3,"SOMETHINGHERE",3,0.5,0.5,NA,NA,NA,NA,NA,NA,NA,NA,NA,NA,NA
"1006",31429118,3,3,1,1,"SOMETHINGHERE",3,1,1,NA,NA,NA,NA,NA,NA,NA,NA,NA,NA,NA
"1007",31429119,4,4,1,1,"NOTHINGHERE",4,1,1,NA,NA,NA,NA,NA,NA,NA,NA,NA,NA,NA
"1008",31429120,3,3,1,2,"COYOTE",1,0.333333333333333,0.333333333333333,1,1,1,0,0,0,0,0,0,0,1
"1009",31429120,3,3,1,2,"DEERWHITETAILED",2,0.666666666666667,0.666666666666667,1,1,1,0,0,0,0,0,0,0.5,0.5
"1010",31429121,5,5,1,2,"NOTHINGHERE",4,0.8,0.8,NA,NA,NA,NA,NA,NA,NA,NA,NA,NA,NA
"1011",31429121,5,5,1,2,"SOMETHINGHERE",1,0.2,0.2,NA,NA,NA,NA,NA,NA,NA,NA,NA,NA,NA
"1012",31429122,2,2,1,1,"NOTHINGHERE",2,1,1,NA,NA,NA,NA,NA,NA,NA,NA,NA,NA,NA
"1013",31429123,5,5,1,3,"DOMESTICDOG",2,0.4,0.4,1,1,1,0,0,0,0,0,0,0,1
"1014",31429123,5,5,1,3,"SOMETHINGHERE",2,0.4,0.4,NA,NA,NA,NA,NA,NA,NA,NA,NA,NA,NA
"1015",31429123,5,5,1,3,"SQUIRRELGRAY",1,0.2,0.2,1,1,1,1,0,0,0,0,0,0,0
"1016",31429124,4,4,1,1,"NOTHINGHERE",4,1,1,NA,NA,NA,NA,NA,NA,NA,NA,NA,NA,NA
"1017",31429125,7,7,1,1,"HUMAN",7,1,1,NA,NA,NA,0,0,0,0,0.2,0,0.2,0.6
"1018",31429126,5,5,1,1,"NOTHINGHERE",5,1,1,NA,NA,NA,NA,NA,NA,NA,NA,NA,NA,NA
"1019",31429127,4,4,1,2,"NOTHINGHERE",3,0.75,0.75,NA,NA,NA,NA,NA,NA,NA,NA,NA,NA,NA
"1020",31429127,4,4,1,2,"WOODCHUCK",1,0.25,0.25,NA,NA,NA,NA,NA,NA,NA,NA,NA,NA,NA
"1021",31429128,4,4,1,1,"HUMAN",4,1,1,NA,NA,NA,0,0,0,0,0.25,0.25,0.5,0.25
"1022",31429129,7,7,1,3,"HUMAN",2,0.285714285714286,0.285714285714286,NA,NA,NA,0,0,0,0,0,1,0,0
"1023",31429129,7,7,1,3,"NOTHINGHERE",3,0.428571428571429,0.428571428571429,NA,NA,NA,NA,NA,NA,NA,NA,NA,NA,NA
"1024",31429129,7,7,1,3,"SOMETHINGHERE",2,0.285714285714286,0.285714285714286,NA,NA,NA,NA,NA,NA,NA,NA,NA,NA,NA
"1025",31429130,5,5,1,1,"DEERWHITETAILED",5,1,1,2,1,2,0,0,0,0.4,0,0,0.2,0.6
"1026",31429131,3,3,1,1,"DEERWHITETAILED",3,1,1,1,1,1,0,0,0,0.333333333333333,0,0,0,0.666666666666667
"1027",31429132,4,4,1,1,"DEERWHITETAILED",4,1,1,1,1,1,0,0,0,0,0.25,0,0.5,0.75
"1028",31429133,6,6,1,1,"DEERWHITETAILED",6,1,1,1,1,1,0,0,0,0,0,0,0.833333333333333,0.166666666666667
"1029",31429134,5,5,1,1,"DEERWHITETAILED",5,1,1,1,1,1,0,0,0,0.75,0,0,0.25,0.5
"1030",31429135,3,3,1,1,"DEERWHITETAILED",3,1,1,1,1,1,0,0,0,0.333333333333333,0,0,0.666666666666667,0.333333333333333
"1031",31429136,4,4,1,1,"DEERWHITETAILED",4,1,1,1,1,1,0,0,0,0.5,0,0,0.5,0.25
"1032",31429137,6,6,1,1,"DEERWHITETAILED",6,1,1,1,1,1,0,0,0,0.166666666666667,0,0,0.5,0.333333333333333
"1033",31429138,3,3,1,1,"SQUIRRELGRAY",3,1,1,1,1,1,0,0,0,0,0,0,0,1
"1034",31429139,5,5,1,2,"FISHER",4,0.8,0.8,1,1,1,0,0,0,0,0,0,0,1
"1035",31429139,5,5,1,2,"OPOSSUM",1,0.2,0.2,1,1,1,0,0,0,0,0,0,0,1
"1036",31429140,4,4,1,2,"NOTHINGHERE",3,0.75,0.75,NA,NA,NA,NA,NA,NA,NA,NA,NA,NA,NA
"1037",31429140,4,4,1,2,"SOMETHINGHERE",1,0.25,0.25,NA,NA,NA,NA,NA,NA,NA,NA,NA,NA,NA
"1038",31429141,2,2,1,1,"DEERWHITETAILED",2,1,1,1,1,1,0,0,0,1,0,0,0.5,1
"1039",31429142,5,5,1,1,"DEERWHITETAILED",5,1,1,1,1,1,0,0,0,0.2,0,0,0,1
"1040",31429143,4,4,1,1,"DEERWHITETAILED",4,1,1,1,1,1,0,0,0,0,0.25,0,0.75,0.25
"1041",31429144,6,6,1,1,"SQUIRRELGRAY",6,1,1,1,1,1,0,0.166666666666667,0,0.166666666666667,0,0,0,0.833333333333333
"1042",31429145,3,3,1,1,"DEERWHITETAILED",3,1,1,1,1,1,0,0,0,0,0,0,0,1
"1043",31429146,3,3,1,1,"DEERWHITETAILED",3,1,1,1,1,1,0,0,0,0,0.333333333333333,0,1,0
"1044",31429147,4,4,1,1,"DEERWHITETAILED",4,1,1,NA,NA,NA,0,0,0,0,0,0,0,1
"1045",31429148,3,3,1,1,"DEERWHITETAILED",3,1,1,2,1,2,0,0,0,0.666666666666667,0,0,1,1
"1046",31429149,3,3,1,1,"DEERWHITETAILED",3,1,1,1,1,1,0,0,0,0.666666666666667,0,0,0.333333333333333,0.333333333333333
"1047",31429150,3,3,1,2,"DEERWHITETAILED",2,0.666666666666667,0.666666666666667,1,1,1,0,0,0,0,0,0,0,1
"1048",31429150,3,3,1,2,"SOMETHINGHERE",1,0.333333333333333,0.333333333333333,NA,NA,NA,NA,NA,NA,NA,NA,NA,NA,NA
"1049",31429151,2,2,1,1,"DEERWHITETAILED",2,1,1,1,1,1,0,0,0,0,0,0,0,1
"1050",31429152,3,3,1,2,"COYOTE",1,0.333333333333333,0.333333333333333,1,1,1,0,0,0,0,0,0,1,0
"1051",31429152,3,3,1,2,"FOXRED",2,0.666666666666667,0.666666666666667,1,1,1,0,0,0,0,0,0,0.5,0.5
"1052",31429153,6,6,1,2,"COYOTE",4,0.666666666666667,0.666666666666667,1,1,1,0,0,0,0,0,0,0.5,0.5
"1053",31429153,6,6,1,2,"SOMETHINGHERE",2,0.333333333333333,0.333333333333333,NA,NA,NA,NA,NA,NA,NA,NA,NA,NA,NA
"1054",31429154,1,1,1,1,"HUMAN",1,1,1,1,1,1,0,0,0,0,0,0,0,1
"1055",31429155,3,3,1,1,"HUMAN",3,1,1,1,1,1,0,0,0,0,0,0.333333333333333,0.333333333333333,0.333333333333333
"1056",31429156,3,3,1,2,"NOTHINGHERE",2,0.666666666666667,0.666666666666667,NA,NA,NA,NA,NA,NA,NA,NA,NA,NA,NA
"1057",31429156,3,3,1,2,"SOMETHINGHERE",1,0.333333333333333,0.333333333333333,NA,NA,NA,NA,NA,NA,NA,NA,NA,NA,NA
"1058",31429157,3,3,1,1,"NOTHINGHERE",3,1,1,NA,NA,NA,NA,NA,NA,NA,NA,NA,NA,NA
"1059",31429158,3,3,1,1,"DEERWHITETAILED",3,1,1,1,1,1,0,0,0,0,0,0,0.333333333333333,1
"1060",31429159,6,6,1,2,"DEERWHITETAILED",5,0.833333333333333,0.833333333333333,NA,NA,NA,0,0,0,0,0,0,0,1
"1061",31429159,6,6,1,2,"SOMETHINGHERE",1,0.166666666666667,0.166666666666667,NA,NA,NA,NA,NA,NA,NA,NA,NA,NA,NA
"1062",31429160,3,3,1,1,"DEERWHITETAILED",3,1,1,1,1,1,0,0,0,0,0,0,0,1
"1063",31429161,3,3,1,2,"DEERWHITETAILED",1,0.333333333333333,0.333333333333333,1,1,1,0,0,0,0,0,0,0,1
"1064",31429161,3,3,1,2,"SOMETHINGHERE",2,0.666666666666667,0.666666666666667,NA,NA,NA,NA,NA,NA,NA,NA,NA,NA,NA
"1065",31429162,3,3,1,1,"SOMETHINGHERE",3,1,1,NA,NA,NA,NA,NA,NA,NA,NA,NA,NA,NA
"1066",31429163,5,5,1,1,"DEERWHITETAILED",5,1,1,NA,NA,NA,0,0,0,0.4,0,0,0,0.8
"1067",31429164,3,3,1,1,"DEERWHITETAILED",3,1,1,1,1,1,0,0,0,0.666666666666667,0,0,0.666666666666667,0
"1068",31429165,5,5,1,1,"DEERWHITETAILED",5,1,1,1,1,1,0,0,0,0,0,0,1,0
"1069",31429166,4,4,1,1,"DEERWHITETAILED",4,1,1,1,1,1,0,0,0,0,0,0,0.25,0.75
"1070",31429167,5,5,1,1,"DEERWHITETAILED",5,1,1,1,1,1,0,0,0,0.6,0,0,0,1
"1071",31429168,7,7,1,1,"DEERWHITETAILED",7,1,1,1,1,1,0,0,0,0.428571428571429,0,0,0,0.857142857142857
"1072",31429169,7,7,1,2,"NOTHINGHERE",6,0.857142857142857,0.857142857142857,NA,NA,NA,NA,NA,NA,NA,NA,NA,NA,NA
"1073",31429169,7,7,1,2,"SOMETHINGHERE",1,0.142857142857143,0.142857142857143,NA,NA,NA,NA,NA,NA,NA,NA,NA,NA,NA
"1074",31429170,4,4,1,2,"NOTHINGHERE",2,0.5,0.5,NA,NA,NA,NA,NA,NA,NA,NA,NA,NA,NA
"1075",31429170,4,4,1,2,"SOMETHINGHERE",2,0.5,0.5,NA,NA,NA,NA,NA,NA,NA,NA,NA,NA,NA
"1076",31429171,3,3,1,1,"DEERWHITETAILED",3,1,1,1,1,1,0,0,0,0,0,0,0,1
"1077",31429172,3,3,1,1,"DEERWHITETAILED",3,1,1,1,1,1,0,0,0,0,0,0,0,1
"1078",31429173,4,4,1,3,"FISHER",1,0.25,0.25,1,1,1,0,0,0,0,0,0,0,1
"1079",31429173,4,4,1,3,"NOTHINGHERE",2,0.5,0.5,NA,NA,NA,NA,NA,NA,NA,NA,NA,NA,NA
"1080",31429173,4,4,1,3,"SOMETHINGHERE",1,0.25,0.25,NA,NA,NA,NA,NA,NA,NA,NA,NA,NA,NA
"1081",31429174,3,3,1,3,"COYOTE",1,0.333333333333333,0.333333333333333,1,1,1,0,0,0,0,0,0,0,1
"1082",31429174,3,3,1,3,"MOUNTAINLION",1,0.333333333333333,0.333333333333333,1,1,1,0,0,0,0,0,0,0,1
"1083",31429174,3,3,1,3,"SOMETHINGHERE",1,0.333333333333333,0.333333333333333,NA,NA,NA,NA,NA,NA,NA,NA,NA,NA,NA
"1084",31429175,7,7,1,2,"DEERWHITETAILED",6,0.857142857142857,0.857142857142857,1,1,1,0,0,0,0,0.166666666666667,0,0,1
"1085",31429175,7,7,1,2,"NOTHINGHERE",1,0.142857142857143,0.142857142857143,NA,NA,NA,NA,NA,NA,NA,NA,NA,NA,NA
"1086",31429176,3,3,1,2,"COYOTE",2,0.666666666666667,0.666666666666667,1,1,1,0,0,0,0,0,0,0,1
"1087",31429176,3,3,1,2,"DEERWHITETAILED",1,0.333333333333333,0.333333333333333,1,1,1,0,0,0,0,0,0,0,1
"1088",31429177,4,4,1,1,"FISHER",4,1,1,1,1,1,0,0,0,0,0,0,0,1
"1089",31429178,3,3,1,1,"DEERWHITETAILED",3,1,1,1,1,1,0,0,0,0,0,0,0,1
"1090",31429179,5,5,1,1,"DEERWHITETAILED",5,1,1,1,1,2,0,0,0,0.6,0,0,0.6,0.6
"1091",31429180,4,4,1,1,"DEERWHITETAILED",4,1,1,1,1,1,0,0,0,0,0,0,0,1
"1092",31429181,5,5,1,1,"DEERWHITETAILED",5,1,1,NA,NA,NA,0,0,0,0.5,0,0,0,0.5
"1093",31429182,4,4,1,1,"DEERWHITETAILED",4,1,1,1,1,1,0,0,0,0,0,0,0,1
"1094",31429183,5,5,1,1,"DEERWHITETAILED",5,1,1,1,1,1,0,0,0,0,0,0,0,1
"1095",31429184,3,3,1,1,"DEERWHITETAILED",3,1,1,1,1,1,0,0,0,0,0,0,0,1
"1096",31429185,1,1,1,1,"DEERWHITETAILED",1,1,1,1,1,1,0,0,0,1,0,0,0,0
"1097",31429186,6,6,1,1,"DEERWHITETAILED",6,1,1,1,1,1,0,0,0,0.5,0,0,0,1
"1098",31429187,3,3,1,1,"DEERWHITETAILED",3,1,1,1,1,1,0,0,0,0.333333333333333,0,0,0,1
"1099",31429188,5,5,1,1,"DEERWHITETAILED",5,1,1,1,1,1,0,0,0,0.6,0,0,0.2,0.6
"1100",31429189,4,4,1,2,"NOTHINGHERE",3,0.75,0.75,NA,NA,NA,NA,NA,NA,NA,NA,NA,NA,NA
"1101",31429189,4,4,1,2,"SOMETHINGHERE",1,0.25,0.25,NA,NA,NA,NA,NA,NA,NA,NA,NA,NA,NA
"1102",31429190,4,4,1,1,"DEERWHITETAILED",4,1,1,1,1,1,0,0,0,0,0,0,0,1
"1103",31429191,4,4,1,1,"DEERWHITETAILED",4,1,1,2,1,2,0,0,0,0.25,0,0,0,1
"1104",31429193,5,5,1,1,"DEERWHITETAILED",5,1,1,1,1,1,0,0,0,0.75,0,0,0.5,0.25
"1105",31429194,1,1,1,1,"DEERWHITETAILED",1,1,1,1,1,1,0,0,0,0,0,0,0,1
"1106",31429195,5,5,1,2,"BLACKBEAR",1,0.2,0.2,1,1,1,0,0,0,1,0,0,0,0
"1107",31429195,5,5,1,2,"FISHER",4,0.8,0.8,1,1,1,0,0,0,0.25,0,0,0.25,0.75
"1108",31429196,3,3,1,1,"DEERWHITETAILED",3,1,1,1,1,1,0,0,0,0.333333333333333,0,0,0,1
"1109",31429197,2,2,1,2,"NOTHINGHERE",1,0.5,0.5,NA,NA,NA,NA,NA,NA,NA,NA,NA,NA,NA
"1110",31429197,2,2,1,2,"SOMETHINGHERE",1,0.5,0.5,NA,NA,NA,NA,NA,NA,NA,NA,NA,NA,NA
"1111",31429198,2,2,1,1,"DEERWHITETAILED",2,1,1,1,1,1,0,0,0,0.5,0,0,0,0.5
"1112",31429199,5,5,1,1,"DEERWHITETAILED",5,1,1,1,1,1,0,0,0,0,0,0,0,1
"1113",31429200,2,2,1,1,"DEERWHITETAILED",2,1,1,1,1,1,0,0,0,0.5,0,0,0,1
"1114",31429201,3,3,1,1,"DEERWHITETAILED",3,1,1,1,1,1,0,0,0,0.666666666666667,0,0,1,0
"1115",31429202,4,4,1,1,"DEERWHITETAILED",4,1,1,1,1,1,0,0,0,1,0,0,0.25,0
"1116",31429203,3,3,1,1,"DEERWHITETAILED",3,1,1,1,1,1,0,0,0,0.333333333333333,0,0,0.333333333333333,0.333333333333333
"1117",31429204,3,3,1,1,"DEERWHITETAILED",3,1,1,1,1,1,0,0,0,1,0,0,0.333333333333333,0.333333333333333
"1118",31429205,5,5,1,1,"DEERWHITETAILED",5,1,1,NA,NA,NA,0,0,0,0,0,0,0,1
"1119",31429206,5,5,1,1,"DEERWHITETAILED",5,1,1,1,1,1,0,0,0,0.8,0,0,0,1
"1120",31429207,8,8,1,1,"DEERWHITETAILED",8,1,1,1,1,1,0,0,0,0,0,0,0,1
"1121",31429208,7,7,1,1,"DEERWHITETAILED",7,1,1,NA,NA,NA,0,0,0,0,0,0,0,1
"1122",31429209,5,5,1,1,"DEERWHITETAILED",5,1,1,1,1,2,0,0,0,0.4,0,0,0,1
"1123",31429210,4,4,1,1,"NOTHINGHERE",4,1,1,NA,NA,NA,NA,NA,NA,NA,NA,NA,NA,NA
"1124",31429211,6,6,1,1,"NOTHINGHERE",6,1,1,NA,NA,NA,NA,NA,NA,NA,NA,NA,NA,NA
"1125",31429212,4,4,1,1,"SOMETHINGHERE",4,1,1,NA,NA,NA,NA,NA,NA,NA,NA,NA,NA,NA
"1126",31429213,5,5,1,2,"DEERWHITETAILED",3,0.6,0.6,1,1,1,0,0,0,0.333333333333333,0.333333333333333,0,0.666666666666667,0.333333333333333
"1127",31429213,5,5,1,2,"SOMETHINGHERE",2,0.4,0.4,NA,NA,NA,NA,NA,NA,NA,NA,NA,NA,NA
"1128",31429214,4,4,1,1,"DEERWHITETAILED",4,1,1,1,1,1,0,0,0,0,0,0,0.75,0.25
"1129",31429215,3,3,1,1,"DEERWHITETAILED",3,1,1,1,1,1,0,0,0,0.333333333333333,0,0,0.333333333333333,0.333333333333333
"1130",31429216,7,7,1,3,"DEERWHITETAILED",2,0.285714285714286,0.285714285714286,1,1,1,0,0,0,0,0,0,0,1
"1131",31429216,7,7,1,3,"NOTHINGHERE",1,0.142857142857143,0.142857142857143,NA,NA,NA,NA,NA,NA,NA,NA,NA,NA,NA
"1132",31429216,7,7,1,3,"SOMETHINGHERE",4,0.571428571428571,0.571428571428571,NA,NA,NA,NA,NA,NA,NA,NA,NA,NA,NA
"1133",31429217,3,3,1,1,"DEERWHITETAILED",3,1,1,1,1,1,0,0,0,0.333333333333333,0,0,0,1
"1134",31429219,4,4,1,1,"HUMAN",4,1,1,NA,NA,NA,0,0,0,0,0.25,0,0,1
