Image1,Date,Camera,Camera_Trap_Days,Species
27_08_IMG_0028.JPG,1/12/18 12:34,27,74,NOTHINGHERE
27_08_IMG_0031.JPG,1/12/18 13:13,27,74,NOTHINGHERE
27_08_IMG_0034.JPG,1/12/18 15:27,27,74,DEERWHITETAILED
27_08_IMG_0037.JPG,1/13/18 11:48,27,74,NOTHINGHERE
27_08_IMG_0040.JPG,1/13/18 11:53,27,74,NOTHINGHERE
27_08_IMG_0043.JPG,2/8/18 17:44,27,74,DEERWHITETAILED
27_08_IMG_0046.JPG,2/25/18 16:57,27,74,NOTHINGHERE
33_01_WF_0001.JPG,11/12/18 17:15,33,75,HUMAN
25_09_SH_0001.JPG,11/13/18 15:52,25,89,HUMAN
25_09_SH_0004.JPG,11/13/18 15:53,25,89,DOMESTICDOG
25_09_SH_0007.JPG,11/13/18 15:54,25,89,DOMESTICDOG
25_09_SH_0012.JPG,11/13/18 15:57,25,89,DOMESTICDOG
03_05_SH_000001.JPG,11/14/18 16:00,3,89,NOTHINGHERE
25_09_SH_0015.JPG,11/14/18 22:06,25,89,OTHERSMALLMAMMAL
25_09_SH_0018.JPG,11/15/18 0:59,25,89,NOTHINGHERE
25_09_SH_0021.JPG,11/15/18 10:10,25,89,DEERWHITETAILED
25_09_SH_0024.JPG,11/15/18 10:11,25,89,DEERWHITETAILED
25_09_SH_0027.JPG,11/15/18 10:12,25,89,DEERWHITETAILED
25_09_SH_0030.JPG,11/15/18 10:13,25,89,DEERWHITETAILED
25_09_SH_0033.JPG,11/15/18 10:14,25,89,DEERWHITETAILED
25_09_SH_0036.JPG,11/15/18 11:46,25,89,SQUIRRELGRAY
24_04_BC_0001.JPG,11/15/18 12:33,24,109,HUMAN
24_04_BC_0004.JPG,11/15/18 12:34,24,109,HUMAN
24_04_BC_0007.JPG,11/15/18 12:35,24,109,HUMAN
24_04_BC_0010.JPG,11/15/18 12:36,24,109,HUMAN
24_04_BC_0013.JPG,11/15/18 12:37,24,109,HUMAN
24_04_BC_0016.JPG,11/15/18 12:38,24,109,HUMAN
24_04_BC_0019.JPG,11/15/18 12:39,24,109,HUMAN
24_04_BC_0022.JPG,11/15/18 12:41,24,109,HUMAN
24_04_BC_0025.JPG,11/15/18 12:42,24,109,HUMAN
24_04_BC_0028.JPG,11/15/18 12:43,24,109,HUMAN
24_04_BC_0031.JPG,11/15/18 12:44,24,109,HUMAN
11_13_BC_000002.JPG,11/16/18 14:17,11,109,DEERWHITETAILED
11_13_BC_000004.JPG,11/16/18 14:18,11,109,DEERWHITETAILED
17_24_BC_000001.JPG,11/16/18 16:09,17,109,DEERWHITETAILED
24_04_BC_0034.JPG,11/16/18 18:58,24,109,DEERWHITETAILED
17_24_BC_000004.JPG,11/16/18 21:59,17,109,DEERWHITETAILED
17_24_BC_000007.JPG,11/16/18 23:04,17,109,DEERWHITETAILED
17_24_BC_000010.JPG,11/16/18 23:06,17,109,DEERWHITETAILED
23_03_SH_0001.JPG,11/17/18 8:12,23,89,DEERWHITETAILED
25_09_SH_0039.JPG,11/17/18 11:35,25,89,NOTHINGHERE
17_24_BC_000013.JPG,11/17/18 14:11,17,109,DEERWHITETAILED
17_24_BC_000016.JPG,11/17/18 14:13,17,109,DEERWHITETAILED
23_03_SH_0004.JPG,11/17/18 14:48,23,89,DEERWHITETAILED
17_24_BC_000019.JPG,11/17/18 18:11,17,109,DEERWHITETAILED
17_24_BC_000022.JPG,11/17/18 22:12,17,109,NOTHINGHERE
25_09_SH_0042.JPG,11/18/18 0:15,25,89,COYOTE
24_04_BC_0037.JPG,11/18/18 4:05,24,109,DEERWHITETAILED
25_09_SH_0045.JPG,11/18/18 5:50,25,89,DEERWHITETAILED
17_24_BC_000025.JPG,11/18/18 7:27,17,109,DEERWHITETAILED
17_24_BC_000028.JPG,11/18/18 11:16,17,109,SQUIRRELGRAY
17_24_BC_000031.JPG,11/18/18 13:05,17,109,SQUIRRELGRAY
17_24_BC_000034.JPG,11/18/18 13:07,17,109,SQUIRRELGRAY
11_13_BC_000007.JPG,11/18/18 13:28,11,109,NOTHINGHERE
11_13_BC_000010.JPG,11/18/18 20:42,11,109,NOTHINGHERE
11_13_BC_000013.JPG,11/19/18 3:54,11,109,SOMETHINGHERE
03_05_SH_000004.JPG,11/19/18 4:08,3,89,NOTHINGHERE
25_09_SH_0048.JPG,11/20/18 4:32,25,89,OTHERSMALLMAMMAL
23_03_SH_0007.JPG,11/20/18 10:16,23,89,SQUIRRELGRAY
23_03_SH_0010.JPG,11/20/18 10:18,23,89,SQUIRRELGRAY
24_04_BC_0040.JPG,11/20/18 11:28,24,109,SQUIRRELGRAY
24_04_BC_0043.JPG,11/20/18 11:41,24,109,DEERWHITETAILED
17_24_BC_000037.JPG,11/20/18 12:26,17,109,SQUIRRELGRAY
11_13_BC_000016.JPG,11/20/18 14:15,11,109,SOMETHINGHERE
17_24_BC_000040.JPG,11/20/18 22:03,17,109,DEERWHITETAILED
17_24_BC_000043.JPG,11/20/18 23:17,17,109,DEERWHITETAILED
25_09_SH_0051.JPG,11/21/18 3:48,25,89,FOXRED
23_03_SH_0013.JPG,11/21/18 12:53,23,89,NOTHINGHERE
17_24_BC_000046.JPG,11/21/18 14:18,17,109,DEERWHITETAILED
23_03_SH_0016.JPG,11/21/18 18:22,23,89,DEERWHITETAILED
25_09_SH_0054.JPG,11/22/18 6:03,25,89,NOTHINGHERE
03_05_SH_000007.JPG,11/22/18 9:00,3,89,NOTHINGHERE
25_09_SH_0057.JPG,11/22/18 11:47,25,89,NOTHINGHERE
25_09_SH_0060.JPG,11/22/18 22:12,25,89,NOTHINGHERE
17_24_BC_000049.JPG,11/24/18 12:35,17,109,NOTHINGHERE
17_24_BC_000052.JPG,11/24/18 17:34,17,109,SOMETHINGHERE
11_13_BC_000019.JPG,11/25/18 8:20,11,109,SQUIRRELGRAY
17_24_BC_000055.JPG,11/25/18 8:24,17,109,SQUIRRELGRAY
11_13_BC_000022.JPG,11/25/18 8:48,11,109,SQUIRRELGRAY
11_13_BC_000025.JPG,11/25/18 9:57,11,109,SQUIRRELGRAY
11_13_BC_000028.JPG,11/25/18 9:59,11,109,SQUIRRELGRAY
17_24_BC_000058.JPG,11/25/18 10:58,17,109,NOTHINGHERE
17_24_BC_000061.JPG,11/25/18 11:47,17,109,SQUIRRELGRAY
17_24_BC_000064.JPG,11/25/18 12:15,17,109,SQUIRRELGRAY
11_13_BC_000031.JPG,11/25/18 12:25,11,109,SQUIRRELGRAY
11_13_BC_000034.JPG,11/25/18 12:43,11,109,SQUIRRELGRAY
11_13_BC_000037.JPG,11/25/18 12:47,11,109,NOTHINGHERE
03_05_SH_000010.JPG,11/25/18 13:38,3,89,NOTHINGHERE
11_13_BC_000040.JPG,11/25/18 14:34,11,109,SQUIRRELGRAY
11_13_BC_000043.JPG,11/25/18 15:59,11,109,SOMETHINGHERE
11_13_BC_000046.JPG,11/25/18 17:26,11,109,PORCUPINE
11_13_BC_000049.JPG,11/25/18 18:36,11,109,PORCUPINE
08_23_DEG_000001.JPG,11/26/18 4:46,8,73,SOMETHINGHERE
08_23_DEG_000004.JPG,11/26/18 6:27,8,73,DEERWHITETAILED
11_13_BC_000052.JPG,11/26/18 8:01,11,109,SQUIRRELGRAY
11_13_BC_000055.JPG,11/26/18 10:59,11,109,SQUIRRELGRAY
17_24_BC_000067.JPG,11/26/18 13:20,17,109,SQUIRRELGRAY
21_21_DON_0001.JPG,11/26/18 14:10,21,94,HUMAN
25_09_SH_0063.JPG,11/26/18 14:14,25,89,SQUIRRELGRAY
24_04_BC_0046.JPG,11/26/18 18:06,24,109,DEERWHITETAILED
29_19_DEG_0001.JPG,11/26/18 22:52,29,73,DEERWHITETAILED
24_04_BC_0049.JPG,11/26/18 23:42,24,109,DEERWHITETAILED
24_04_BC_0052.JPG,11/26/18 23:48,24,109,DEERWHITETAILED
24_04_BC_0055.JPG,11/27/18 6:20,24,109,DEERWHITETAILED
08_23_DEG_000007.JPG,11/27/18 7:00,8,73,SOMETHINGHERE
24_04_BC_0058.JPG,11/27/18 7:16,24,109,DEERWHITETAILED
24_04_BC_0061.JPG,11/27/18 7:19,24,109,DEERWHITETAILED
17_24_BC_000070.JPG,11/27/18 8:56,17,109,SQUIRRELGRAY
11_13_BC_000058.JPG,11/27/18 10:21,11,109,NOTHINGHERE
25_09_SH_0066.JPG,11/27/18 12:26,25,89,SQUIRRELGRAY
23_03_SH_0019.JPG,11/27/18 14:01,23,89,SQUIRRELGRAY
33_01_WF_0004.JPG,11/27/18 17:16,33,75,NOTHINGHERE
33_01_WF_0007.JPG,11/27/18 17:26,33,75,NOTHINGHERE
28_15_DEG_0008.JPG,11/27/18 20:02,28,73,FISHER
22_18_WF_0001.JPG,11/27/18 23:02,22,75,COYOTE
22_18_WF_0004.JPG,11/28/18 3:53,22,75,FISHER
22_18_WF_0007.JPG,11/28/18 3:55,22,75,SOMETHINGHERE
33_01_WF_0010.JPG,11/28/18 5:14,33,75,DEERWHITETAILED
03_05_SH_000013.JPG,11/28/18 6:43,3,89,SOMETHINGHERE
17_24_BC_000073.JPG,11/28/18 9:04,17,109,SQUIRRELGRAY
09_25_WF_000001.JPG,11/28/18 10:16,9,75,DEERWHITETAILED
11_13_BC_000061.JPG,11/28/18 12:21,11,109,SQUIRRELGRAY
29_19_DEG_0004.JPG,11/28/18 13:38,29,73,DEERWHITETAILED
08_23_DEG_000010.JPG,11/28/18 17:29,8,73,NOTHINGHERE
08_23_DEG_000013.JPG,11/28/18 17:34,8,73,SNOWSHOEHARE
17_24_BC_000076.JPG,11/28/18 19:54,17,109,DEERWHITETAILED
17_24_BC_000079.JPG,11/28/18 19:56,17,109,DEERWHITETAILED
17_24_BC_000082.JPG,11/28/18 19:59,17,109,DEERWHITETAILED
17_24_BC_000085.JPG,11/28/18 22:56,17,109,DEERWHITETAILED
29_19_DEG_0007.JPG,11/29/18 0:16,29,73,FISHER
22_18_WF_0010.JPG,11/29/18 1:23,22,75,FISHER
22_18_WF_0013.JPG,11/29/18 1:29,22,75,FISHER
11_13_BC_000064.JPG,11/29/18 11:09,11,109,SQUIRRELGRAY
11_13_BC_000067.JPG,11/29/18 11:50,11,109,SQUIRRELGRAY
24_04_BC_0064.JPG,11/29/18 12:35,24,109,SQUIRRELGRAY
11_13_BC_000070.JPG,11/29/18 17:26,11,109,PORCUPINE
29_19_DEG_0010.JPG,11/29/18 18:32,29,73,DEERWHITETAILED
21_21_DON_0003.JPG,11/29/18 19:02,21,94,FOXRED
29_19_DEG_0013.JPG,11/30/18 6:39,29,73,SOMETHINGHERE
29_19_DEG_0016.JPG,11/30/18 6:42,29,73,DEERWHITETAILED
29_19_DEG_0019.JPG,11/30/18 6:44,29,73,DEERWHITETAILED
29_19_DEG_0025.JPG,11/30/18 8:47,29,73,DEERWHITETAILED
22_18_WF_0016.JPG,11/30/18 10:12,22,75,FISHER
22_18_WF_0019.JPG,11/30/18 11:43,22,75,FISHER
22_18_WF_0022.JPG,11/30/18 16:17,22,75,DEERWHITETAILED
22_18_WF_0025.JPG,11/30/18 16:19,22,75,DEERWHITETAILED
22_18_WF_0028.JPG,11/30/18 16:20,22,75,DEERWHITETAILED
33_01_WF_0013.JPG,11/30/18 16:34,33,75,DEERWHITETAILED
33_01_WF_0016.JPG,11/30/18 16:35,33,75,DEERWHITETAILED
22_18_WF_0031.JPG,12/1/18 6:17,22,75,DEERWHITETAILED
15_14_DEG_000002.JPG,12/1/18 8:16,15,73,DEERWHITETAILED
33_01_WF_0019.JPG,12/1/18 8:51,33,75,SOMETHINGHERE
04_26_WF_000001.JPG,12/1/18 10:05,4,75,NOTHINGHERE
04_26_WF_000004.JPG,12/1/18 10:12,4,75,NOTHINGHERE
04_26_WF_000007.JPG,12/1/18 10:32,4,75,NOTHINGHERE
04_26_WF_000010.JPG,12/1/18 10:35,4,75,NOTHINGHERE
23_03_SH_0022.JPG,12/1/18 10:37,23,89,DEERWHITETAILED
04_26_WF_000013.JPG,12/1/18 11:48,4,75,TURKEY
17_24_BC_000088.JPG,12/1/18 14:05,17,109,SOMETHINGHERE
24_04_BC_0067.JPG,12/1/18 14:31,24,109,SQUIRRELGRAY
11_13_BC_000073.JPG,12/1/18 17:10,11,109,PORCUPINE
24_04_BC_0070.JPG,12/1/18 17:39,24,109,DEERWHITETAILED
22_18_WF_0037.JPG,12/2/18 0:00,22,75,FISHER
11_13_BC_000076.JPG,12/2/18 13:07,11,109,SQUIRRELGRAY
09_25_WF_000004.JPG,12/2/18 13:26,9,75,SQUIRRELGRAY
04_26_WF_000016.JPG,12/2/18 23:44,4,75,NOTHINGHERE
33_01_WF_0022.JPG,12/3/18 0:05,33,75,SOMETHINGHERE
23_03_SH_0025.JPG,12/3/18 0:53,23,89,DEERWHITETAILED
33_01_WF_0025.JPG,12/3/18 3:41,33,75,DEERWHITETAILED
33_01_WF_0028.JPG,12/3/18 3:42,33,75,DEERWHITETAILED
33_01_WF_0031.JPG,12/3/18 3:54,33,75,DEERWHITETAILED
22_18_WF_0040.JPG,12/3/18 7:09,22,75,DEERWHITETAILED
22_18_WF_0043.JPG,12/3/18 7:19,22,75,DEERWHITETAILED
17_24_BC_000091.JPG,12/3/18 9:53,17,109,SQUIRRELGRAY
11_13_BC_000079.JPG,12/3/18 13:10,11,109,SQUIRRELGRAY
17_24_BC_000094.JPG,12/3/18 14:02,17,109,SQUIRRELGRAY
17_24_BC_000097.JPG,12/3/18 14:44,17,109,SQUIRRELGRAY
24_04_BC_0073.JPG,12/3/18 16:48,24,109,DEERWHITETAILED
29_19_DEG_0028.JPG,12/3/18 18:33,29,73,DEERWHITETAILED
29_19_DEG_0031.JPG,12/3/18 18:34,29,73,DEERWHITETAILED
29_19_DEG_0034.JPG,12/4/18 0:28,29,73,DEERWHITETAILED
24_04_BC_0076.JPG,12/4/18 2:31,24,109,DEERWHITETAILED
33_01_WF_0037.JPG,12/4/18 2:57,33,75,DEERWHITETAILED
24_04_BC_0079.JPG,12/4/18 3:03,24,109,DEERWHITETAILED
33_01_WF_0040.JPG,12/4/18 3:24,33,75,DEERWHITETAILED
21_21_DON_0006.JPG,12/4/18 5:30,21,94,NOTHINGHERE
17_24_BC_000100.JPG,12/4/18 6:43,17,109,SOMETHINGHERE
22_18_WF_0046.JPG,12/4/18 7:32,22,75,DEERWHITETAILED
22_18_WF_0049.JPG,12/4/18 8:19,22,75,DEERWHITETAILED
23_03_SH_0028.JPG,12/4/18 13:33,23,89,SQUIRRELGRAY
15_14_DEG_000004.JPG,12/4/18 18:54,15,73,DEERWHITETAILED
15_14_DEG_000007.JPG,12/4/18 18:57,15,73,DEERWHITETAILED
33_01_WF_0043.JPG,12/4/18 19:24,33,75,DEERWHITETAILED
33_01_WF_0046.JPG,12/4/18 19:27,33,75,NOTHINGHERE
33_01_WF_0049.JPG,12/4/18 19:31,33,75,SOMETHINGHERE
24_04_BC_0082.JPG,12/5/18 1:24,24,109,DEERWHITETAILED
24_04_BC_0085.JPG,12/5/18 1:26,24,109,DEERWHITETAILED
33_01_WF_0052.JPG,12/5/18 6:30,33,75,DEERWHITETAILED
22_18_WF_0052.JPG,12/5/18 6:58,22,75,FISHER
24_04_BC_0088.JPG,12/5/18 7:21,24,109,DEERWHITETAILED
15_14_DEG_000013.JPG,12/5/18 13:58,15,73,HUMAN
11_13_BC_000082.JPG,12/5/18 17:30,11,109,PORCUPINE
04_26_WF_000019.JPG,12/5/18 20:03,4,75,DEERWHITETAILED
04_26_WF_000022.JPG,12/5/18 20:07,4,75,DEERWHITETAILED
29_19_DEG_0037.JPG,12/6/18 7:32,29,73,SQUIRRELGRAY
33_01_WF_0055.JPG,12/6/18 9:03,33,75,DEERWHITETAILED
17_24_BC_000103.JPG,12/6/18 16:22,17,109,DEERWHITETAILED
29_19_DEG_0040.JPG,12/6/18 18:50,29,73,DEERWHITETAILED
31_06_WHIP_0007.JPG,12/7/18 2:38,31,36,NOTHINGHERE
17_24_BC_000106.JPG,12/7/18 8:25,17,109,DEERWHITETAILED
17_24_BC_000109.JPG,12/7/18 8:27,17,109,DEERWHITETAILED
11_13_BC_000085.JPG,12/7/18 8:32,11,109,NOTHINGHERE
22_18_WF_0055.JPG,12/7/18 8:40,22,75,DEERWHITETAILED
22_18_WF_0058.JPG,12/7/18 8:41,22,75,DEERWHITETAILED
17_24_BC_000112.JPG,12/7/18 9:49,17,109,DEERWHITETAILED
17_24_BC_000115.JPG,12/7/18 9:50,17,109,NOTHINGHERE
17_24_BC_000118.JPG,12/7/18 14:39,17,109,DEERWHITETAILED
23_03_SH_0031.JPG,12/7/18 18:56,23,89,FOXRED
33_01_WF_0058.JPG,12/7/18 19:26,33,75,NOTHINGHERE
31_06_WHIP_0010.JPG,12/7/18 20:59,31,36,NOTHINGHERE
31_06_WHIP_0013.JPG,12/7/18 21:00,31,36,NOTHINGHERE
18_16_WHIP_000001.JPG,12/7/18 22:56,18,37,NOTHINGHERE
31_06_WHIP_0016.JPG,12/7/18 23:00,31,36,NOTHINGHERE
31_06_WHIP_0019.JPG,12/7/18 23:02,31,36,NOTHINGHERE
17_24_BC_000121.JPG,12/8/18 1:55,17,109,DEERWHITETAILED
15_14_DEG_000016.JPG,12/8/18 8:18,15,73,DEERWHITETAILED
29_19_DEG_0043.JPG,12/8/18 9:27,29,73,DEERWHITETAILED
17_24_BC_000124.JPG,12/8/18 10:01,17,109,DEERWHITETAILED
15_14_DEG_000019.JPG,12/8/18 10:53,15,73,HUMAN
11_13_BC_000088.JPG,12/8/18 11:57,11,109,SQUIRRELGRAY
22_18_WF_0061.JPG,12/8/18 14:24,22,75,DEERWHITETAILED
32_17_WHIP_0001.JPG,12/8/18 21:51,32,38,DEERWHITETAILED
15_14_DEG_000022.JPG,12/9/18 3:47,15,73,DEERWHITETAILED
17_24_BC_000127.JPG,12/9/18 12:46,17,109,DEERWHITETAILED
04_26_WF_000025.JPG,12/9/18 17:22,4,75,DEERWHITETAILED
23_03_SH_0034.JPG,12/10/18 2:05,23,89,NOTHINGHERE
33_01_WF_0061.JPG,12/10/18 4:47,33,75,COYOTE
25_09_SH_0069.JPG,12/10/18 4:56,25,89,FOXRED
33_01_WF_0064.JPG,12/10/18 7:38,33,75,DEERWHITETAILED
11_13_BC_000091.JPG,12/10/18 13:23,11,109,SQUIRRELGRAY
11_13_BC_000094.JPG,12/10/18 13:37,11,109,SQUIRRELGRAY
25_09_SH_0072.JPG,12/10/18 13:42,25,89,SQUIRRELRED
11_13_BC_000097.JPG,12/10/18 13:44,11,109,SQUIRRELGRAY
33_01_WF_0067.JPG,12/11/18 8:53,33,75,COYOTE
22_18_WF_0064.JPG,12/11/18 18:53,22,75,COYOTE
31_06_WHIP_0022.JPG,12/11/18 23:18,31,36,DEERWHITETAILED
15_14_DEG_000025.JPG,12/12/18 9:02,15,73,DEERWHITETAILED
11_13_BC_000100.JPG,12/12/18 12:05,11,109,SQUIRRELGRAY
11_13_BC_000103.JPG,12/12/18 12:12,11,109,NOTHINGHERE
11_13_BC_000106.JPG,12/12/18 12:15,11,109,NOTHINGHERE
11_13_BC_000109.JPG,12/12/18 12:27,11,109,SQUIRRELGRAY
31_06_WHIP_0025.JPG,12/13/18 0:36,31,36,NOTHINGHERE
29_19_DEG_0046.JPG,12/13/18 7:01,29,73,SOMETHINGHERE
17_24_BC_000130.JPG,12/13/18 10:18,17,109,DEERWHITETAILED
17_24_BC_000133.JPG,12/13/18 10:20,17,109,DEERWHITETAILED
14_22_DON_000001.JPG,12/13/18 14:34,14,74,SOMETHINGHERE
14_22_DON_000004.JPG,12/13/18 18:06,14,74,DEERWHITETAILED
33_01_WF_0070.JPG,12/13/18 18:18,33,75,FISHER
22_18_WF_0067.JPG,12/13/18 18:44,22,75,DEERWHITETAILED
22_18_WF_0070.JPG,12/13/18 18:46,22,75,DEERWHITETAILED
17_24_BC_000136.JPG,12/14/18 15:02,17,109,DEERWHITETAILED
29_19_DEG_0049.JPG,12/14/18 19:14,29,73,DEERWHITETAILED
11_13_BC_000112.JPG,12/14/18 23:43,11,109,OTHERSMALLMAMMAL
18_16_WHIP_000004.JPG,12/15/18 1:30,18,37,FISHER
15_14_DEG_000028.JPG,12/15/18 1:31,15,73,NOTHINGHERE
29_19_DEG_0052.JPG,12/15/18 6:10,29,73,DEERWHITETAILED
29_19_DEG_0055.JPG,12/15/18 6:12,29,73,DEERWHITETAILED
29_19_DEG_0061.JPG,12/15/18 6:14,29,73,DEERWHITETAILED
15_14_DEG_000031.JPG,12/15/18 6:52,15,73,COYOTE
29_19_DEG_0064.JPG,12/15/18 7:34,29,73,DEERWHITETAILED
33_01_WF_0073.JPG,12/15/18 11:30,33,75,DEERWHITETAILED
14_22_DON_000007.JPG,12/15/18 12:00,14,74,NOTHINGHERE
14_22_DON_000010.JPG,12/15/18 13:22,14,74,NOTHINGHERE
23_03_SH_0037.JPG,12/15/18 17:15,23,89,RACCOON
22_18_WF_0073.JPG,12/15/18 17:39,22,75,FISHER
18_16_WHIP_000007.JPG,12/15/18 18:39,18,37,RACCOON
11_13_BC_000115.JPG,12/15/18 18:53,11,109,PORCUPINE
18_16_WHIP_000010.JPG,12/15/18 20:15,18,37,RACCOON
18_16_WHIP_000013.JPG,12/15/18 20:17,18,37,RACCOON
14_22_DON_000013.JPG,12/16/18 0:48,14,74,RACCOON
22_18_WF_0076.JPG,12/16/18 5:26,22,75,SOMETHINGHERE
32_17_WHIP_0004.JPG,12/16/18 5:58,32,38,DEERWHITETAILED
32_17_WHIP_0007.JPG,12/16/18 5:59,32,38,DEERWHITETAILED
32_17_WHIP_0010.JPG,12/16/18 6:00,32,38,DEERWHITETAILED
32_17_WHIP_0013.JPG,12/16/18 6:17,32,38,DEERWHITETAILED
32_17_WHIP_0016.JPG,12/16/18 6:21,32,38,DEERWHITETAILED
32_17_WHIP_0019.JPG,12/16/18 6:28,32,38,DEERWHITETAILED
32_17_WHIP_0022.JPG,12/16/18 6:29,32,38,DEERWHITETAILED
29_19_DEG_0067.JPG,12/16/18 7:09,29,73,DEERWHITETAILED
29_19_DEG_0070.JPG,12/16/18 7:10,29,73,DEERWHITETAILED
15_14_DEG_000034.JPG,12/16/18 7:21,15,73,DEERWHITETAILED
17_24_BC_000139.JPG,12/16/18 7:46,17,109,DEERWHITETAILED
17_24_BC_000142.JPG,12/16/18 7:48,17,109,DEERWHITETAILED
17_24_BC_000145.JPG,12/16/18 7:50,17,109,DEERWHITETAILED
23_03_SH_0040.JPG,12/16/18 8:45,23,89,COYOTE
29_19_DEG_0073.JPG,12/16/18 8:54,29,73,SQUIRRELRED
15_14_DEG_000037.JPG,12/16/18 9:39,15,73,DEERWHITETAILED
29_19_DEG_0076.JPG,12/16/18 11:27,29,73,SQUIRRELRED
15_14_DEG_000040.JPG,12/16/18 12:14,15,73,DEERWHITETAILED
15_14_DEG_000043.JPG,12/16/18 12:15,15,73,DEERWHITETAILED
23_03_SH_0043.JPG,12/16/18 13:00,23,89,DEERWHITETAILED
23_03_SH_0046.JPG,12/16/18 13:02,23,89,DEERWHITETAILED
23_03_SH_0049.JPG,12/16/18 13:06,23,89,DEERWHITETAILED
23_03_SH_0052.JPG,12/16/18 13:18,23,89,DEERWHITETAILED
11_13_BC_000121.JPG,12/16/18 13:44,11,109,SQUIRRELGRAY
17_24_BC_000148.JPG,12/16/18 14:29,17,109,SQUIRRELGRAY
17_24_BC_000151.JPG,12/16/18 14:35,17,109,NOTHINGHERE
17_24_BC_000154.JPG,12/16/18 14:56,17,109,NOTHINGHERE
14_22_DON_000016.JPG,12/16/18 17:12,14,74,DEERWHITETAILED
29_19_DEG_0079.JPG,12/16/18 17:30,29,73,DEERWHITETAILED
29_19_DEG_0082.JPG,12/16/18 18:33,29,73,DEERWHITETAILED
29_19_DEG_0085.JPG,12/16/18 18:34,29,73,DEERWHITETAILED
29_19_DEG_0088.JPG,12/16/18 18:37,29,73,DEERWHITETAILED
14_22_DON_000019.JPG,12/16/18 19:18,14,74,DEERWHITETAILED
14_22_DON_000022.JPG,12/16/18 19:25,14,74,NOTHINGHERE
29_19_DEG_0091.JPG,12/16/18 20:54,29,73,DEERWHITETAILED
11_13_BC_000124.JPG,12/17/18 5:04,11,109,NOTHINGHERE
23_03_SH_0055.JPG,12/17/18 7:49,23,89,SOMETHINGHERE
22_18_WF_0079.JPG,12/17/18 8:54,22,75,DEERWHITETAILED
32_17_WHIP_0025.JPG,12/17/18 9:57,32,38,SQUIRRELGRAY
22_18_WF_0082.JPG,12/17/18 13:35,22,75,FOXRED
11_13_BC_000127.JPG,12/17/18 14:19,11,109,NOTHINGHERE
17_24_BC_000157.JPG,12/17/18 21:15,17,109,DEERWHITETAILED
15_14_DEG_000046.JPG,12/17/18 22:16,15,73,DEERWHITETAILED
15_14_DEG_000049.JPG,12/17/18 22:19,15,73,DEERWHITETAILED
15_14_DEG_000052.JPG,12/18/18 5:21,15,73,SOMETHINGHERE
14_22_DON_000025.JPG,12/18/18 7:23,14,74,DEERWHITETAILED
33_01_WF_0079.JPG,12/18/18 9:19,33,75,DEERWHITETAILED
33_01_WF_0082.JPG,12/18/18 9:27,33,75,DEERWHITETAILED
33_01_WF_0085.JPG,12/18/18 10:34,33,75,DEERWHITETAILED
33_01_WF_0088.JPG,12/18/18 10:42,33,75,DEERWHITETAILED
33_01_WF_0091.JPG,12/18/18 10:43,33,75,DEERWHITETAILED
33_01_WF_0094.JPG,12/18/18 10:55,33,75,DEERWHITETAILED
33_01_WF_0097.JPG,12/18/18 10:56,33,75,DEERWHITETAILED
11_13_BC_000130.JPG,12/18/18 13:22,11,109,SQUIRRELGRAY
25_09_SH_0075.JPG,12/18/18 15:18,25,89,DEERWHITETAILED
23_03_SH_0058.JPG,12/18/18 15:21,23,89,OTHERBIRD
33_01_WF_0100.JPG,12/18/18 15:40,33,75,DEERWHITETAILED
14_22_DON_000028.JPG,12/18/18 16:00,14,74,DEERWHITETAILED
22_18_WF_0085.JPG,12/18/18 18:55,22,75,COYOTE
22_18_WF_0088.JPG,12/18/18 21:30,22,75,DEERWHITETAILED
14_22_DON_000031.JPG,12/18/18 23:06,14,74,DEERWHITETAILED
15_14_DEG_000055.JPG,12/18/18 23:07,15,73,DEERWHITETAILED
14_22_DON_000034.JPG,12/19/18 6:20,14,74,DEERWHITETAILED
15_14_DEG_000058.JPG,12/19/18 7:13,15,73,DEERWHITETAILED
15_14_DEG_000061.JPG,12/19/18 7:38,15,73,DEERWHITETAILED
15_14_DEG_000064.JPG,12/19/18 7:39,15,73,DEERWHITETAILED
15_14_DEG_000067.JPG,12/19/18 7:41,15,73,DEERWHITETAILED
14_22_DON_000037.JPG,12/19/18 7:58,14,74,DEERWHITETAILED
14_22_DON_000040.JPG,12/19/18 8:04,14,74,DEERWHITETAILED
15_14_DEG_000070.JPG,12/19/18 8:35,15,73,NOTHINGHERE
14_22_DON_000043.JPG,12/19/18 15:06,14,74,NOTHINGHERE
15_14_DEG_000073.JPG,12/19/18 20:46,15,73,DEERWHITETAILED
15_14_DEG_000076.JPG,12/19/18 20:47,15,73,DEERWHITETAILED
21_21_DON_0009.JPG,12/20/18 0:44,21,94,SOMETHINGHERE
15_14_DEG_000079.JPG,12/20/18 1:12,15,73,DEERWHITETAILED
15_14_DEG_000082.JPG,12/20/18 2:10,15,73,DEERWHITETAILED
22_18_WF_0091.JPG,12/20/18 8:43,22,75,DEERWHITETAILED
15_14_DEG_000085.JPG,12/20/18 9:17,15,73,DEERWHITETAILED
14_22_DON_000046.JPG,12/20/18 9:38,14,74,DEERWHITETAILED
33_01_WF_0103.JPG,12/20/18 10:27,33,75,DEERWHITETAILED
11_13_BC_000133.JPG,12/20/18 13:00,11,109,SQUIRRELGRAY
15_14_DEG_000088.JPG,12/20/18 15:43,15,73,DEERWHITETAILED
15_14_DEG_000091.JPG,12/20/18 15:45,15,73,DEERWHITETAILED
11_13_BC_000136.JPG,12/20/18 19:10,11,109,NOTHINGHERE
29_19_DEG_0094.JPG,12/20/18 20:04,29,73,DEERWHITETAILED
29_19_DEG_0097.JPG,12/20/18 20:21,29,73,DEERWHITETAILED
18_16_WHIP_000016.JPG,12/21/18 0:44,18,37,DEERWHITETAILED
18_16_WHIP_000019.JPG,12/21/18 0:50,18,37,DEERWHITETAILED
15_14_DEG_000094.JPG,12/21/18 1:20,15,73,DEERWHITETAILED
29_19_DEG_0103.JPG,12/21/18 1:46,29,73,DEERWHITETAILED
21_21_DON_0012.JPG,12/21/18 6:39,21,94,NOTHINGHERE
21_21_DON_0015.JPG,12/21/18 6:55,21,94,NOTHINGHERE
29_19_DEG_0106.JPG,12/21/18 7:05,29,73,DEERWHITETAILED
22_18_WF_0094.JPG,12/21/18 9:30,22,75,DEERWHITETAILED
22_18_WF_0097.JPG,12/21/18 9:53,22,75,DEERWHITETAILED
22_18_WF_0100.JPG,12/21/18 9:54,22,75,DEERWHITETAILED
22_18_WF_0103.JPG,12/21/18 10:00,22,75,DEERWHITETAILED
14_22_DON_000049.JPG,12/21/18 11:37,14,74,DEERWHITETAILED
11_13_BC_000139.JPG,12/21/18 16:58,11,109,TURKEY
14_22_DON_000052.JPG,12/21/18 18:25,14,74,DEERWHITETAILED
22_18_WF_0106.JPG,12/21/18 21:08,22,75,NOTHINGHERE
22_18_WF_0109.JPG,12/22/18 2:33,22,75,DEERWHITETAILED
11_13_BC_000142.JPG,12/22/18 7:20,11,109,TURKEY
29_19_DEG_0112.JPG,12/22/18 8:21,29,73,DEERWHITETAILED
17_24_BC_000160.JPG,12/22/18 9:22,17,109,SQUIRRELGRAY
17_24_BC_000163.JPG,12/22/18 9:28,17,109,SQUIRRELGRAY
29_19_DEG_0115.JPG,12/22/18 15:02,29,73,DEERWHITETAILED
04_26_WF_000028.JPG,12/22/18 15:25,4,75,DEERWHITETAILED
15_14_DEG_000097.JPG,12/22/18 15:54,15,73,DEERWHITETAILED
15_14_DEG_000100.JPG,12/22/18 15:56,15,73,DEERWHITETAILED
29_19_DEG_0118.JPG,12/22/18 16:04,29,73,DEERWHITETAILED
29_19_DEG_0121.JPG,12/22/18 16:05,29,73,DEERWHITETAILED
29_19_DEG_0127.JPG,12/22/18 16:07,29,73,DEERWHITETAILED
29_19_DEG_0130.JPG,12/22/18 16:08,29,73,DEERWHITETAILED
29_19_DEG_0133.JPG,12/22/18 16:09,29,73,DEERWHITETAILED
29_19_DEG_0136.JPG,12/22/18 17:47,29,73,NOTHINGHERE
15_14_DEG_000103.JPG,12/23/18 7:32,15,73,DEERWHITETAILED
29_19_DEG_0139.JPG,12/23/18 7:33,29,73,DEERWHITETAILED
29_19_DEG_0142.JPG,12/23/18 7:59,29,73,DEERWHITETAILED
29_19_DEG_0145.JPG,12/23/18 8:00,29,73,DEERWHITETAILED
29_19_DEG_0148.JPG,12/23/18 8:51,29,73,NOTHINGHERE
17_24_BC_000166.JPG,12/23/18 9:47,17,109,NOTHINGHERE
17_24_BC_000169.JPG,12/23/18 9:49,17,109,DEERWHITETAILED
17_24_BC_000172.JPG,12/23/18 9:51,17,109,DEERWHITETAILED
33_01_WF_0106.JPG,12/23/18 13:25,33,75,DEERWHITETAILED
18_16_WHIP_000022.JPG,12/23/18 15:57,18,37,DEERWHITETAILED
32_17_WHIP_0028.JPG,12/23/18 18:11,32,38,FISHER
29_19_DEG_0151.JPG,12/23/18 21:14,29,73,DEERWHITETAILED
15_14_DEG_000106.JPG,12/23/18 21:18,15,73,COYOTE
29_19_DEG_0160.JPG,12/23/18 21:21,29,73,DEERWHITETAILED
29_19_DEG_0163.JPG,12/23/18 21:22,29,73,DEERWHITETAILED
29_19_DEG_0166.JPG,12/23/18 21:47,29,73,DEERWHITETAILED
22_18_WF_0112.JPG,12/24/18 2:32,22,75,FISHER
14_22_DON_000055.JPG,12/24/18 4:00,14,74,DEERWHITETAILED
22_18_WF_0115.JPG,12/24/18 4:57,22,75,FISHER
23_03_SH_0061.JPG,12/24/18 13:53,23,89,DEERWHITETAILED
23_03_SH_0064.JPG,12/24/18 13:54,23,89,DEERWHITETAILED
11_13_BC_000145.JPG,12/24/18 14:41,11,109,BOBCAT
29_19_DEG_0169.JPG,12/24/18 20:37,29,73,DEERWHITETAILED
29_19_DEG_0172.JPG,12/24/18 21:12,29,73,DEERWHITETAILED
29_19_DEG_0175.JPG,12/24/18 21:14,29,73,DEERWHITETAILED
29_19_DEG_0178.JPG,12/24/18 21:37,29,73,DEERWHITETAILED
29_19_DEG_0181.JPG,12/24/18 21:38,29,73,DEERWHITETAILED
29_19_DEG_0184.JPG,12/25/18 5:19,29,73,SOMETHINGHERE
17_24_BC_000175.JPG,12/25/18 8:32,17,109,DEERWHITETAILED
15_14_DEG_000109.JPG,12/25/18 9:34,15,73,DEERWHITETAILED
15_14_DEG_000112.JPG,12/25/18 9:37,15,73,DEERWHITETAILED
23_03_SH_0067.JPG,12/25/18 11:40,23,89,DEERWHITETAILED
23_03_SH_0070.JPG,12/25/18 11:41,23,89,DEERWHITETAILED
17_24_BC_000178.JPG,12/25/18 12:20,17,109,DEERWHITETAILED
22_18_WF_0118.JPG,12/25/18 12:23,22,75,DEERWHITETAILED
18_16_WHIP_000025.JPG,12/25/18 13:42,18,37,DEERWHITETAILED
29_19_DEG_0187.JPG,12/25/18 15:05,29,73,DEERWHITETAILED
22_18_WF_0121.JPG,12/25/18 15:38,22,75,DEERWHITETAILED
29_19_DEG_0190.JPG,12/25/18 15:50,29,73,DEERWHITETAILED
29_19_DEG_0193.JPG,12/25/18 15:56,29,73,DEERWHITETAILED
29_19_DEG_0196.JPG,12/25/18 15:59,29,73,DEERWHITETAILED
29_19_DEG_0199.JPG,12/25/18 16:01,29,73,DEERWHITETAILED
33_01_WF_0109.JPG,12/25/18 17:53,33,75,NOTHINGHERE
15_14_DEG_000118.JPG,12/25/18 21:35,15,73,DEERWHITETAILED
15_14_DEG_000121.JPG,12/25/18 21:41,15,73,DEERWHITETAILED
17_24_BC_000181.JPG,12/25/18 23:23,17,109,DEERWHITETAILED
31_06_WHIP_0028.JPG,12/25/18 23:38,31,36,SOMETHINGHERE
21_21_DON_0018.JPG,12/25/18 23:41,21,94,NOTHINGHERE
15_14_DEG_000124.JPG,12/26/18 6:53,15,73,DEERWHITETAILED
22_18_WF_0124.JPG,12/26/18 8:29,22,75,COYOTE
17_24_BC_000184.JPG,12/26/18 8:54,17,109,DEERWHITETAILED
15_14_DEG_000127.JPG,12/26/18 15:56,15,73,TURKEY
18_16_WHIP_000028.JPG,12/26/18 16:41,18,37,DEERWHITETAILED
04_26_WF_000031.JPG,12/26/18 17:45,4,75,SOMETHINGHERE
14_22_DON_000058.JPG,12/26/18 19:28,14,74,DEERWHITETAILED
22_18_WF_0127.JPG,12/27/18 3:46,22,75,DEERWHITETAILED
04_26_WF_000034.JPG,12/27/18 8:14,4,75,DEERWHITETAILED
04_26_WF_000037.JPG,12/27/18 13:20,4,75,DOMESTICDOG
14_22_DON_000061.JPG,12/27/18 16:28,14,74,DEERWHITETAILED
23_03_SH_0073.JPG,12/27/18 17:49,23,89,NOTHINGHERE
18_16_WHIP_000031.JPG,12/27/18 19:42,18,37,DEERWHITETAILED
18_16_WHIP_000034.JPG,12/27/18 19:45,18,37,DEERWHITETAILED
14_22_DON_000064.JPG,12/27/18 21:00,14,74,SOMETHINGHERE
29_19_DEG_0202.JPG,12/28/18 5:17,29,73,DEERWHITETAILED
29_19_DEG_0205.JPG,12/28/18 5:40,29,73,DEERWHITETAILED
29_19_DEG_0208.JPG,12/28/18 6:02,29,73,DEERWHITETAILED
29_19_DEG_0211.JPG,12/28/18 6:03,29,73,DEERWHITETAILED
29_19_DEG_0214.JPG,12/28/18 10:20,29,73,DEERWHITETAILED
25_09_SH_0078.JPG,12/28/18 11:37,25,89,SQUIRRELGRAY
25_09_SH_0081.JPG,12/28/18 14:20,25,89,NOTHINGHERE
29_19_DEG_0217.JPG,12/28/18 19:14,29,73,PORCUPINE
32_17_WHIP_0031.JPG,12/29/18 5:51,32,38,NOTHINGHERE
23_03_SH_0076.JPG,12/29/18 9:38,23,89,NOTHINGHERE
17_24_BC_000187.JPG,12/29/18 10:10,17,109,DEERWHITETAILED
15_14_DEG_000130.JPG,12/29/18 13:11,15,73,SOMETHINGHERE
29_19_DEG_0220.JPG,12/29/18 14:24,29,73,DEERWHITETAILED
04_26_WF_000040.JPG,12/29/18 14:54,4,75,COYOTE
32_17_WHIP_0034.JPG,12/29/18 17:17,32,38,DEERWHITETAILED
22_18_WF_0130.JPG,12/29/18 20:07,22,75,DEERWHITETAILED
31_06_WHIP_0031.JPG,12/30/18 1:06,31,36,DEERWHITETAILED
23_03_SH_0079.JPG,12/30/18 1:45,23,89,DEERWHITETAILED
31_06_WHIP_0034.JPG,12/30/18 8:32,31,36,DEERWHITETAILED
18_16_WHIP_000037.JPG,12/30/18 8:53,18,37,DEERWHITETAILED
33_01_WF_0112.JPG,12/30/18 9:44,33,75,DEERWHITETAILED
17_24_BC_000190.JPG,12/30/18 10:24,17,109,NOTHINGHERE
33_01_WF_0115.JPG,12/30/18 11:49,33,75,DEERWHITETAILED
11_13_BC_000148.JPG,12/30/18 18:12,11,109,PORCUPINE
11_13_BC_000151.JPG,12/30/18 18:23,11,109,PORCUPINE
18_16_WHIP_000040.JPG,12/31/18 1:16,18,37,FISHER
29_19_DEG_0223.JPG,12/31/18 3:05,29,73,DEERWHITETAILED
31_06_WHIP_0037.JPG,12/31/18 5:41,31,36,SOMETHINGHERE
29_19_DEG_0226.JPG,12/31/18 6:46,29,73,DEERWHITETAILED
17_24_BC_000193.JPG,12/31/18 7:02,17,109,DEERWHITETAILED
17_24_BC_000196.JPG,12/31/18 7:05,17,109,NOTHINGHERE
14_22_DON_000067.JPG,12/31/18 8:12,14,74,DEERWHITETAILED
33_01_WF_0121.JPG,12/31/18 8:35,33,75,DEERWHITETAILED
33_01_WF_0124.JPG,12/31/18 8:41,33,75,DEERWHITETAILED
33_01_WF_0127.JPG,12/31/18 9:08,33,75,FISHER
22_18_WF_0133.JPG,12/31/18 9:59,22,75,NOTHINGHERE
04_26_WF_000043.JPG,12/31/18 11:45,4,75,HUMAN
11_13_BC_000154.JPG,12/31/18 13:27,11,109,SQUIRRELGRAY
33_01_WF_0130.JPG,12/31/18 16:40,33,75,DEERWHITETAILED
22_18_WF_0136.JPG,12/31/18 16:43,22,75,DEERWHITETAILED
22_18_WF_0139.JPG,12/31/18 16:44,22,75,DEERWHITETAILED
22_18_WF_0142.JPG,12/31/18 16:45,22,75,NOTHINGHERE
14_22_DON_000070.JPG,12/31/18 16:53,14,74,RACCOON
32_17_WHIP_0037.JPG,12/31/18 16:58,32,38,DEERWHITETAILED
32_17_WHIP_0040.JPG,12/31/18 17:02,32,38,DEERWHITETAILED
29_19_DEG_0229.JPG,12/31/18 17:35,29,73,DEERWHITETAILED
23_03_SH_0082.JPG,12/31/18 19:31,23,89,OTHERSMALLMAMMAL
11_13_BC_000157.JPG,12/31/18 20:51,11,109,NOTHINGHERE
31_06_WHIP_0040.JPG,12/31/18 21:24,31,36,SOMETHINGHERE
21_21_DON_0021.JPG,1/1/19 4:25,21,94,NOTHINGHERE
33_01_WF_0133.JPG,1/1/19 7:21,33,75,SOMETHINGHERE
33_01_WF_0136.JPG,1/1/19 7:23,33,75,DEERWHITETAILED
33_01_WF_0139.JPG,1/1/19 7:26,33,75,DEERWHITETAILED
22_18_WF_0145.JPG,1/1/19 7:56,22,75,DEERWHITETAILED
17_24_BC_000199.JPG,1/1/19 8:06,17,109,SOMETHINGHERE
17_24_BC_000202.JPG,1/1/19 9:47,17,109,NOTHINGHERE
17_24_BC_000205.JPG,1/1/19 10:52,17,109,RACCOON
33_01_WF_0145.JPG,1/1/19 11:11,33,75,DEERWHITETAILED
33_01_WF_0148.JPG,1/1/19 11:14,33,75,DEERWHITETAILED
32_17_WHIP_0043.JPG,1/1/19 11:19,32,38,SQUIRRELGRAY
18_16_WHIP_000043.JPG,1/1/19 17:22,18,37,RACCOON
22_18_WF_0148.JPG,1/1/19 17:23,22,75,DEERWHITETAILED
29_19_DEG_0232.JPG,1/1/19 22:22,29,73,DEERWHITETAILED
11_13_BC_000160.JPG,1/2/19 10:08,11,109,NOTHINGHERE
17_24_BC_000208.JPG,1/2/19 11:26,17,109,NOTHINGHERE
33_01_WF_0154.JPG,1/2/19 11:46,33,75,DEERWHITETAILED
33_01_WF_0157.JPG,1/2/19 11:47,33,75,DEERWHITETAILED
33_01_WF_0160.JPG,1/2/19 13:15,33,75,DEERWHITETAILED
33_01_WF_0163.JPG,1/2/19 13:35,33,75,DEERWHITETAILED
33_01_WF_0166.JPG,1/2/19 14:18,33,75,DEERWHITETAILED
17_24_BC_000211.JPG,1/2/19 16:18,17,109,RACCOON
22_18_WF_0151.JPG,1/3/19 1:05,22,75,DEERWHITETAILED
23_03_SH_0085.JPG,1/3/19 5:42,23,89,NOTHINGHERE
29_19_DEG_0235.JPG,1/4/19 2:54,29,73,DEERWHITETAILED
17_24_BC_000214.JPG,1/4/19 8:03,17,109,SQUIRRELGRAY
29_19_DEG_0238.JPG,1/4/19 12:11,29,73,DEERWHITETAILED
22_18_WF_0154.JPG,1/4/19 13:15,22,75,DEERWHITETAILED
29_19_DEG_0241.JPG,1/4/19 15:31,29,73,DEERWHITETAILED
29_19_DEG_0244.JPG,1/4/19 15:42,29,73,DEERWHITETAILED
28_15_DEG_0011.JPG,1/4/19 17:31,28,73,NOTHINGHERE
31_06_WHIP_0043.JPG,1/4/19 19:06,31,36,NOTHINGHERE
18_16_WHIP_000046.JPG,1/4/19 23:32,18,37,DEERWHITETAILED
18_16_WHIP_000049.JPG,1/4/19 23:35,18,37,DEERWHITETAILED
18_16_WHIP_000052.JPG,1/4/19 23:36,18,37,DEERWHITETAILED
29_19_DEG_0247.JPG,1/5/19 3:03,29,73,DEERWHITETAILED
29_19_DEG_0250.JPG,1/5/19 7:02,29,73,NOTHINGHERE
32_17_WHIP_0046.JPG,1/5/19 7:13,32,38,DEERWHITETAILED
32_17_WHIP_0049.JPG,1/5/19 7:14,32,38,DEERWHITETAILED
04_26_WF_000046.JPG,1/5/19 7:26,4,75,COYOTE
17_24_BC_000217.JPG,1/5/19 8:17,17,109,DEERWHITETAILED
17_24_BC_000220.JPG,1/5/19 9:21,17,109,DEERWHITETAILED
32_17_WHIP_0052.JPG,1/5/19 11:21,32,38,DEERWHITETAILED
15_14_DEG_000133.JPG,1/5/19 12:05,15,73,DEERWHITETAILED
17_24_BC_000223.JPG,1/5/19 12:20,17,109,SQUIRRELGRAY
22_18_WF_0157.JPG,1/5/19 12:22,22,75,DEERWHITETAILED
22_18_WF_0160.JPG,1/5/19 12:31,22,75,DEERWHITETAILED
33_01_WF_0169.JPG,1/5/19 13:02,33,75,DEERWHITETAILED
11_13_BC_000163.JPG,1/5/19 18:25,11,109,PORCUPINE
31_06_WHIP_0046.JPG,1/5/19 23:13,31,36,DEERWHITETAILED
31_06_WHIP_0049.JPG,1/6/19 2:00,31,36,NOTHINGHERE
31_06_WHIP_0052.JPG,1/6/19 3:52,31,36,NOTHINGHERE
29_19_DEG_0253.JPG,1/6/19 7:17,29,73,DEERWHITETAILED
17_24_BC_000226.JPG,1/6/19 10:42,17,109,DEERWHITETAILED
17_24_BC_000229.JPG,1/6/19 10:43,17,109,NOTHINGHERE
17_24_BC_000232.JPG,1/6/19 21:19,17,109,DEERWHITETAILED
11_13_BC_000166.JPG,1/7/19 1:32,11,109,OTHERSMALLMAMMAL
11_13_BC_000169.JPG,1/7/19 2:21,11,109,WEASEL
22_18_WF_0163.JPG,1/7/19 8:49,22,75,DEERWHITETAILED
22_18_WF_0166.JPG,1/7/19 8:51,22,75,DEERWHITETAILED
22_18_WF_0169.JPG,1/7/19 8:52,22,75,DEERWHITETAILED
22_18_WF_0172.JPG,1/7/19 10:08,22,75,DEERWHITETAILED
22_18_WF_0178.JPG,1/7/19 10:10,22,75,DEERWHITETAILED
32_17_WHIP_0055.JPG,1/7/19 10:51,32,38,DEERWHITETAILED
32_17_WHIP_0058.JPG,1/7/19 10:53,32,38,DEERWHITETAILED
22_18_WF_0181.JPG,1/7/19 11:47,22,75,DEERWHITETAILED
18_16_WHIP_000055.JPG,1/7/19 12:21,18,37,COYOTE
23_03_SH_0088.JPG,1/7/19 17:16,23,89,DEERWHITETAILED
23_03_SH_0091.JPG,1/7/19 17:20,23,89,DEERWHITETAILED
29_19_DEG_0256.JPG,1/7/19 21:54,29,73,NOTHINGHERE
14_22_DON_000073.JPG,1/8/19 2:00,14,74,NOTHINGHERE
14_22_DON_000076.JPG,1/8/19 2:43,14,74,NOTHINGHERE
29_19_DEG_0259.JPG,1/8/19 3:13,29,73,DEERWHITETAILED
29_19_DEG_0262.JPG,1/8/19 7:36,29,73,DEERWHITETAILED
23_03_SH_0094.JPG,1/8/19 7:57,23,89,SQUIRRELGRAY
22_18_WF_0184.JPG,1/8/19 8:28,22,75,DEERWHITETAILED
22_18_WF_0187.JPG,1/8/19 13:16,22,75,DEERWHITETAILED
22_18_WF_0190.JPG,1/8/19 13:17,22,75,DEERWHITETAILED
22_18_WF_0193.JPG,1/8/19 13:18,22,75,DEERWHITETAILED
32_17_WHIP_0061.JPG,1/8/19 16:35,32,38,DEERWHITETAILED
22_18_WF_0196.JPG,1/8/19 19:31,22,75,NOTHINGHERE
29_19_DEG_0265.JPG,1/9/19 6:45,29,73,DEERWHITETAILED
29_19_DEG_0268.JPG,1/9/19 6:46,29,73,NOTHINGHERE
22_18_WF_0199.JPG,1/9/19 7:54,22,75,DEERWHITETAILED
18_16_WHIP_000058.JPG,1/9/19 19:15,18,37,DEERWHITETAILED
18_16_WHIP_000061.JPG,1/9/19 21:42,18,37,DEERWHITETAILED
04_26_WF_000049.JPG,1/10/19 6:33,4,75,NOTHINGHERE
21_21_DON_0024.JPG,1/10/19 11:29,21,94,NOTHINGHERE
22_18_WF_0202.JPG,1/11/19 8:57,22,75,DEERWHITETAILED
22_18_WF_0205.JPG,1/11/19 9:00,22,75,DEERWHITETAILED
29_19_DEG_0271.JPG,1/11/19 10:06,29,73,DEERWHITETAILED
29_19_DEG_0274.JPG,1/11/19 11:26,29,73,DEERWHITETAILED
29_19_DEG_0277.JPG,1/11/19 11:28,29,73,DEERWHITETAILED
21_21_DON__0027.JPG,1/11/19 12:29,21,94,NOTHINGHERE
29_19_DEG_0280.JPG,1/11/19 14:53,29,73,DEERWHITETAILED
22_18_WF_0208.JPG,1/11/19 15:42,22,75,DEERWHITETAILED
29_19_DEG_0283.JPG,1/11/19 18:38,29,73,DEERWHITETAILED
29_19_DEG_0286.JPG,1/11/19 21:21,29,73,SOMETHINGHERE
15_14_DEG_000139.JPG,1/12/19 8:25,15,73,DEERWHITETAILED
22_18_WF_0211.JPG,1/12/19 9:35,22,75,DEERWHITETAILED
22_18_WF_0214.JPG,1/12/19 9:38,22,75,DEERWHITETAILED
22_18_WF_0217.JPG,1/12/19 9:39,22,75,DEERWHITETAILED
22_18_WF_0220.JPG,1/12/19 9:41,22,75,DEERWHITETAILED
29_19_DEG_0289.JPG,1/12/19 9:57,29,73,DEERWHITETAILED
29_19_DEG_0292.JPG,1/12/19 9:58,29,73,DEERWHITETAILED
29_19_DEG_0295.JPG,1/12/19 10:00,29,73,DEERWHITETAILED
22_18_WF_0223.JPG,1/12/19 12:16,22,75,DEERWHITETAILED
14_22_DON_000079.JPG,1/12/19 12:22,14,74,NOTHINGHERE
14_22_DON_000082.JPG,1/12/19 12:24,14,74,NOTHINGHERE
29_19_DEG_0298.JPG,1/12/19 14:42,29,73,DEERWHITETAILED
23_03_SH_0097.JPG,1/12/19 15:30,23,89,DEERWHITETAILED
22_18_WF_0226.JPG,1/12/19 15:46,22,75,DEERWHITETAILED
22_18_WF_0229.JPG,1/12/19 15:47,22,75,DEERWHITETAILED
22_18_WF_0232.JPG,1/12/19 15:48,22,75,DEERWHITETAILED
29_19_DEG_0301.JPG,1/12/19 16:22,29,73,DEERWHITETAILED
14_22_DON_000085.JPG,1/12/19 17:20,14,74,COYOTE
29_19_DEG_0304.JPG,1/12/19 23:37,29,73,SOMETHINGHERE
11_13_BC_000172.JPG,1/13/19 9:26,11,109,SQUIRRELGRAY
11_13_BC_000175.JPG,1/13/19 9:33,11,109,SQUIRRELGRAY
29_19_DEG_0307.JPG,1/13/19 10:16,29,73,DEERWHITETAILED
29_19_DEG_0310.JPG,1/13/19 10:26,29,73,DEERWHITETAILED
29_19_DEG_0313.JPG,1/13/19 11:18,29,73,DEERWHITETAILED
29_19_DEG_0316.JPG,1/13/19 11:21,29,73,DEERWHITETAILED
29_19_DEG_0319.JPG,1/13/19 11:35,29,73,DEERWHITETAILED
29_19_DEG_0322.JPG,1/13/19 16:09,29,73,DEERWHITETAILED
22_18_WF_0235.JPG,1/13/19 16:14,22,75,DEERWHITETAILED
14_22_DON_000088.JPG,1/13/19 16:20,14,74,DEERWHITETAILED
22_18_WF_0238.JPG,1/13/19 16:49,22,75,DEERWHITETAILED
29_19_DEG_0325.JPG,1/14/19 2:55,29,73,NOTHINGHERE
17_24_BC_000235.JPG,1/14/19 7:39,17,109,SOMETHINGHERE
29_19_DEG_0328.JPG,1/14/19 10:02,29,73,DEERWHITETAILED
29_19_DEG_0331.JPG,1/14/19 10:06,29,73,DEERWHITETAILED
22_18_WF_0241.JPG,1/14/19 10:16,22,75,DEERWHITETAILED
22_18_WF_0244.JPG,1/14/19 10:17,22,75,DEERWHITETAILED
15_14_DEG_000142.JPG,1/14/19 10:59,15,73,DEERWHITETAILED
15_14_DEG_000145.JPG,1/14/19 11:22,15,73,DEERWHITETAILED
29_19_DEG_0334.JPG,1/15/19 9:43,29,73,DEERWHITETAILED
29_19_DEG_0337.JPG,1/15/19 11:26,29,73,DEERWHITETAILED
29_19_DEG_0340.JPG,1/15/19 12:03,29,73,DEERWHITETAILED
33_01_WF_0172.JPG,1/15/19 15:42,33,75,DEERWHITETAILED
33_01_WF_0175.JPG,1/15/19 15:46,33,75,DEERWHITETAILED
22_18_WF_0247.JPG,1/15/19 16:38,22,75,DEERWHITETAILED
29_19_DEG_0343.JPG,1/15/19 18:24,29,73,DEERWHITETAILED
29_19_DEG_0346.JPG,1/15/19 20:26,29,73,NOTHINGHERE
17_24_BC_000238.JPG,1/15/19 20:42,17,109,DEERWHITETAILED
29_19_DEG_0349.JPG,1/15/19 20:58,29,73,DEERWHITETAILED
29_19_DEG_0352.JPG,1/15/19 23:28,29,73,DEERWHITETAILED
29_19_DEG_0355.JPG,1/15/19 23:35,29,73,NOTHINGHERE
25_09_SH_0084.JPG,1/16/19 1:28,25,89,SOMETHINGHERE
29_19_DEG_0358.JPG,1/16/19 3:43,29,73,DEERWHITETAILED
29_19_DEG_0361.JPG,1/16/19 4:23,29,73,DEERWHITETAILED
14_22_DON_000091.JPG,1/16/19 4:34,14,74,NOTHINGHERE
29_19_DEG_0364.JPG,1/16/19 6:51,29,73,NOTHINGHERE
22_18_WF_0250.JPG,1/16/19 7:18,22,75,NOTHINGHERE
22_18_WF_0253.JPG,1/16/19 7:31,22,75,DEERWHITETAILED
22_18_WF_0256.JPG,1/16/19 12:00,22,75,DEERWHITETAILED
29_19_DEG_0367.JPG,1/16/19 14:45,29,73,DEERWHITETAILED
29_19_DEG_0370.JPG,1/16/19 16:20,29,73,DEERWHITETAILED
29_19_DEG_0373.JPG,1/16/19 16:30,29,73,DEERWHITETAILED
22_18_WF_0259.JPG,1/16/19 16:46,22,75,DEERWHITETAILED
22_18_WF_0262.JPG,1/16/19 16:48,22,75,DEERWHITETAILED
22_18_WF_0265.JPG,1/16/19 16:59,22,75,DEERWHITETAILED
21_21_DON_0030.JPG,1/16/19 23:59,21,94,FOXRED
22_18_WF_0268.JPG,1/17/19 2:04,22,75,NOTHINGHERE
29_19_DEG_0376.JPG,1/17/19 14:45,29,73,DEERWHITETAILED
32_17_WHIP_0064.JPG,1/18/19 7:59,32,38,DEERWHITETAILED
29_19_DEG_0379.JPG,1/18/19 8:43,29,73,DEERWHITETAILED
29_19_DEG_0382.JPG,1/18/19 8:45,29,73,DEERWHITETAILED
29_19_DEG_0385.JPG,1/18/19 8:46,29,73,DEERWHITETAILED
31_06_WHIP_0055.JPG,1/18/19 9:20,31,36,DOMESTICDOG
14_22_DON_000094.JPG,1/18/19 10:58,14,74,DEERWHITETAILED
14_22_DON_000097.JPG,1/18/19 11:05,14,74,DEERWHITETAILED
29_19_DEG_0388.JPG,1/18/19 12:38,29,73,DEERWHITETAILED
17_24_BC_000241.JPG,1/18/19 13:37,17,109,DEERWHITETAILED
22_18_WF_0271.JPG,1/18/19 14:32,22,75,DEERWHITETAILED
22_18_WF_0274.JPG,1/18/19 14:33,22,75,DEERWHITETAILED
29_19_DEG_0391.JPG,1/18/19 15:02,29,73,DEERWHITETAILED
29_19_DEG_0394.JPG,1/18/19 15:04,29,73,DEERWHITETAILED
23_03_SH_0100.JPG,1/19/19 7:06,23,89,NOTHINGHERE
11_13_BC_000178.JPG,1/19/19 7:20,11,109,GROUSERUFFED
31_06_WHIP_0058.JPG,1/19/19 14:21,31,36,NOTHINGHERE
22_18_WF_0277.JPG,1/19/19 14:29,22,75,DEERWHITETAILED
33_01_WF_0178.JPG,1/19/19 19:56,33,75,NOTHINGHERE
22_18_WF_0280.JPG,1/20/19 1:21,22,75,NOTHINGHERE
22_18_WF_0283.JPG,1/20/19 18:28,22,75,NOTHINGHERE
22_18_WF_0286.JPG,1/20/19 19:46,22,75,NOTHINGHERE
23_03_SH_0103.JPG,1/21/19 5:09,23,89,NOTHINGHERE
29_19_DEG_0397.JPG,1/21/19 9:29,29,73,DEERWHITETAILED
23_03_SH_0106.JPG,1/21/19 10:07,23,89,NOTHINGHERE
15_14_DEG_000148.JPG,1/21/19 16:50,15,73,NOTHINGHERE
22_18_WF_0289.JPG,1/21/19 17:23,22,75,DEERWHITETAILED
15_14_DEG_000151.JPG,1/22/19 2:09,15,73,DEERWHITETAILED
15_14_DEG_000154.JPG,1/22/19 4:04,15,73,SOMETHINGHERE
23_03_SH_0109.JPG,1/22/19 5:33,23,89,NOTHINGHERE
33_01_WF_0181.JPG,1/22/19 12:48,33,75,NOTHINGHERE
32_17_WHIP_0067.JPG,1/22/19 19:11,32,38,FOXRED
29_19_DEG_0400.JPG,1/22/19 23:37,29,73,DEERWHITETAILED
33_01_WF_0184.JPG,1/23/19 4:52,33,75,SOMETHINGHERE
29_19_DEG_0403.JPG,1/23/19 6:40,29,73,SOMETHINGHERE
29_19_DEG_0406.JPG,1/23/19 6:58,29,73,DEERWHITETAILED
29_19_DEG_0409.JPG,1/23/19 7:00,29,73,DEERWHITETAILED
22_18_WF_0292.JPG,1/23/19 7:01,22,75,DEERWHITETAILED
29_19_DEG_0412.JPG,1/23/19 7:39,29,73,DEERWHITETAILED
29_19_DEG_0415.JPG,1/23/19 16:29,29,73,DEERWHITETAILED
21_21_DON_0033.JPG,1/23/19 18:07,21,94,NOTHINGHERE
29_19_DEG_0418.JPG,1/23/19 18:45,29,73,NOTHINGHERE
29_19_DEG_0421.JPG,1/23/19 18:56,29,73,SOMETHINGHERE
29_19_DEG_0424.JPG,1/23/19 18:57,29,73,NOTHINGHERE
29_19_DEG_0427.JPG,1/23/19 19:11,29,73,SOMETHINGHERE
29_19_DEG_0430.JPG,1/23/19 20:04,29,73,NOTHINGHERE
29_19_DEG_0433.JPG,1/23/19 21:04,29,73,NOTHINGHERE
29_19_DEG_0436.JPG,1/23/19 21:38,29,73,NOTHINGHERE
29_19_DEG_0439.JPG,1/23/19 22:29,29,73,NOTHINGHERE
29_19_DEG_0442.JPG,1/23/19 22:30,29,73,NOTHINGHERE
32_17_WHIP_0070.JPG,1/23/19 22:34,32,38,COYOTE
29_19_DEG_0445.JPG,1/23/19 22:54,29,73,SOMETHINGHERE
29_19_DEG_0448.JPG,1/23/19 22:57,29,73,SOMETHINGHERE
29_19_DEG_0451.JPG,1/24/19 0:01,29,73,NOTHINGHERE
29_19_DEG_0454.JPG,1/24/19 1:32,29,73,DEERWHITETAILED
29_19_DEG_0457.JPG,1/24/19 1:34,29,73,DEERWHITETAILED
29_19_DEG_0460.JPG,1/24/19 4:58,29,73,NOTHINGHERE
29_19_DEG_0463.JPG,1/24/19 4:59,29,73,NOTHINGHERE
29_19_DEG_0466.JPG,1/24/19 5:03,29,73,DEERWHITETAILED
31_06_WHIP_0061.JPG,1/24/19 13:37,31,36,HUMAN
31_06_WHIP_0064.JPG,1/24/19 13:39,31,36,NOTHINGHERE
31_06_WHIP_0067.JPG,1/24/19 13:40,31,36,NOTHINGHERE
31_06_WHIP_0073.JPG,1/24/19 13:43,31,36,HUMAN
31_06_WHIP_0076.JPG,1/24/19 13:44,31,36,HUMAN
32_17_WHIP_0073.JPG,1/24/19 13:59,32,38,HUMAN
18_16_WHIP_000064.JPG,1/24/19 14:30,18,37,NOTHINGHERE
22_18_WF_0295.JPG,1/25/19 6:45,22,75,DEERWHITETAILED
22_18_WF_0298.JPG,1/25/19 6:46,22,75,SOMETHINGHERE
22_18_WF_0301.JPG,1/25/19 6:48,22,75,DEERWHITETAILED
22_18_WF_0304.JPG,1/25/19 6:49,22,75,DEERWHITETAILED
15_14_DEG_000157.JPG,1/25/19 8:43,15,73,DEERWHITETAILED
22_18_WF_0307.JPG,1/25/19 9:58,22,75,DEERWHITETAILED
22_18_WF_0310.JPG,1/25/19 10:00,22,75,DEERWHITETAILED
21_21_DON_0036.JPG,1/25/19 21:54,21,94,FOXRED
21_21_DON_0039.JPG,1/25/19 21:57,21,94,FOXRED
22_18_WF_0313.JPG,1/26/19 9:22,22,75,DEERWHITETAILED
22_18_WF_0316.JPG,1/26/19 9:24,22,75,DEERWHITETAILED
22_18_WF_0319.JPG,1/26/19 9:26,22,75,DEERWHITETAILED
29_19_DEG_0469.JPG,1/26/19 11:35,29,73,DEERWHITETAILED
29_19_DEG_0472.JPG,1/26/19 11:36,29,73,DEERWHITETAILED
22_18_WF_0325.JPG,1/26/19 11:38,22,75,DEERWHITETAILED
29_19_DEG_0475.JPG,1/26/19 11:57,29,73,DEERWHITETAILED
22_18_WF_0328.JPG,1/26/19 15:15,22,75,DEERWHITETAILED
22_18_WF_0331.JPG,1/26/19 15:23,22,75,DEERWHITETAILED
22_18_WF_0334.JPG,1/26/19 15:45,22,75,DEERWHITETAILED
22_18_WF_0337.JPG,1/26/19 16:04,22,75,DEERWHITETAILED
22_18_WF_0340.JPG,1/26/19 16:05,22,75,DEERWHITETAILED
22_18_WF_0343.JPG,1/26/19 16:23,22,75,DEERWHITETAILED
14_22_DON_000100.JPG,1/27/19 2:26,14,74,FOXRED
22_18_WF_0346.JPG,1/27/19 7:29,22,75,DEERWHITETAILED
22_18_WF_0349.JPG,1/27/19 7:33,22,75,DEERWHITETAILED
22_18_WF_0352.JPG,1/27/19 7:49,22,75,DEERWHITETAILED
29_19_DEG_0478.JPG,1/27/19 8:57,29,73,DEERWHITETAILED
29_19_DEG_0481.JPG,1/27/19 9:22,29,73,DEERWHITETAILED
29_19_DEG_0484.JPG,1/27/19 12:12,29,73,DEERWHITETAILED
29_19_DEG_0487.JPG,1/27/19 12:14,29,73,DEERWHITETAILED
29_19_DEG_0490.JPG,1/27/19 12:21,29,73,DEERWHITETAILED
29_19_DEG_0493.JPG,1/27/19 15:25,29,73,DEERWHITETAILED
22_18_WF_0355.JPG,1/27/19 17:40,22,75,DEERWHITETAILED
17_24_BC_000244.JPG,1/27/19 22:30,17,109,DEERWHITETAILED
22_18_WF_0358.JPG,1/28/19 11:41,22,75,DEERWHITETAILED
22_18_WF_0361.JPG,1/28/19 11:42,22,75,DEERWHITETAILED
15_14_DEG_000160.JPG,1/28/19 11:45,15,73,DEERWHITETAILED
29_19_DEG_0496.JPG,1/28/19 13:27,29,73,DEERWHITETAILED
29_19_DEG_0499.JPG,1/28/19 14:05,29,73,DEERWHITETAILED
29_19_DEG_0502.JPG,1/28/19 14:07,29,73,DEERWHITETAILED
22_18_WF_0364.JPG,1/28/19 14:10,22,75,DEERWHITETAILED
22_18_WF_0367.JPG,1/28/19 14:57,22,75,DEERWHITETAILED
22_18_WF_0370.JPG,1/28/19 15:00,22,75,DEERWHITETAILED
22_18_WF_0373.JPG,1/28/19 15:03,22,75,HUMAN
15_14_DEG_000163.JPG,1/28/19 16:55,15,73,DEERWHITETAILED
15_14_DEG_000166.JPG,1/28/19 16:56,15,73,NOTHINGHERE
33_01_WF_0187.JPG,1/29/19 5:46,33,75,DEERWHITETAILED
15_14_DEG_000169.JPG,1/29/19 11:16,15,73,DEERWHITETAILED
29_19_DEG_0505.JPG,1/29/19 12:12,29,73,DEERWHITETAILED
33_01_WF_0190.JPG,1/29/19 14:34,33,75,DEERWHITETAILED
33_01_WF_0193.JPG,1/29/19 14:38,33,75,DEERWHITETAILED
33_01_WF_0196.JPG,1/29/19 14:48,33,75,SOMETHINGHERE
33_01_WF_0199.JPG,1/30/19 10:13,33,75,DEERWHITETAILED
29_19_DEG_0508.JPG,1/30/19 11:30,29,73,DEERWHITETAILED
29_19_DEG_0511.JPG,1/30/19 11:32,29,73,DEERWHITETAILED
29_19_DEG_0514.JPG,1/30/19 12:27,29,73,DEERWHITETAILED
29_19_DEG_0517.JPG,1/30/19 14:56,29,73,DEERWHITETAILED
29_19_DEG_0520.JPG,1/30/19 15:43,29,73,DEERWHITETAILED
29_19_DEG_0523.JPG,1/30/19 16:03,29,73,DEERWHITETAILED
21_21_DON_0042.JPG,1/30/19 16:52,21,94,SQUIRRELGRAY
11_13_BC_000181.JPG,1/31/19 9:08,11,109,FISHER
33_01_WF_0205.JPG,1/31/19 12:45,33,75,HUMAN
29_19_DEG_0526.JPG,1/31/19 13:16,29,73,DEERWHITETAILED
29_19_DEG_0529.JPG,1/31/19 14:11,29,73,DEERWHITETAILED
15_14_DEG_000172.JPG,1/31/19 17:06,15,73,DEERWHITETAILED
15_14_DEG_000175.JPG,2/1/19 7:45,15,73,DEERWHITETAILED
15_14_DEG_000178.JPG,2/1/19 9:38,15,73,DEERWHITETAILED
29_19_DEG_0532.JPG,2/1/19 16:48,29,73,DEERWHITETAILED
29_19_DEG_0535.JPG,2/1/19 16:53,29,73,DEERWHITETAILED
29_19_DEG_0538.JPG,2/1/19 16:55,29,73,DEERWHITETAILED
15_14_DEG_000181.JPG,2/2/19 9:06,15,73,DEERWHITETAILED
14_22_DON_000103.JPG,2/2/19 11:03,14,74,NOTHINGHERE
14_22_DON_000106.JPG,2/2/19 11:24,14,74,DEERWHITETAILED
15_14_DEG_000184.JPG,2/2/19 16:04,15,73,DEERWHITETAILED
15_14_DEG_000187.JPG,2/2/19 16:33,15,73,DEERWHITETAILED
28_15_DEG_0014.JPG,2/3/19 7:35,28,73,DEERWHITETAILED
15_14_DEG_000190.JPG,2/3/19 10:14,15,73,DEERWHITETAILED
15_14_DEG_000193.JPG,2/3/19 12:03,15,73,DEERWHITETAILED
15_14_DEG_000196.JPG,2/4/19 23:41,15,73,SOMETHINGHERE
15_14_DEG_000199.JPG,2/5/19 15:22,15,73,DEERWHITETAILED
15_14_DEG_000202.JPG,2/6/19 8:10,15,73,DEERWHITETAILED
15_14_DEG_000205.JPG,2/6/19 8:13,15,73,NOTHINGHERE
15_14_DEG_000208.JPG,2/6/19 8:50,15,73,DEERWHITETAILED
15_14_DEG_000211.JPG,2/6/19 8:52,15,73,NOTHINGHERE
15_14_DEG_000214.JPG,2/6/19 8:54,15,73,DEERWHITETAILED
15_14_DEG_000217.JPG,2/6/19 12:46,15,73,DEERWHITETAILED
15_14_DEG_000220.JPG,2/6/19 15:37,15,73,DEERWHITETAILED
15_14_DEG_000223.JPG,2/6/19 15:49,15,73,DEERWHITETAILED
15_14_DEG_000226.JPG,2/6/19 16:32,15,73,DEERWHITETAILED
17_24_BC_000247.JPG,2/7/19 5:41,17,109,NOTHINGHERE
14_22_DON_000109.JPG,2/7/19 9:26,14,74,GROUSERUFFED
14_22_DON_000112.JPG,2/7/19 11:13,14,74,FOXRED
15_14_DEG_000229.JPG,2/7/19 12:41,15,73,DEERWHITETAILED
15_14_DEG_000232.JPG,2/7/19 12:43,15,73,DEERWHITETAILED
28_15_DEG_0017.JPG,2/7/19 13:09,28,73,HUMAN
15_14_DEG_000235.JPG,2/7/19 13:14,15,73,DEERWHITETAILED
15_14_DEG_000238.JPG,2/7/19 13:16,15,73,DEERWHITETAILED
15_14_DEG_000241.JPG,2/7/19 13:20,15,73,DEERWHITETAILED
21_21_DON_0045.JPG,2/7/19 22:53,21,94,NOTHINGHERE
21_21_DON_0048.JPG,2/8/19 12:51,21,94,NOTHINGHERE
21_21_DON_0051.JPG,2/8/19 13:33,21,94,NOTHINGHERE
21_21_DON_0054.JPG,2/8/19 13:54,21,94,NOTHINGHERE
21_21_DON_0057.JPG,2/8/19 14:08,21,94,NOTHINGHERE
21_21_DON_0060.JPG,2/8/19 14:18,21,94,NOTHINGHERE
21_21_DON_0063.JPG,2/8/19 14:36,21,94,NOTHINGHERE
21_21_DON_0066.JPG,2/8/19 14:39,21,94,NOTHINGHERE
21_21_DON_0069.JPG,2/8/19 15:20,21,94,NOTHINGHERE
21_21_DON_0072.JPG,2/8/19 15:23,21,94,NOTHINGHERE
21_21_DON_0075.JPG,2/8/19 15:52,21,94,NOTHINGHERE
21_21_DON_0078.JPG,2/8/19 16:17,21,94,NOTHINGHERE
21_21_DON_0081.JPG,2/8/19 16:24,21,94,NOTHINGHERE
21_21_DON_0084.JPG,2/8/19 16:25,21,94,NOTHINGHERE
21_21_DON_0087.JPG,2/8/19 16:57,21,94,NOTHINGHERE
21_21_DON_0090.JPG,2/8/19 17:23,21,94,NOTHINGHERE
21_21_DON_0093.JPG,2/8/19 17:30,21,94,NOTHINGHERE
21_21_DON_0096.JPG,2/8/19 17:43,21,94,NOTHINGHERE
21_21_DON_0099.JPG,2/8/19 17:54,21,94,NOTHINGHERE
14_22_DON_000115.JPG,2/8/19 18:17,14,74,NOTHINGHERE
21_21_DON_0102.JPG,2/8/19 18:22,21,94,NOTHINGHERE
21_21_DON_0105.JPG,2/8/19 18:56,21,94,NOTHINGHERE
21_21_DON_0108.JPG,2/8/19 19:06,21,94,NOTHINGHERE
21_21_DON_0111.JPG,2/8/19 19:13,21,94,NOTHINGHERE
21_21_DON_0114.JPG,2/8/19 19:21,21,94,NOTHINGHERE
21_21_DON_0117.JPG,2/8/19 19:27,21,94,NOTHINGHERE
21_21_DON_0120.JPG,2/8/19 19:41,21,94,NOTHINGHERE
21_21_DON_0123.JPG,2/8/19 20:16,21,94,NOTHINGHERE
21_21_DON_0126.JPG,2/8/19 20:17,21,94,NOTHINGHERE
21_21_DON_0129.JPG,2/8/19 20:18,21,94,NOTHINGHERE
21_21_DON_0132.JPG,2/8/19 20:20,21,94,NOTHINGHERE
21_21_DON_0135.JPG,2/8/19 20:30,21,94,NOTHINGHERE
21_21_DON_0138.JPG,2/8/19 20:31,21,94,NOTHINGHERE
21_21_DON_0141.JPG,2/8/19 20:55,21,94,NOTHINGHERE
21_21_DON_0144.JPG,2/8/19 21:07,21,94,NOTHINGHERE
21_21_DON_0147.JPG,2/8/19 21:11,21,94,NOTHINGHERE
21_21_DON_0150.JPG,2/8/19 21:14,21,94,NOTHINGHERE
21_21_DON_0153.JPG,2/8/19 21:27,21,94,NOTHINGHERE
21_21_DON_0156.JPG,2/8/19 21:48,21,94,NOTHINGHERE
21_21_DON_0159.JPG,2/8/19 21:55,21,94,NOTHINGHERE
21_21_DON_0162.JPG,2/9/19 0:23,21,94,NOTHINGHERE
21_21_DON_0165.JPG,2/9/19 4:02,21,94,NOTHINGHERE
23_03_SH_0112.JPG,2/9/19 8:23,23,89,DEERWHITETAILED
23_03_SH_0115.JPG,2/9/19 8:24,23,89,DEERWHITETAILED
23_03_SH_0118.JPG,2/9/19 8:25,23,89,DEERWHITETAILED
17_24_BC_000250.JPG,2/9/19 12:43,17,109,SQUIRRELGRAY
17_24_BC_000253.JPG,2/9/19 12:45,17,109,SQUIRRELGRAY
17_24_BC_000256.JPG,2/9/19 12:47,17,109,SQUIRRELGRAY
17_24_BC_000259.JPG,2/9/19 12:49,17,109,SQUIRRELGRAY
17_24_BC_000262.JPG,2/9/19 12:50,17,109,SQUIRRELGRAY
17_24_BC_000265.JPG,2/9/19 12:53,17,109,SQUIRRELGRAY
11_13_BC_000184.JPG,2/9/19 14:39,11,109,SQUIRRELGRAY
17_24_BC_000268.JPG,2/9/19 16:01,17,109,SQUIRRELRED
11_13_BC_000187.JPG,2/10/19 12:25,11,109,SQUIRRELGRAY
11_13_BC_000190.JPG,2/10/19 12:52,11,109,SQUIRRELGRAY
11_13_BC_000193.JPG,2/11/19 9:25,11,109,NOTHINGHERE
11_13_BC_000196.JPG,2/11/19 13:03,11,109,NOTHINGHERE
11_13_BC_000199.JPG,2/11/19 13:52,11,109,SQUIRRELGRAY
11_13_BC_000202.JPG,2/11/19 14:11,11,109,SQUIRRELGRAY
11_13_BC_000205.JPG,2/12/19 12:26,11,109,SOMETHINGHERE
11_13_BC_000208.JPG,2/12/19 12:27,11,109,DEERWHITETAILED
11_13_BC_000211.JPG,2/12/19 12:29,11,109,DEERWHITETAILED
11_13_BC_000214.JPG,2/12/19 15:53,11,109,DEERWHITETAILED
11_13_BC_000217.JPG,2/12/19 23:25,11,109,DEERWHITETAILED
11_13_BC_000220.JPG,2/13/19 2:02,11,109,SOMETHINGHERE
21_21_DON_0168.JPG,2/18/19 6:27,21,94,GROUSERUFFED
14_22_DON_000118.JPG,2/19/19 21:03,14,74,DEERWHITETAILED
11_13_BC_000223.JPG,2/22/19 14:34,11,109,SQUIRRELGRAY
21_21_DON_0171.JPG,2/24/19 11:02,21,94,NOTHINGHERE
11_13_BC_000226.JPG,2/24/19 11:48,11,109,NOTHINGHERE
11_13_BC_000229.JPG,2/24/19 21:50,11,109,NOTHINGHERE
11_13_BC_000232.JPG,2/24/19 21:59,11,109,NOTHINGHERE
21_21_DON_0174.JPG,2/25/19 10:19,21,94,NOTHINGHERE
21_21_DON_0177.JPG,2/25/19 11:07,21,94,NOTHINGHERE
21_21_DON_0180.JPG,2/25/19 11:46,21,94,NOTHINGHERE
14_22_DON_000121.JPG,2/25/19 17:11,14,74,HUMAN
11_13_BC_000235.JPG,2/26/19 6:14,11,109,SOMETHINGHERE
11_13_BC_000238.JPG,2/26/19 8:03,11,109,TURKEY
11_13_BC_000241.JPG,2/26/19 11:42,11,109,SQUIRRELGRAY
11_13_BC_000244.JPG,2/26/19 12:10,11,109,NOTHINGHERE
11_13_BC_000247.JPG,2/26/19 12:55,11,109,NOTHINGHERE
11_13_BC_000250.JPG,3/2/19 11:19,11,109,SQUIRRELGRAY
11_13_BC_000253.JPG,3/2/19 11:34,11,109,SQUIRRELGRAY
11_13_BC_000256.JPG,3/2/19 12:20,11,109,SQUIRRELGRAY
11_13_BC_000259.JPG,3/2/19 12:22,11,109,SQUIRRELGRAY
17_24_BC_000271.JPG,3/2/19 14:04,17,109,SQUIRRELGRAY
11_13_BC_000262.JPG,3/3/19 12:02,11,109,NOTHINGHERE
11_13_BC_000265.JPG,3/3/19 12:11,11,109,NOTHINGHERE
11_13_BC_000268.JPG,3/3/19 12:15,11,109,NOTHINGHERE
11_13_BC_000271.JPG,3/3/19 12:41,11,109,NOTHINGHERE
11_13_BC_000274.JPG,3/4/19 12:47,11,109,NOTHINGHERE
11_13_BC_000277.JPG,3/4/19 13:06,11,109,NOTHINGHERE
11_13_BC_000280.JPG,3/4/19 14:12,11,109,NOTHINGHERE
11_13_BC_000283.JPG,3/4/19 15:24,11,109,NOTHINGHERE