"","Date.Out","Date.Checked","SD.Card.Number","Unit.Number"
"1","11/14/18","2/11/19","5","3"
"2","11/14/18","2/11/19","3","23"
"3","11/14/18","2/11/19","10","10"
"4","11/14/18","2/11/19","9","25"
"5","11/15/18","3/4/19","13","11"
"6","11/15/18","3/4/19","20","30"
"7","11/15/18","3/4/19","24","17"
"8","11/15/18","3/4/19","4","24"
"9","11/26/18","2/7/19","23","8"
"10","11/26/18","2/7/19","19","29"
"11","11/26/18","2/7/19","14","15"
"12","11/26/18","2/7/19","15","28"
"13","12/13/18","2/25/19","22","14"
"14","12/13/18","2/25/19","8","27"
"15","11/26/18","2/28/19","2","6"
"16","11/26/18","2/28/19","21","21"
"17","11/17/18","1/31/19","26","4"
"18","11/17/18","1/31/19","1","33"
"19","11/17/18","1/31/19","25","9"
"20","11/17/18","1/31/19","18","22"
"21","12/16/18","1/24/19","7","2"
"22","12/17/18","1/24/19","17","32"
"23","12/18/18","1/24/19","16","18"
"24","12/19/18","1/24/19","6","31"
"25","1/24/19","","No Number","2"
"26","1/24/19","","No Number","32"
"27","1/24/19","","No Number","18"
"28","1/24/19","","No Number","31"
"29","1/31/19","","36","4"
"30","1/31/19","","32","33"
"31","1/31/19","","34","9"
"32","1/31/19","","31","22"
"33","2/7/08","","-","-"
"34","2/7/08","","12","29"
"35","2/7/08","","38","15"
"36","2/7/08","","38","28"
"37","2/11/19","","16","23"
"38","2/11/19","","25","10"
"39","2/11/19","","7","3"
"40","2/11/19","","6","25"
"41","2/28/19","","3","27"
"42","2/28/19","","9","6"
"43","2/28/19","","1","21"
"44","2/28/19","","5","14"
"45","","","",""
"46","","","",""
"47","","","",""
"48","","","",""
