"","SourceFile","ExifToolVersion","FileName","Directory","FileSize","FileModifyDate","FileAccessDate","FileInodeChangeDate","FilePermissions","FileType","FileTypeExtension","MIMEType","ExifByteOrder","Make","Model","Orientation","XResolution","YResolution","ResolutionUnit","Software","ModifyDate","YCbCrPositioning","ExposureTime","FNumber","ExposureProgram","ISO","ExifVersion","DateTimeOriginal","CreateDate","ComponentsConfiguration","CompressedBitsPerPixel","ShutterSpeedValue","ApertureValue","ExposureCompensation","MaxApertureValue","MeteringMode","LightSource","Flash","FocalLength","Warning","UserComment","FlashpixVersion","ColorSpace","ExifImageWidth","ExifImageHeight","InteropIndex","InteropVersion","FileSource","SceneType","ExposureMode","WhiteBalance","DigitalZoomRatio","FocalLengthIn35mmFormat","SceneCaptureType","Sharpness","Compression","ThumbnailOffset","ThumbnailLength","MPFVersion","NumberOfImages","MPImageFlags","MPImageFormat","MPImageType","MPImageLength","MPImageStart","DependentImage1EntryNumber","DependentImage2EntryNumber","ImageWidth","ImageHeight","EncodingProcess","BitsPerSample","ColorComponents","YCbCrSubSampling","Aperture","ImageSize","PreviewImage","Megapixels","ScaleFactor35efl","ShutterSpeed","ThumbnailImage","CircleOfConfusion","FOV","FocalLength35efl","HyperfocalDistance","LightValue","Event"
"11","./Whippoorwill_Corners_cam3 (1).JPG",11.26,"Whippoorwill_Corners_cam3 (1).JPG",".","3.3 MB","2018:12:08 21:51:18-05:00","2019:02:04 14:04:14-05:00","2019:02:04 12:55:39-05:00","rwx------","JPEG","jpg","image/jpeg","Little-endian (Intel, II)","Prometheus","BTC5HDP","Horizontal (normal)",72,72,"inches","Ver.170105m0","2018:12:08 21:51:18","Co-sited","1/20",2.4,"Program AE",200,220,2018-12-08 21:51:18,"2018:12:08 21:51:18","Y, Cb, Cr, -","undef","1/20",2.4,0,2.3,"Center-weighted average","Unknown","Auto, Fired","42.0 mm","[minor] Unrecognized MakerNotes","M1 ALS0 L44 T70 S26 IR61 C0 Y85 B0 ST4 SNAP1",100,"sRGB",3744,2080,"R98 - DCF basic file (sRGB)",100,"Digital Camera","Directly photographed","Unknown (386)","Unknown (288)",1000,"386 mm","Unknown (386)","Unknown (386)","JPEG (old-style)",2156,4842,100,2,"Dependent child image","JPEG","Large Thumbnail (VGA equivalent)",21670,3484444,0,0,3744,2080,"Baseline DCT, Huffman coding",8,3,"YCbCr4:2:2 (2 1)",2.4,"3744x2080","(Binary data 21670 bytes)",7.8,9.2,"1/20","(Binary data 4842 bytes)","0.003 mm","5.3 deg","42.0 mm (35 mm equivalent: 386.0 mm)","224.82 m",5.8,1
"22","./Whippoorwill_Corners_cam3 (2).JPG",11.26,"Whippoorwill_Corners_cam3 (2).JPG",".","3.3 MB","2018:12:08 21:51:20-05:00","2019:02:04 14:04:16-05:00","2019:02:04 12:55:40-05:00","rwx------","JPEG","jpg","image/jpeg","Little-endian (Intel, II)","Prometheus","BTC5HDP","Horizontal (normal)",72,72,"inches","Ver.170105m0","2018:12:08 21:51:20","Co-sited","1/20",2.4,"Program AE",100,220,2018-12-08 21:51:20,"2018:12:08 21:51:20","Y, Cb, Cr, -","undef","1/20",2.4,0,2.3,"Center-weighted average","Unknown","Auto, Fired","42.0 mm","[minor] Unrecognized MakerNotes","M0 ALS0 L55 T70 S15 IR61 C0 Y139 B0 ST4 SNAP2",100,"sRGB",3744,2080,"R98 - DCF basic file (sRGB)",100,"Digital Camera","Directly photographed","Unknown (386)","Unknown (288)",1000,"386 mm","Unknown (386)","Unknown (386)","JPEG (old-style)",2156,4565,100,2,"Dependent child image","JPEG","Large Thumbnail (VGA equivalent)",20336,3484684,0,0,3744,2080,"Baseline DCT, Huffman coding",8,3,"YCbCr4:2:2 (2 1)",2.4,"3744x2080","(Binary data 20336 bytes)",7.8,9.2,"1/20","(Binary data 4565 bytes)","0.003 mm","5.3 deg","42.0 mm (35 mm equivalent: 386.0 mm)","224.82 m",6.8,1
"17","./Whippoorwill_Corners_cam3 (3).JPG",11.26,"Whippoorwill_Corners_cam3 (3).JPG",".","3.3 MB","2018:12:16 05:58:36-05:00","2019:02:05 14:31:24-05:00","2019:02:04 12:55:40-05:00","rwx------","JPEG","jpg","image/jpeg","Little-endian (Intel, II)","Prometheus","BTC5HDP","Horizontal (normal)",72,72,"inches","Ver.170105m0","2018:12:16 05:58:35","Co-sited","1/20",2.4,"Program AE",400,220,2018-12-16 05:58:35,"2018:12:16 05:58:35","Y, Cb, Cr, -","undef","1/20",2.4,0,2.3,"Center-weighted average","Unknown","Auto, Fired","42.0 mm","[minor] Unrecognized MakerNotes","M2 ALS0 L23 T70 S47 IR61 C1 Y34 B0 ST4 SNAP0",100,"sRGB",3744,2080,"R98 - DCF basic file (sRGB)",100,"Digital Camera","Directly photographed","Unknown (386)","Unknown (288)",1000,"386 mm","Unknown (386)","Unknown (386)","JPEG (old-style)",2156,5066,100,2,"Dependent child image","JPEG","Large Thumbnail (VGA equivalent)",24491,3486825,0,0,3744,2080,"Baseline DCT, Huffman coding",8,3,"YCbCr4:2:2 (2 1)",2.4,"3744x2080","(Binary data 24491 bytes)",7.8,9.2,"1/20","(Binary data 5066 bytes)","0.003 mm","5.3 deg","42.0 mm (35 mm equivalent: 386.0 mm)","224.82 m",4.8,2
"36","./Whippoorwill_Corners_cam3 (4).JPG",11.26,"Whippoorwill_Corners_cam3 (4).JPG",".","3.3 MB","2018:12:16 05:58:38-05:00","2019:02:05 14:31:24-05:00","2019:02:04 12:55:40-05:00","rwx------","JPEG","jpg","image/jpeg","Little-endian (Intel, II)","Prometheus","BTC5HDP","Horizontal (normal)",72,72,"inches","Ver.170105m0","2018:12:16 05:58:37","Co-sited","1/20",2.4,"Program AE",200,220,2018-12-16 05:58:37,"2018:12:16 05:58:37","Y, Cb, Cr, -","undef","1/20",2.4,0,2.3,"Center-weighted average","Unknown","Auto, Fired","42.0 mm","[minor] Unrecognized MakerNotes","M1 ALS0 L45 T70 S25 IR61 C0 Y88 B0 ST4 SNAP1",100,"sRGB",3744,2080,"R98 - DCF basic file (sRGB)",100,"Digital Camera","Directly photographed","Unknown (386)","Unknown (288)",1000,"386 mm","Unknown (386)","Unknown (386)","JPEG (old-style)",2156,4627,100,2,"Dependent child image","JPEG","Large Thumbnail (VGA equivalent)",22294,3485717,0,0,3744,2080,"Baseline DCT, Huffman coding",8,3,"YCbCr4:2:2 (2 1)",2.4,"3744x2080","(Binary data 22294 bytes)",7.8,9.2,"1/20","(Binary data 4627 bytes)","0.003 mm","5.3 deg","42.0 mm (35 mm equivalent: 386.0 mm)","224.82 m",5.8,2
"25","./Whippoorwill_Corners_cam3 (5).JPG",11.26,"Whippoorwill_Corners_cam3 (5).JPG",".","3.3 MB","2018:12:16 05:58:40-05:00","2019:02:04 14:04:19-05:00","2019:02:04 12:55:40-05:00","rwx------","JPEG","jpg","image/jpeg","Little-endian (Intel, II)","Prometheus","BTC5HDP","Horizontal (normal)",72,72,"inches","Ver.170105m0","2018:12:16 05:58:39","Co-sited","1/20",2.4,"Program AE",200,220,2018-12-16 05:58:39,"2018:12:16 05:58:39","Y, Cb, Cr, -","undef","1/20",2.4,0,2.3,"Center-weighted average","Unknown","Auto, Fired","42.0 mm","[minor] Unrecognized MakerNotes","M0 ALS0 L51 T70 S19 IR61 C0 Y118 B0 ST4 SNAP2",100,"sRGB",3744,2080,"R98 - DCF basic file (sRGB)",100,"Digital Camera","Directly photographed","Unknown (386)","Unknown (288)",1000,"386 mm","Unknown (386)","Unknown (386)","JPEG (old-style)",2156,4514,100,2,"Dependent child image","JPEG","Large Thumbnail (VGA equivalent)",21702,3485739,0,0,3744,2080,"Baseline DCT, Huffman coding",8,3,"YCbCr4:2:2 (2 1)",2.4,"3744x2080","(Binary data 21702 bytes)",7.8,9.2,"1/20","(Binary data 4514 bytes)","0.003 mm","5.3 deg","42.0 mm (35 mm equivalent: 386.0 mm)","224.82 m",5.8,2
"6","./Whippoorwill_Corners_cam3 (6).JPG",11.26,"Whippoorwill_Corners_cam3 (6).JPG",".","3.3 MB","2018:12:16 05:59:44-05:00","2019:02:04 14:04:19-05:00","2019:02:04 12:55:40-05:00","rwx------","JPEG","jpg","image/jpeg","Little-endian (Intel, II)","Prometheus","BTC5HDP","Horizontal (normal)",72,72,"inches","Ver.170105m0","2018:12:16 05:59:44","Co-sited","1/20",2.4,"Program AE",100,220,2018-12-16 05:59:44,"2018:12:16 05:59:44","Y, Cb, Cr, -","undef","1/20",2.4,0,2.3,"Center-weighted average","Unknown","Auto, Fired","42.0 mm","[minor] Unrecognized MakerNotes","M2 ALS0 L55 T70 S15 IR61 C1 Y109 B0 ST4 SNAP0",100,"sRGB",3744,2080,"R98 - DCF basic file (sRGB)",100,"Digital Camera","Directly photographed","Unknown (386)","Unknown (288)",1000,"386 mm","Unknown (386)","Unknown (386)","JPEG (old-style)",2156,4380,100,2,"Dependent child image","JPEG","Large Thumbnail (VGA equivalent)",21110,3484586,0,0,3744,2080,"Baseline DCT, Huffman coding",8,3,"YCbCr4:2:2 (2 1)",2.4,"3744x2080","(Binary data 21110 bytes)",7.8,9.2,"1/20","(Binary data 4380 bytes)","0.003 mm","5.3 deg","42.0 mm (35 mm equivalent: 386.0 mm)","224.82 m",6.8,3
"3","./Whippoorwill_Corners_cam3 (7).JPG",11.26,"Whippoorwill_Corners_cam3 (7).JPG",".","3.3 MB","2018:12:16 05:59:46-05:00","2019:02:04 14:04:20-05:00","2019:02:04 12:55:40-05:00","rwx------","JPEG","jpg","image/jpeg","Little-endian (Intel, II)","Prometheus","BTC5HDP","Horizontal (normal)",72,72,"inches","Ver.170105m0","2018:12:16 05:59:46","Co-sited","1/20",2.4,"Program AE",200,220,2018-12-16 05:59:46,"2018:12:16 05:59:46","Y, Cb, Cr, -","undef","1/20",2.4,0,2.3,"Center-weighted average","Unknown","Auto, Fired","42.0 mm","[minor] Unrecognized MakerNotes","M1 ALS0 L54 T70 S16 IR61 C0 Y48 B0 ST1 SNAP1",100,"sRGB",3744,2080,"R98 - DCF basic file (sRGB)",100,"Digital Camera","Directly photographed","Unknown (386)","Unknown (288)",1000,"386 mm","Unknown (386)","Unknown (386)","JPEG (old-style)",2156,4406,100,2,"Dependent child image","JPEG","Large Thumbnail (VGA equivalent)",21069,3484527,0,0,3744,2080,"Baseline DCT, Huffman coding",8,3,"YCbCr4:2:2 (2 1)",2.4,"3744x2080","(Binary data 21069 bytes)",7.8,9.2,"1/20","(Binary data 4406 bytes)","0.003 mm","5.3 deg","42.0 mm (35 mm equivalent: 386.0 mm)","224.82 m",5.8,3
"32","./Whippoorwill_Corners_cam3 (8).JPG",11.26,"Whippoorwill_Corners_cam3 (8).JPG",".","3.3 MB","2018:12:16 05:59:48-05:00","2019:02:04 14:04:38-05:00","2019:02:04 12:55:40-05:00","rwx------","JPEG","jpg","image/jpeg","Little-endian (Intel, II)","Prometheus","BTC5HDP","Horizontal (normal)",72,72,"inches","Ver.170105m0","2018:12:16 05:59:48","Co-sited","1/20",2.4,"Program AE",100,220,2018-12-16 05:59:48,"2018:12:16 05:59:48","Y, Cb, Cr, -","undef","1/20",2.4,0,2.3,"Center-weighted average","Unknown","Auto, Fired","42.0 mm","[minor] Unrecognized MakerNotes","M0 ALS0 L62 T70 S8 IR61 C1 Y57 B0 ST4 SNAP2",100,"sRGB",3744,2080,"R98 - DCF basic file (sRGB)",100,"Digital Camera","Directly photographed","Unknown (386)","Unknown (288)",1000,"386 mm","Unknown (386)","Unknown (386)","JPEG (old-style)",2156,4293,100,2,"Dependent child image","JPEG","Large Thumbnail (VGA equivalent)",20314,3483884,0,0,3744,2080,"Baseline DCT, Huffman coding",8,3,"YCbCr4:2:2 (2 1)",2.4,"3744x2080","(Binary data 20314 bytes)",7.8,9.2,"1/20","(Binary data 4293 bytes)","0.003 mm","5.3 deg","42.0 mm (35 mm equivalent: 386.0 mm)","224.82 m",6.8,3
"29","./Whippoorwill_Corners_cam3 (9).JPG",11.26,"Whippoorwill_Corners_cam3 (9).JPG",".","3.3 MB","2018:12:16 06:00:50-05:00","2019:02:04 14:04:20-05:00","2019:02:04 12:55:41-05:00","rwx------","JPEG","jpg","image/jpeg","Little-endian (Intel, II)","Prometheus","BTC5HDP","Horizontal (normal)",72,72,"inches","Ver.170105m0","2018:12:16 06:00:49","Co-sited","1/20",2.4,"Program AE",100,220,2018-12-16 06:00:49,"2018:12:16 06:00:49","Y, Cb, Cr, -","undef","1/20",2.4,0,2.3,"Center-weighted average","Unknown","Auto, Fired","42.0 mm","[minor] Unrecognized MakerNotes","M2 ALS0 L57 T70 S13 IR61 C1 Y96 B0 ST4 SNAP0",100,"sRGB",3744,2080,"R98 - DCF basic file (sRGB)",100,"Digital Camera","Directly photographed","Unknown (386)","Unknown (288)",1000,"386 mm","Unknown (386)","Unknown (386)","JPEG (old-style)",2156,4395,100,2,"Dependent child image","JPEG","Large Thumbnail (VGA equivalent)",20937,3484562,0,0,3744,2080,"Baseline DCT, Huffman coding",8,3,"YCbCr4:2:2 (2 1)",2.4,"3744x2080","(Binary data 20937 bytes)",7.8,9.2,"1/20","(Binary data 4395 bytes)","0.003 mm","5.3 deg","42.0 mm (35 mm equivalent: 386.0 mm)","224.82 m",6.8,4
"8","./Whippoorwill_Corners_cam3 (10).JPG",11.26,"Whippoorwill_Corners_cam3 (10).JPG",".","3.3 MB","2018:12:16 06:00:50-05:00","2019:02:04 14:04:14-05:00","2019:02:04 12:55:39-05:00","rwx------","JPEG","jpg","image/jpeg","Little-endian (Intel, II)","Prometheus","BTC5HDP","Horizontal (normal)",72,72,"inches","Ver.170105m0","2018:12:16 06:00:51","Co-sited","1/20",2.4,"Program AE",200,220,2018-12-16 06:00:51,"2018:12:16 06:00:51","Y, Cb, Cr, -","undef","1/20",2.4,0,2.3,"Center-weighted average","Unknown","Auto, Fired","42.0 mm","[minor] Unrecognized MakerNotes","M1 ALS0 L54 T70 S16 IR61 C0 Y130 B0 ST4 SNAP1",100,"sRGB",3744,2080,"R98 - DCF basic file (sRGB)",100,"Digital Camera","Directly photographed","Unknown (386)","Unknown (288)",1000,"386 mm","Unknown (386)","Unknown (386)","JPEG (old-style)",2156,4480,100,2,"Dependent child image","JPEG","Large Thumbnail (VGA equivalent)",21323,3484647,0,0,3744,2080,"Baseline DCT, Huffman coding",8,3,"YCbCr4:2:2 (2 1)",2.4,"3744x2080","(Binary data 21323 bytes)",7.8,9.2,"1/20","(Binary data 4480 bytes)","0.003 mm","5.3 deg","42.0 mm (35 mm equivalent: 386.0 mm)","224.82 m",5.8,4
"14","./Whippoorwill_Corners_cam3 (11).JPG",11.26,"Whippoorwill_Corners_cam3 (11).JPG",".","3.3 MB","2018:12:16 06:00:52-05:00","2019:02:05 14:31:24-05:00","2019:02:04 12:55:39-05:00","rwx------","JPEG","jpg","image/jpeg","Little-endian (Intel, II)","Prometheus","BTC5HDP","Horizontal (normal)",72,72,"inches","Ver.170105m0","2018:12:16 06:00:53","Co-sited","1/20",2.4,"Program AE",200,220,2018-12-16 06:00:53,"2018:12:16 06:00:53","Y, Cb, Cr, -","undef","1/20",2.4,0,2.3,"Center-weighted average","Unknown","Auto, Fired","42.0 mm","[minor] Unrecognized MakerNotes","M0 ALS0 L54 T70 S16 IR61 C0 Y129 B0 ST4 SNAP2",100,"sRGB",3744,2080,"R98 - DCF basic file (sRGB)",100,"Digital Camera","Directly photographed","Unknown (386)","Unknown (288)",1000,"386 mm","Unknown (386)","Unknown (386)","JPEG (old-style)",2156,4461,100,2,"Dependent child image","JPEG","Large Thumbnail (VGA equivalent)",21365,3484168,0,0,3744,2080,"Baseline DCT, Huffman coding",8,3,"YCbCr4:2:2 (2 1)",2.4,"3744x2080","(Binary data 21365 bytes)",7.8,9.2,"1/20","(Binary data 4461 bytes)","0.003 mm","5.3 deg","42.0 mm (35 mm equivalent: 386.0 mm)","224.82 m",5.8,4
"15","./Whippoorwill_Corners_cam3 (12).JPG",11.26,"Whippoorwill_Corners_cam3 (12).JPG",".","3.3 MB","2018:12:16 06:17:48-05:00","2019:02:04 14:04:14-05:00","2019:02:04 12:55:39-05:00","rwx------","JPEG","jpg","image/jpeg","Little-endian (Intel, II)","Prometheus","BTC5HDP","Horizontal (normal)",72,72,"inches","Ver.170105m0","2018:12:16 06:17:48","Co-sited","1/20",2.4,"Program AE",200,220,2018-12-16 06:17:48,"2018:12:16 06:17:48","Y, Cb, Cr, -","undef","1/20",2.4,0,2.3,"Center-weighted average","Unknown","Auto, Fired","42.0 mm","[minor] Unrecognized MakerNotes","M2 ALS0 L54 T70 S16 IR61 C1 Y108 B0 ST4 SNAP0",100,"sRGB",3744,2080,"R98 - DCF basic file (sRGB)",100,"Digital Camera","Directly photographed","Unknown (386)","Unknown (288)",1000,"386 mm","Unknown (386)","Unknown (386)","JPEG (old-style)",2156,4389,100,2,"Dependent child image","JPEG","Large Thumbnail (VGA equivalent)",21100,3484621,0,0,3744,2080,"Baseline DCT, Huffman coding",8,3,"YCbCr4:2:2 (2 1)",2.4,"3744x2080","(Binary data 21100 bytes)",7.8,9.2,"1/20","(Binary data 4389 bytes)","0.003 mm","5.3 deg","42.0 mm (35 mm equivalent: 386.0 mm)","224.82 m",5.8,5
"24","./Whippoorwill_Corners_cam3 (13).JPG",11.26,"Whippoorwill_Corners_cam3 (13).JPG",".","3.3 MB","2018:12:16 06:17:50-05:00","2019:02:04 14:04:14-05:00","2019:02:04 12:55:39-05:00","rwx------","JPEG","jpg","image/jpeg","Little-endian (Intel, II)","Prometheus","BTC5HDP","Horizontal (normal)",72,72,"inches","Ver.170105m0","2018:12:16 06:17:50","Co-sited","1/20",2.4,"Program AE",200,220,2018-12-16 06:17:50,"2018:12:16 06:17:50","Y, Cb, Cr, -","undef","1/20",2.4,0,2.3,"Center-weighted average","Unknown","Auto, Fired","42.0 mm","[minor] Unrecognized MakerNotes","M1 ALS0 L54 T70 S16 IR61 C0 Y50 B0 ST1 SNAP1",100,"sRGB",3744,2080,"R98 - DCF basic file (sRGB)",100,"Digital Camera","Directly photographed","Unknown (386)","Unknown (288)",1000,"386 mm","Unknown (386)","Unknown (386)","JPEG (old-style)",2156,4330,100,2,"Dependent child image","JPEG","Large Thumbnail (VGA equivalent)",20793,3483803,0,0,3744,2080,"Baseline DCT, Huffman coding",8,3,"YCbCr4:2:2 (2 1)",2.4,"3744x2080","(Binary data 20793 bytes)",7.8,9.2,"1/20","(Binary data 4330 bytes)","0.003 mm","5.3 deg","42.0 mm (35 mm equivalent: 386.0 mm)","224.82 m",5.8,5
"30","./Whippoorwill_Corners_cam3 (14).JPG",11.26,"Whippoorwill_Corners_cam3 (14).JPG",".","3.3 MB","2018:12:16 06:17:52-05:00","2019:02:05 14:31:24-05:00","2019:02:04 12:55:39-05:00","rwx------","JPEG","jpg","image/jpeg","Little-endian (Intel, II)","Prometheus","BTC5HDP","Horizontal (normal)",72,72,"inches","Ver.170105m0","2018:12:16 06:17:52","Co-sited","1/20",2.4,"Program AE",100,220,2018-12-16 06:17:52,"2018:12:16 06:17:52","Y, Cb, Cr, -","undef","1/20",2.4,0,2.3,"Center-weighted average","Unknown","Auto, Fired","42.0 mm","[minor] Unrecognized MakerNotes","M0 ALS0 L62 T70 S8 IR61 C1 Y57 B0 ST4 SNAP2",100,"sRGB",3744,2080,"R98 - DCF basic file (sRGB)",100,"Digital Camera","Directly photographed","Unknown (386)","Unknown (288)",1000,"386 mm","Unknown (386)","Unknown (386)","JPEG (old-style)",2156,4196,100,2,"Dependent child image","JPEG","Large Thumbnail (VGA equivalent)",20067,3483124,0,0,3744,2080,"Baseline DCT, Huffman coding",8,3,"YCbCr4:2:2 (2 1)",2.4,"3744x2080","(Binary data 20067 bytes)",7.8,9.2,"1/20","(Binary data 4196 bytes)","0.003 mm","5.3 deg","42.0 mm (35 mm equivalent: 386.0 mm)","224.82 m",6.8,5
"31","./Whippoorwill_Corners_cam3 (15).JPG",11.26,"Whippoorwill_Corners_cam3 (15).JPG",".","3.3 MB","2018:12:16 06:21:22-05:00","2019:02:04 14:04:15-05:00","2019:02:04 12:55:39-05:00","rwx------","JPEG","jpg","image/jpeg","Little-endian (Intel, II)","Prometheus","BTC5HDP","Horizontal (normal)",72,72,"inches","Ver.170105m0","2018:12:16 06:21:22","Co-sited","1/20",2.4,"Program AE",100,220,2018-12-16 06:21:22,"2018:12:16 06:21:22","Y, Cb, Cr, -","undef","1/20",2.4,0,2.3,"Center-weighted average","Unknown","Auto, Fired","42.0 mm","[minor] Unrecognized MakerNotes","M2 ALS0 L57 T70 S13 IR61 C1 Y97 B0 ST4 SNAP0",100,"sRGB",3744,2080,"R98 - DCF basic file (sRGB)",100,"Digital Camera","Directly photographed","Unknown (386)","Unknown (288)",1000,"386 mm","Unknown (386)","Unknown (386)","JPEG (old-style)",2156,4366,100,2,"Dependent child image","JPEG","Large Thumbnail (VGA equivalent)",20831,3484335,0,0,3744,2080,"Baseline DCT, Huffman coding",8,3,"YCbCr4:2:2 (2 1)",2.4,"3744x2080","(Binary data 20831 bytes)",7.8,9.2,"1/20","(Binary data 4366 bytes)","0.003 mm","5.3 deg","42.0 mm (35 mm equivalent: 386.0 mm)","224.82 m",6.8,6
"4","./Whippoorwill_Corners_cam3 (16).JPG",11.26,"Whippoorwill_Corners_cam3 (16).JPG",".","3.3 MB","2018:12:16 06:21:24-05:00","2019:02:04 14:04:15-05:00","2019:02:04 12:55:39-05:00","rwx------","JPEG","jpg","image/jpeg","Little-endian (Intel, II)","Prometheus","BTC5HDP","Horizontal (normal)",72,72,"inches","Ver.170105m0","2018:12:16 06:21:24","Co-sited","1/20",2.4,"Program AE",200,220,2018-12-16 06:21:24,"2018:12:16 06:21:24","Y, Cb, Cr, -","undef","1/20",2.4,0,2.3,"Center-weighted average","Unknown","Auto, Fired","42.0 mm","[minor] Unrecognized MakerNotes","M1 ALS0 L54 T70 S16 IR61 C0 Y44 B0 ST4 SNAP1",100,"sRGB",3744,2080,"R98 - DCF basic file (sRGB)",100,"Digital Camera","Directly photographed","Unknown (386)","Unknown (288)",1000,"386 mm","Unknown (386)","Unknown (386)","JPEG (old-style)",2156,4409,100,2,"Dependent child image","JPEG","Large Thumbnail (VGA equivalent)",21102,3484777,0,0,3744,2080,"Baseline DCT, Huffman coding",8,3,"YCbCr4:2:2 (2 1)",2.4,"3744x2080","(Binary data 21102 bytes)",7.8,9.2,"1/20","(Binary data 4409 bytes)","0.003 mm","5.3 deg","42.0 mm (35 mm equivalent: 386.0 mm)","224.82 m",5.8,6
"5","./Whippoorwill_Corners_cam3 (17).JPG",11.26,"Whippoorwill_Corners_cam3 (17).JPG",".","3.3 MB","2018:12:16 06:21:26-05:00","2019:02:04 14:04:15-05:00","2019:02:04 12:55:39-05:00","rwx------","JPEG","jpg","image/jpeg","Little-endian (Intel, II)","Prometheus","BTC5HDP","Horizontal (normal)",72,72,"inches","Ver.170105m0","2018:12:16 06:21:26","Co-sited","1/20",2.4,"Program AE",200,220,2018-12-16 06:21:26,"2018:12:16 06:21:26","Y, Cb, Cr, -","undef","1/20",2.4,0,2.3,"Center-weighted average","Unknown","Auto, Fired","42.0 mm","[minor] Unrecognized MakerNotes","M0 ALS0 L53 T70 S17 IR61 C0 Y125 B0 ST4 SNAP2",100,"sRGB",3744,2080,"R98 - DCF basic file (sRGB)",100,"Digital Camera","Directly photographed","Unknown (386)","Unknown (288)",1000,"386 mm","Unknown (386)","Unknown (386)","JPEG (old-style)",2156,4498,100,2,"Dependent child image","JPEG","Large Thumbnail (VGA equivalent)",21527,3484853,0,0,3744,2080,"Baseline DCT, Huffman coding",8,3,"YCbCr4:2:2 (2 1)",2.4,"3744x2080","(Binary data 21527 bytes)",7.8,9.2,"1/20","(Binary data 4498 bytes)","0.003 mm","5.3 deg","42.0 mm (35 mm equivalent: 386.0 mm)","224.82 m",5.8,6
"26","./Whippoorwill_Corners_cam3 (18).JPG",11.26,"Whippoorwill_Corners_cam3 (18).JPG",".","3.3 MB","2018:12:16 06:28:32-05:00","2019:02:05 14:31:24-05:00","2019:02:04 12:55:39-05:00","rwx------","JPEG","jpg","image/jpeg","Little-endian (Intel, II)","Prometheus","BTC5HDP","Horizontal (normal)",72,72,"inches","Ver.170105m0","2018:12:16 06:28:31","Co-sited","1/20",2.4,"Program AE",100,220,2018-12-16 06:28:31,"2018:12:16 06:28:31","Y, Cb, Cr, -","undef","1/20",2.4,0,2.3,"Center-weighted average","Unknown","Auto, Fired","42.0 mm","[minor] Unrecognized MakerNotes","M2 ALS0 L56 T70 S14 IR61 C1 Y116 B0 ST4 SNAP0",100,"sRGB",3744,2080,"R98 - DCF basic file (sRGB)",100,"Digital Camera","Directly photographed","Unknown (386)","Unknown (288)",1000,"386 mm","Unknown (386)","Unknown (386)","JPEG (old-style)",2156,4440,100,2,"Dependent child image","JPEG","Large Thumbnail (VGA equivalent)",21139,3485271,0,0,3744,2080,"Baseline DCT, Huffman coding",8,3,"YCbCr4:2:2 (2 1)",2.4,"3744x2080","(Binary data 21139 bytes)",7.8,9.2,"1/20","(Binary data 4440 bytes)","0.003 mm","5.3 deg","42.0 mm (35 mm equivalent: 386.0 mm)","224.82 m",6.8,7
"35","./Whippoorwill_Corners_cam3 (19).JPG",11.26,"Whippoorwill_Corners_cam3 (19).JPG",".","3.3 MB","2018:12:16 06:28:34-05:00","2019:02:04 14:04:15-05:00","2019:02:04 12:55:40-05:00","rwx------","JPEG","jpg","image/jpeg","Little-endian (Intel, II)","Prometheus","BTC5HDP","Horizontal (normal)",72,72,"inches","Ver.170105m0","2018:12:16 06:28:33","Co-sited","1/20",2.4,"Program AE",200,220,2018-12-16 06:28:33,"2018:12:16 06:28:33","Y, Cb, Cr, -","undef","1/20",2.4,0,2.3,"Center-weighted average","Unknown","Auto, Fired","42.0 mm","[minor] Unrecognized MakerNotes","M1 ALS0 L54 T70 S16 IR61 C0 Y47 B0 ST4 SNAP1",100,"sRGB",3744,2080,"R98 - DCF basic file (sRGB)",100,"Digital Camera","Directly photographed","Unknown (386)","Unknown (288)",1000,"386 mm","Unknown (386)","Unknown (386)","JPEG (old-style)",2156,4434,100,2,"Dependent child image","JPEG","Large Thumbnail (VGA equivalent)",21260,3484974,0,0,3744,2080,"Baseline DCT, Huffman coding",8,3,"YCbCr4:2:2 (2 1)",2.4,"3744x2080","(Binary data 21260 bytes)",7.8,9.2,"1/20","(Binary data 4434 bytes)","0.003 mm","5.3 deg","42.0 mm (35 mm equivalent: 386.0 mm)","224.82 m",5.8,7
"1","./Whippoorwill_Corners_cam3 (20).JPG",11.26,"Whippoorwill_Corners_cam3 (20).JPG",".","3.3 MB","2018:12:16 06:28:36-05:00","2019:02:04 14:04:16-05:00","2019:02:04 12:55:40-05:00","rwx------","JPEG","jpg","image/jpeg","Little-endian (Intel, II)","Prometheus","BTC5HDP","Horizontal (normal)",72,72,"inches","Ver.170105m0","2018:12:16 06:28:35","Co-sited","1/20",2.4,"Program AE",200,220,2018-12-16 06:28:35,"2018:12:16 06:28:35","Y, Cb, Cr, -","undef","1/20",2.4,0,2.3,"Center-weighted average","Unknown","Auto, Fired","42.0 mm","[minor] Unrecognized MakerNotes","M0 ALS0 L53 T70 S17 IR61 C0 Y127 B0 ST4 SNAP2",100,"sRGB",3744,2080,"R98 - DCF basic file (sRGB)",100,"Digital Camera","Directly photographed","Unknown (386)","Unknown (288)",1000,"386 mm","Unknown (386)","Unknown (386)","JPEG (old-style)",2156,4506,100,2,"Dependent child image","JPEG","Large Thumbnail (VGA equivalent)",21658,3485745,0,0,3744,2080,"Baseline DCT, Huffman coding",8,3,"YCbCr4:2:2 (2 1)",2.4,"3744x2080","(Binary data 21658 bytes)",7.8,9.2,"1/20","(Binary data 4506 bytes)","0.003 mm","5.3 deg","42.0 mm (35 mm equivalent: 386.0 mm)","224.82 m",5.8,7
"7","./Whippoorwill_Corners_cam3 (21).JPG",11.26,"Whippoorwill_Corners_cam3 (21).JPG",".","3.3 MB","2018:12:16 06:29:38-05:00","2019:02:05 14:31:24-05:00","2019:02:04 12:55:40-05:00","rwx------","JPEG","jpg","image/jpeg","Little-endian (Intel, II)","Prometheus","BTC5HDP","Horizontal (normal)",72,72,"inches","Ver.170105m0","2018:12:16 06:29:36","Co-sited","1/20",2.4,"Program AE",100,220,2018-12-16 06:29:36,"2018:12:16 06:29:36","Y, Cb, Cr, -","undef","1/20",2.4,0,2.3,"Center-weighted average","Unknown","Auto, Fired","42.0 mm","[minor] Unrecognized MakerNotes","M2 ALS0 L56 T70 S14 IR61 C1 Y115 B0 ST4 SNAP0",100,"sRGB",3744,2080,"R98 - DCF basic file (sRGB)",100,"Digital Camera","Directly photographed","Unknown (386)","Unknown (288)",1000,"386 mm","Unknown (386)","Unknown (386)","JPEG (old-style)",2156,4424,100,2,"Dependent child image","JPEG","Large Thumbnail (VGA equivalent)",21144,3484795,0,0,3744,2080,"Baseline DCT, Huffman coding",8,3,"YCbCr4:2:2 (2 1)",2.4,"3744x2080","(Binary data 21144 bytes)",7.8,9.2,"1/20","(Binary data 4424 bytes)","0.003 mm","5.3 deg","42.0 mm (35 mm equivalent: 386.0 mm)","224.82 m",6.8,8
"28","./Whippoorwill_Corners_cam3 (22).JPG",11.26,"Whippoorwill_Corners_cam3 (22).JPG",".","3.3 MB","2018:12:16 06:29:38-05:00","2019:02:05 14:31:24-05:00","2019:02:04 12:55:40-05:00","rwx------","JPEG","jpg","image/jpeg","Little-endian (Intel, II)","Prometheus","BTC5HDP","Horizontal (normal)",72,72,"inches","Ver.170105m0","2018:12:16 06:29:38","Co-sited","1/20",2.4,"Program AE",200,220,2018-12-16 06:29:38,"2018:12:16 06:29:38","Y, Cb, Cr, -","undef","1/20",2.4,0,2.3,"Center-weighted average","Unknown","Auto, Fired","42.0 mm","[minor] Unrecognized MakerNotes","M1 ALS0 L54 T70 S16 IR61 C0 Y46 B0 ST4 SNAP1",100,"sRGB",3744,2080,"R98 - DCF basic file (sRGB)",100,"Digital Camera","Directly photographed","Unknown (386)","Unknown (288)",1000,"386 mm","Unknown (386)","Unknown (386)","JPEG (old-style)",2156,4377,100,2,"Dependent child image","JPEG","Large Thumbnail (VGA equivalent)",21005,3484784,0,0,3744,2080,"Baseline DCT, Huffman coding",8,3,"YCbCr4:2:2 (2 1)",2.4,"3744x2080","(Binary data 21005 bytes)",7.8,9.2,"1/20","(Binary data 4377 bytes)","0.003 mm","5.3 deg","42.0 mm (35 mm equivalent: 386.0 mm)","224.82 m",5.8,8
"33","./Whippoorwill_Corners_cam3 (23).JPG",11.26,"Whippoorwill_Corners_cam3 (23).JPG",".","3.3 MB","2018:12:16 06:29:40-05:00","2019:02:04 14:04:16-05:00","2019:02:04 12:55:40-05:00","rwx------","JPEG","jpg","image/jpeg","Little-endian (Intel, II)","Prometheus","BTC5HDP","Horizontal (normal)",72,72,"inches","Ver.170105m0","2018:12:16 06:29:40","Co-sited","1/20",2.4,"Program AE",200,220,2018-12-16 06:29:40,"2018:12:16 06:29:40","Y, Cb, Cr, -","undef","1/20",2.4,0,2.3,"Center-weighted average","Unknown","Auto, Fired","42.0 mm","[minor] Unrecognized MakerNotes","M0 ALS0 L53 T70 S17 IR61 C0 Y125 B0 ST4 SNAP2",100,"sRGB",3744,2080,"R98 - DCF basic file (sRGB)",100,"Digital Camera","Directly photographed","Unknown (386)","Unknown (288)",1000,"386 mm","Unknown (386)","Unknown (386)","JPEG (old-style)",2156,4453,100,2,"Dependent child image","JPEG","Large Thumbnail (VGA equivalent)",21435,3485517,0,0,3744,2080,"Baseline DCT, Huffman coding",8,3,"YCbCr4:2:2 (2 1)",2.4,"3744x2080","(Binary data 21435 bytes)",7.8,9.2,"1/20","(Binary data 4453 bytes)","0.003 mm","5.3 deg","42.0 mm (35 mm equivalent: 386.0 mm)","224.82 m",5.8,8
"19","./Whippoorwill_Corners_cam3 (24).JPG",11.26,"Whippoorwill_Corners_cam3 (24).JPG",".","3.3 MB","2018:12:17 09:57:12-05:00","2019:02:04 14:04:38-05:00","2019:02:04 12:55:40-05:00","rwx------","JPEG","jpg","image/jpeg","Little-endian (Intel, II)","Prometheus","BTC5HDP","Horizontal (normal)",72,72,"inches","Ver.170105m0","2018:12:17 09:57:10","Co-sited","1/15",2.4,"Program AE",200,220,2018-12-17 09:57:10,"2018:12:17 09:57:10","Y, Cb, Cr, -","undef","1/15",2.4,0,2.3,"Center-weighted average","Unknown","Auto, Did not fire","42.0 mm","[minor] Unrecognized MakerNotes","M2 ALS133 L33 T64 S31 IR0 C1 Y180 B0 ST4 SNAP0",100,"sRGB",3744,2080,"R98 - DCF basic file (sRGB)",100,"Digital Camera","Directly photographed","Unknown (386)","Unknown (288)",1000,"386 mm","Unknown (386)","Unknown (386)","JPEG (old-style)",2156,9300,100,2,"Dependent child image","JPEG","Large Thumbnail (VGA equivalent)",49299,3415525,0,0,3744,2080,"Baseline DCT, Huffman coding",8,3,"YCbCr4:2:2 (2 1)",2.4,"3744x2080","(Binary data 49299 bytes)",7.8,9.2,"1/15","(Binary data 9300 bytes)","0.003 mm","5.3 deg","42.0 mm (35 mm equivalent: 386.0 mm)","224.82 m",5.4,9
"20","./Whippoorwill_Corners_cam3 (25).JPG",11.26,"Whippoorwill_Corners_cam3 (25).JPG",".","3.3 MB","2018:12:17 09:57:12-05:00","2019:02:04 14:04:38-05:00","2019:02:04 12:55:40-05:00","rwx------","JPEG","jpg","image/jpeg","Little-endian (Intel, II)","Prometheus","BTC5HDP","Horizontal (normal)",72,72,"inches","Ver.170105m0","2018:12:17 09:57:13","Co-sited","1/15",2.4,"Program AE",200,220,2018-12-17 09:57:13,"2018:12:17 09:57:13","Y, Cb, Cr, -","undef","1/15",2.4,0,2.3,"Center-weighted average","Unknown","Auto, Did not fire","42.0 mm","[minor] Unrecognized MakerNotes","M1 ALS133 L34 T64 S30 IR0 C0 Y170 B0 ST1 SNAP1",100,"sRGB",3744,2080,"R98 - DCF basic file (sRGB)",100,"Digital Camera","Directly photographed","Unknown (386)","Unknown (288)",1000,"386 mm","Unknown (386)","Unknown (386)","JPEG (old-style)",2156,9309,100,2,"Dependent child image","JPEG","Large Thumbnail (VGA equivalent)",49224,3415370,0,0,3744,2080,"Baseline DCT, Huffman coding",8,3,"YCbCr4:2:2 (2 1)",2.4,"3744x2080","(Binary data 49224 bytes)",7.8,9.2,"1/15","(Binary data 9309 bytes)","0.003 mm","5.3 deg","42.0 mm (35 mm equivalent: 386.0 mm)","224.82 m",5.4,9
"9","./Whippoorwill_Corners_cam3 (26).JPG",11.26,"Whippoorwill_Corners_cam3 (26).JPG",".","3.3 MB","2018:12:17 09:57:14-05:00","2019:02:04 14:04:38-05:00","2019:02:04 12:55:40-05:00","rwx------","JPEG","jpg","image/jpeg","Little-endian (Intel, II)","Prometheus","BTC5HDP","Horizontal (normal)",72,72,"inches","Ver.170105m0","2018:12:17 09:57:15","Co-sited","1/15",2.4,"Program AE",200,220,2018-12-17 09:57:15,"2018:12:17 09:57:15","Y, Cb, Cr, -","undef","1/15",2.4,0,2.3,"Center-weighted average","Unknown","Auto, Did not fire","42.0 mm","[minor] Unrecognized MakerNotes","M0 ALS133 L34 T64 S30 IR0 C0 Y164 B0 ST1 SNAP2",100,"sRGB",3744,2080,"R98 - DCF basic file (sRGB)",100,"Digital Camera","Directly photographed","Unknown (386)","Unknown (288)",1000,"386 mm","Unknown (386)","Unknown (386)","JPEG (old-style)",2156,9293,100,2,"Dependent child image","JPEG","Large Thumbnail (VGA equivalent)",49284,3415285,0,0,3744,2080,"Baseline DCT, Huffman coding",8,3,"YCbCr4:2:2 (2 1)",2.4,"3744x2080","(Binary data 49284 bytes)",7.8,9.2,"1/15","(Binary data 9293 bytes)","0.003 mm","5.3 deg","42.0 mm (35 mm equivalent: 386.0 mm)","224.82 m",5.4,9
"13","./Whippoorwill_Corners_cam3 (27).JPG",11.26,"Whippoorwill_Corners_cam3 (27).JPG",".","3.3 MB","2018:12:23 18:11:30-05:00","2019:02:05 14:31:24-05:00","2019:02:04 12:55:40-05:00","rwx------","JPEG","jpg","image/jpeg","Little-endian (Intel, II)","Prometheus","BTC5HDP","Horizontal (normal)",72,72,"inches","Ver.170105m0","2018:12:23 18:11:29","Co-sited","1/20",2.4,"Program AE",200,220,2018-12-23 18:11:29,"2018:12:23 18:11:29","Y, Cb, Cr, -","undef","1/20",2.4,0,2.3,"Center-weighted average","Unknown","Auto, Fired","42.0 mm","[minor] Unrecognized MakerNotes","M2 ALS0 L42 T70 S28 IR61 C1 Y78 B0 ST4 SNAP0",100,"sRGB",3744,2080,"R98 - DCF basic file (sRGB)",100,"Digital Camera","Directly photographed","Unknown (386)","Unknown (288)",1000,"386 mm","Unknown (386)","Unknown (386)","JPEG (old-style)",2156,4643,100,2,"Dependent child image","JPEG","Large Thumbnail (VGA equivalent)",22024,3483293,0,0,3744,2080,"Baseline DCT, Huffman coding",8,3,"YCbCr4:2:2 (2 1)",2.4,"3744x2080","(Binary data 22024 bytes)",7.8,9.2,"1/20","(Binary data 4643 bytes)","0.003 mm","5.3 deg","42.0 mm (35 mm equivalent: 386.0 mm)","224.82 m",5.8,10
"16","./Whippoorwill_Corners_cam3 (28).JPG",11.26,"Whippoorwill_Corners_cam3 (28).JPG",".","3.3 MB","2018:12:23 18:11:30-05:00","2019:02:04 14:04:17-05:00","2019:02:04 12:55:40-05:00","rwx------","JPEG","jpg","image/jpeg","Little-endian (Intel, II)","Prometheus","BTC5HDP","Horizontal (normal)",72,72,"inches","Ver.170105m0","2018:12:23 18:11:31","Co-sited","1/20",2.4,"Program AE",100,220,2018-12-23 18:11:31,"2018:12:23 18:11:31","Y, Cb, Cr, -","undef","1/20",2.4,0,2.3,"Center-weighted average","Unknown","Auto, Fired","42.0 mm","[minor] Unrecognized MakerNotes","M1 ALS0 L56 T70 S14 IR61 C0 Y94 B0 ST4 SNAP1",100,"sRGB",3744,2080,"R98 - DCF basic file (sRGB)",100,"Digital Camera","Directly photographed","Unknown (386)","Unknown (288)",1000,"386 mm","Unknown (386)","Unknown (386)","JPEG (old-style)",2156,4284,100,2,"Dependent child image","JPEG","Large Thumbnail (VGA equivalent)",20105,3483097,0,0,3744,2080,"Baseline DCT, Huffman coding",8,3,"YCbCr4:2:2 (2 1)",2.4,"3744x2080","(Binary data 20105 bytes)",7.8,9.2,"1/20","(Binary data 4284 bytes)","0.003 mm","5.3 deg","42.0 mm (35 mm equivalent: 386.0 mm)","224.82 m",6.8,10
"23","./Whippoorwill_Corners_cam3 (29).JPG",11.26,"Whippoorwill_Corners_cam3 (29).JPG",".","3.3 MB","2018:12:23 18:11:32-05:00","2019:02:05 14:31:24-05:00","2019:02:04 12:55:40-05:00","rwx------","JPEG","jpg","image/jpeg","Little-endian (Intel, II)","Prometheus","BTC5HDP","Horizontal (normal)",72,72,"inches","Ver.170105m0","2018:12:23 18:11:33","Co-sited","1/20",2.4,"Program AE",100,220,2018-12-23 18:11:33,"2018:12:23 18:11:33","Y, Cb, Cr, -","undef","1/20",2.4,0,2.3,"Center-weighted average","Unknown","Auto, Fired","42.0 mm","[minor] Unrecognized MakerNotes","M0 ALS0 L62 T70 S8 IR61 C1 Y62 B0 ST4 SNAP2",100,"sRGB",3744,2080,"R98 - DCF basic file (sRGB)",100,"Digital Camera","Directly photographed","Unknown (386)","Unknown (288)",1000,"386 mm","Unknown (386)","Unknown (386)","JPEG (old-style)",2156,4171,100,2,"Dependent child image","JPEG","Large Thumbnail (VGA equivalent)",19531,3482994,0,0,3744,2080,"Baseline DCT, Huffman coding",8,3,"YCbCr4:2:2 (2 1)",2.4,"3744x2080","(Binary data 19531 bytes)",7.8,9.2,"1/20","(Binary data 4171 bytes)","0.003 mm","5.3 deg","42.0 mm (35 mm equivalent: 386.0 mm)","224.82 m",6.8,10
"10","./Whippoorwill_Corners_cam3 (30).JPG",11.26,"Whippoorwill_Corners_cam3 (30).JPG",".","3.4 MB","2018:12:29 05:51:42-05:00","2019:02:04 14:04:18-05:00","2019:02:04 12:55:40-05:00","rwx------","JPEG","jpg","image/jpeg","Little-endian (Intel, II)","Prometheus","BTC5HDP","Horizontal (normal)",72,72,"inches","Ver.170105m0","2018:12:29 05:51:42","Co-sited","1/20",2.4,"Program AE",400,220,2018-12-29 05:51:42,"2018:12:29 05:51:42","Y, Cb, Cr, -","undef","1/20",2.4,0,2.3,"Center-weighted average","Unknown","Auto, Fired","42.0 mm","[minor] Unrecognized MakerNotes","M2 ALS0 L30 T70 S40 IR61 C1 Y47 B0 ST4 SNAP0",100,"sRGB",3744,2080,"R98 - DCF basic file (sRGB)",100,"Digital Camera","Directly photographed","Unknown (386)","Unknown (288)",1000,"386 mm","Unknown (386)","Unknown (386)","JPEG (old-style)",2156,4839,100,2,"Dependent child image","JPEG","Large Thumbnail (VGA equivalent)",23998,3489592,0,0,3744,2080,"Baseline DCT, Huffman coding",8,3,"YCbCr4:2:2 (2 1)",2.4,"3744x2080","(Binary data 23998 bytes)",7.8,9.2,"1/20","(Binary data 4839 bytes)","0.003 mm","5.3 deg","42.0 mm (35 mm equivalent: 386.0 mm)","224.82 m",4.8,11
"12","./Whippoorwill_Corners_cam3 (31).JPG",11.26,"Whippoorwill_Corners_cam3 (31).JPG",".","3.3 MB","2018:12:29 05:51:44-05:00","2019:02:05 14:31:24-05:00","2019:02:04 12:55:40-05:00","rwx------","JPEG","jpg","image/jpeg","Little-endian (Intel, II)","Prometheus","BTC5HDP","Horizontal (normal)",72,72,"inches","Ver.170105m0","2018:12:29 05:51:44","Co-sited","1/20",2.4,"Program AE",200,220,2018-12-29 05:51:44,"2018:12:29 05:51:44","Y, Cb, Cr, -","undef","1/20",2.4,0,2.3,"Center-weighted average","Unknown","Auto, Fired","42.0 mm","[minor] Unrecognized MakerNotes","M1 ALS0 L45 T70 S25 IR61 C0 Y88 B0 ST4 SNAP1",100,"sRGB",3744,2080,"R98 - DCF basic file (sRGB)",100,"Digital Camera","Directly photographed","Unknown (386)","Unknown (288)",1000,"386 mm","Unknown (386)","Unknown (386)","JPEG (old-style)",2156,4474,100,2,"Dependent child image","JPEG","Large Thumbnail (VGA equivalent)",22593,3487398,0,0,3744,2080,"Baseline DCT, Huffman coding",8,3,"YCbCr4:2:2 (2 1)",2.4,"3744x2080","(Binary data 22593 bytes)",7.8,9.2,"1/20","(Binary data 4474 bytes)","0.003 mm","5.3 deg","42.0 mm (35 mm equivalent: 386.0 mm)","224.82 m",5.8,11
"18","./Whippoorwill_Corners_cam3 (32).JPG",11.26,"Whippoorwill_Corners_cam3 (32).JPG",".","3.3 MB","2018:12:29 05:51:46-05:00","2019:02:05 14:31:24-05:00","2019:02:04 12:55:40-05:00","rwx------","JPEG","jpg","image/jpeg","Little-endian (Intel, II)","Prometheus","BTC5HDP","Horizontal (normal)",72,72,"inches","Ver.170105m0","2018:12:29 05:51:46","Co-sited","1/20",2.4,"Program AE",200,220,2018-12-29 05:51:46,"2018:12:29 05:51:46","Y, Cb, Cr, -","undef","1/20",2.4,0,2.3,"Center-weighted average","Unknown","Auto, Fired","42.0 mm","[minor] Unrecognized MakerNotes","M0 ALS0 L51 T70 S19 IR61 C0 Y115 B0 ST4 SNAP2",100,"sRGB",3744,2080,"R98 - DCF basic file (sRGB)",100,"Digital Camera","Directly photographed","Unknown (386)","Unknown (288)",1000,"386 mm","Unknown (386)","Unknown (386)","JPEG (old-style)",2156,4328,100,2,"Dependent child image","JPEG","Large Thumbnail (VGA equivalent)",21811,3486768,0,0,3744,2080,"Baseline DCT, Huffman coding",8,3,"YCbCr4:2:2 (2 1)",2.4,"3744x2080","(Binary data 21811 bytes)",7.8,9.2,"1/20","(Binary data 4328 bytes)","0.003 mm","5.3 deg","42.0 mm (35 mm equivalent: 386.0 mm)","224.82 m",5.8,11
"21","./Whippoorwill_Corners_cam3 (33).JPG",11.26,"Whippoorwill_Corners_cam3 (33).JPG",".","3.3 MB","2018:12:29 17:17:16-05:00","2019:02:04 14:04:18-05:00","2019:02:04 12:55:40-05:00","rwx------","JPEG","jpg","image/jpeg","Little-endian (Intel, II)","Prometheus","BTC5HDP","Horizontal (normal)",72,72,"inches","Ver.170105m0","2018:12:29 17:17:14","Co-sited","1/20",2.4,"Program AE",200,220,2018-12-29 17:17:14,"2018:12:29 17:17:14","Y, Cb, Cr, -","undef","1/20",2.4,0,2.3,"Center-weighted average","Unknown","Auto, Fired","42.0 mm","[minor] Unrecognized MakerNotes","M2 ALS0 L48 T70 S22 IR61 C1 Y101 B0 ST4 SNAP0",100,"sRGB",3744,2080,"R98 - DCF basic file (sRGB)",100,"Digital Camera","Directly photographed","Unknown (386)","Unknown (288)",1000,"386 mm","Unknown (386)","Unknown (386)","JPEG (old-style)",2156,4251,100,2,"Dependent child image","JPEG","Large Thumbnail (VGA equivalent)",20667,3485725,0,0,3744,2080,"Baseline DCT, Huffman coding",8,3,"YCbCr4:2:2 (2 1)",2.4,"3744x2080","(Binary data 20667 bytes)",7.8,9.2,"1/20","(Binary data 4251 bytes)","0.003 mm","5.3 deg","42.0 mm (35 mm equivalent: 386.0 mm)","224.82 m",5.8,12
"27","./Whippoorwill_Corners_cam3 (34).JPG",11.26,"Whippoorwill_Corners_cam3 (34).JPG",".","3.3 MB","2018:12:29 17:17:16-05:00","2019:02:05 14:31:24-05:00","2019:02:04 12:55:40-05:00","rwx------","JPEG","jpg","image/jpeg","Little-endian (Intel, II)","Prometheus","BTC5HDP","Horizontal (normal)",72,72,"inches","Ver.170105m0","2018:12:29 17:17:17","Co-sited","1/20",2.4,"Program AE",100,220,2018-12-29 17:17:17,"2018:12:29 17:17:17","Y, Cb, Cr, -","undef","1/20",2.4,0,2.3,"Center-weighted average","Unknown","Auto, Fired","42.0 mm","[minor] Unrecognized MakerNotes","M1 ALS0 L57 T70 S13 IR61 C0 Y75 B0 ST4 SNAP1",100,"sRGB",3744,2080,"R98 - DCF basic file (sRGB)",100,"Digital Camera","Directly photographed","Unknown (386)","Unknown (288)",1000,"386 mm","Unknown (386)","Unknown (386)","JPEG (old-style)",2156,4134,100,2,"Dependent child image","JPEG","Large Thumbnail (VGA equivalent)",19571,3484343,0,0,3744,2080,"Baseline DCT, Huffman coding",8,3,"YCbCr4:2:2 (2 1)",2.4,"3744x2080","(Binary data 19571 bytes)",7.8,9.2,"1/20","(Binary data 4134 bytes)","0.003 mm","5.3 deg","42.0 mm (35 mm equivalent: 386.0 mm)","224.82 m",6.8,12
"34","./Whippoorwill_Corners_cam3 (35).JPG",11.26,"Whippoorwill_Corners_cam3 (35).JPG",".","3.3 MB","2018:12:29 17:17:18-05:00","2019:02:04 14:04:19-05:00","2019:02:04 12:55:40-05:00","rwx------","JPEG","jpg","image/jpeg","Little-endian (Intel, II)","Prometheus","BTC5HDP","Horizontal (normal)",72,72,"inches","Ver.170105m0","2018:12:29 17:17:19","Co-sited","1/20",2.4,"Program AE",100,220,2018-12-29 17:17:19,"2018:12:29 17:17:19","Y, Cb, Cr, -","undef","1/20",2.4,0,2.3,"Center-weighted average","Unknown","Auto, Fired","42.0 mm","[minor] Unrecognized MakerNotes","M0 ALS0 L62 T70 S8 IR61 C1 Y62 B0 ST4 SNAP2",100,"sRGB",3744,2080,"R98 - DCF basic file (sRGB)",100,"Digital Camera","Directly photographed","Unknown (386)","Unknown (288)",1000,"386 mm","Unknown (386)","Unknown (386)","JPEG (old-style)",2156,4098,100,2,"Dependent child image","JPEG","Large Thumbnail (VGA equivalent)",19247,3483861,0,0,3744,2080,"Baseline DCT, Huffman coding",8,3,"YCbCr4:2:2 (2 1)",2.4,"3744x2080","(Binary data 19247 bytes)",7.8,9.2,"1/20","(Binary data 4098 bytes)","0.003 mm","5.3 deg","42.0 mm (35 mm equivalent: 386.0 mm)","224.82 m",6.8,12
"2","./Whippoorwill_Corners_cam3 (36).JPG",11.26,"Whippoorwill_Corners_cam3 (36).JPG",".","3.3 MB","2018:12:31 16:58:32-05:00","2019:02:05 14:31:24-05:00","2019:02:04 12:55:40-05:00","rwx------","JPEG","jpg","image/jpeg","Little-endian (Intel, II)","Prometheus","BTC5HDP","Horizontal (normal)",72,72,"inches","Ver.170105m0","2018:12:31 16:58:30","Co-sited","1/20",2.4,"Program AE",200,220,2018-12-31 16:58:30,"2018:12:31 16:58:30","Y, Cb, Cr, -","undef","1/20",2.4,0,2.3,"Center-weighted average","Unknown","Auto, Fired","42.0 mm","[minor] Unrecognized MakerNotes","M2 ALS0 L44 T70 S26 IR61 C1 Y85 B0 ST4 SNAP0",100,"sRGB",3744,2080,"R98 - DCF basic file (sRGB)",100,"Digital Camera","Directly photographed","Unknown (386)","Unknown (288)",1000,"386 mm","Unknown (386)","Unknown (386)","JPEG (old-style)",2156,4675,100,2,"Dependent child image","JPEG","Large Thumbnail (VGA equivalent)",22470,3486378,0,0,3744,2080,"Baseline DCT, Huffman coding",8,3,"YCbCr4:2:2 (2 1)",2.4,"3744x2080","(Binary data 22470 bytes)",7.8,9.2,"1/20","(Binary data 4675 bytes)","0.003 mm","5.3 deg","42.0 mm (35 mm equivalent: 386.0 mm)","224.82 m",5.8,13
