ID,Image1,Image2,Image3,!Round,!Batch,#ForestName,!ForestType,#CamNumber,#SDCardNum,#DeploymentDate,#PickUpDate,#CamOrient,!TreeSpecies,#LandType
13,03_05_SH_000001.JPG,03_05_SH_000002.JPG,03_05_SH_000003.JPG,1,1,SH,Deciduous ,,,,,,,
57,03_05_SH_000004.JPG,03_05_SH_000005.JPG,03_05_SH_000006.JPG,1,1,SH,Deciduous ,,,,,,,
72,03_05_SH_000007.JPG,03_05_SH_000008.JPG,03_05_SH_000009.JPG,1,1,SH,Deciduous ,,,,,,,
88,03_05_SH_000010.JPG,03_05_SH_000011.JPG,03_05_SH_000012.JPG,1,1,SH,Deciduous ,,,,,,,
119,03_05_SH_000013.JPG,03_05_SH_000014.JPG,03_05_SH_000015.JPG,1,1,SH,Deciduous ,,,,,,,
153,04_26_WF_000001.JPG,04_26_WF_000002.JPG,04_26_WF_000003.JPG,1,1,WF,Pine ,,,,,,,
154,04_26_WF_000004.JPG,04_26_WF_000005.JPG,04_26_WF_000006.JPG,1,1,WF,Pine ,,,,,,,
155,04_26_WF_000007.JPG,04_26_WF_000008.JPG,04_26_WF_000009.JPG,1,1,WF,Pine ,,,,,,,
156,04_26_WF_000010.JPG,04_26_WF_000011.JPG,04_26_WF_000012.JPG,1,1,WF,Pine ,,,,,,,
158,04_26_WF_000013.JPG,04_26_WF_000014.JPG,04_26_WF_000015.JPG,1,1,WF,Pine ,,,,,,,
166,04_26_WF_000016.JPG,04_26_WF_000017.JPG,04_26_WF_000018.JPG,1,1,WF,Pine ,,,,,,,
204,04_26_WF_000019.JPG,04_26_WF_000020.JPG,04_26_WF_000021.JPG,1,1,WF,Pine ,,,,,,,
205,04_26_WF_000022.JPG,04_26_WF_000023.JPG,04_26_WF_000024.JPG,1,1,WF,Pine ,,,,,,,
236,04_26_WF_000025.JPG,04_26_WF_000026.JPG,04_26_WF_000027.JPG,1,1,WF,Pine ,,,,,,,
390,04_26_WF_000028.JPG,04_26_WF_000029.JPG,04_26_WF_000030.JPG,1,1,WF,Pine ,,,,,,,
452,04_26_WF_000031.JPG,04_26_WF_000032.JPG,04_26_WF_000033.JPG,1,1,WF,Pine ,,,,,,,
455,04_26_WF_000034.JPG,04_26_WF_000035.JPG,04_26_WF_000036.JPG,1,1,WF,Pine ,,,,,,,
456,04_26_WF_000037.JPG,04_26_WF_000038.JPG,04_26_WF_000039.JPG,1,1,WF,Pine ,,,,,,,
475,04_26_WF_000040.JPG,04_26_WF_000041.JPG,04_26_WF_000042.JPG,1,1,WF,Pine ,,,,,,,
499,04_26_WF_000043.JPG,04_26_WF_000044.JPG,04_26_WF_000045.JPG,1,1,WF,Pine ,,,,,,,
551,04_26_WF_000046.JPG,04_26_WF_000047.JPG,04_26_WF_000048.JPG,1,1,WF,Pine ,,,,,,,
598,04_26_WF_000049.JPG,04_26_WF_000050.JPG,04_26_WF_000051.JPG,1,1,WF,Pine ,,,,,,,
93,08_23_DEG_000001.JPG,08_23_DEG_000002.JPG,08_23_DEG_000003.JPG,1,1,DEG,Pine ,,,,,,,
94,08_23_DEG_000004.JPG,08_23_DEG_000005.JPG,08_23_DEG_000006.JPG,1,1,DEG,Pine ,,,,,,,
105,08_23_DEG_000007.JPG,08_23_DEG_000008.JPG,08_23_DEG_000009.JPG,1,1,DEG,Pine ,,,,,,,
124,08_23_DEG_000010.JPG,08_23_DEG_000011.JPG,08_23_DEG_000012.JPG,1,1,DEG,Pine ,,,,,,,
125,08_23_DEG_000013.JPG,08_23_DEG_000014.JPG,08_23_DEG_000015.JPG,1,1,DEG,Pine ,,,,,,,
121,09_25_WF_000001.JPG,09_25_WF_000002.JPG,09_25_WF_000003.JPG,1,1,WF,Pine ,,,,,,,
165,09_25_WF_000004.JPG,09_25_WF_000005.JPG,09_25_WF_000006.JPG,1,1,WF,Pine ,,,,,,,
33,11_13_BC_000002.JPG,11_13_BC_000001.JPG,11_13_BC_000003.JPG,1,1,BC,Deciduous ,,,,,,,
34,11_13_BC_000004.JPG,11_13_BC_000005.JPG,11_13_BC_000006.JPG,1,1,BC,Deciduous ,,,,,,,
54,11_13_BC_000007.JPG,11_13_BC_000008.JPG,11_13_BC_000009.JPG,1,1,BC,Deciduous ,,,,,,,
55,11_13_BC_000010.JPG,11_13_BC_000011.JPG,11_13_BC_000012.JPG,1,1,BC,Deciduous ,,,,,,,
56,11_13_BC_000013.JPG,11_13_BC_000014.JPG,11_13_BC_000015.JPG,1,1,BC,Deciduous ,,,,,,,
64,11_13_BC_000016.JPG,11_13_BC_000017.JPG,11_13_BC_000018.JPG,1,1,BC,Deciduous ,,,,,,,
77,11_13_BC_000019.JPG,11_13_BC_000020.JPG,11_13_BC_000021.JPG,1,1,BC,Deciduous ,,,,,,,
79,11_13_BC_000022.JPG,11_13_BC_000023.JPG,11_13_BC_000024.JPG,1,1,BC,Deciduous ,,,,,,,
80,11_13_BC_000025.JPG,11_13_BC_000026.JPG,11_13_BC_000027.JPG,1,1,BC,Deciduous ,,,,,,,
81,11_13_BC_000028.JPG,11_13_BC_000029.JPG,11_13_BC_000030.JPG,1,1,BC,Deciduous ,,,,,,,
85,11_13_BC_000031.JPG,11_13_BC_000032.JPG,11_13_BC_000033.JPG,1,1,BC,Deciduous ,,,,,,,
86,11_13_BC_000034.JPG,11_13_BC_000035.JPG,11_13_BC_000036.JPG,1,1,BC,Deciduous ,,,,,,,
87,11_13_BC_000037.JPG,11_13_BC_000038.JPG,11_13_BC_000039.JPG,1,1,BC,Deciduous ,,,,,,,
89,11_13_BC_000040.JPG,11_13_BC_000041.JPG,11_13_BC_000042.JPG,1,1,BC,Deciduous ,,,,,,,
90,11_13_BC_000043.JPG,11_13_BC_000044.JPG,11_13_BC_000045.JPG,1,1,BC,Deciduous ,,,,,,,
91,11_13_BC_000046.JPG,11_13_BC_000047.JPG,11_13_BC_000048.JPG,1,1,BC,Deciduous ,,,,,,,
92,11_13_BC_000049.JPG,11_13_BC_000050.JPG,11_13_BC_000051.JPG,1,1,BC,Deciduous ,,,,,,,
95,11_13_BC_000052.JPG,11_13_BC_000053.JPG,11_13_BC_000054.JPG,1,1,BC,Deciduous ,,,,,,,
96,11_13_BC_000055.JPG,11_13_BC_000056.JPG,11_13_BC_000057.JPG,1,1,BC,Deciduous ,,,,,,,
109,11_13_BC_000058.JPG,11_13_BC_000059.JPG,11_13_BC_000060.JPG,1,1,BC,Deciduous ,,,,,,,
122,11_13_BC_000061.JPG,11_13_BC_000062.JPG,11_13_BC_000063.JPG,1,1,BC,Deciduous ,,,,,,,
133,11_13_BC_000064.JPG,11_13_BC_000065.JPG,11_13_BC_000066.JPG,1,1,BC,Deciduous ,,,,,,,
134,11_13_BC_000067.JPG,11_13_BC_000068.JPG,11_13_BC_000069.JPG,1,1,BC,Deciduous ,,,,,,,
136,11_13_BC_000070.JPG,11_13_BC_000071.JPG,11_13_BC_000072.JPG,1,1,BC,Deciduous ,,,,,,,
161,11_13_BC_000073.JPG,11_13_BC_000074.JPG,11_13_BC_000075.JPG,1,1,BC,Deciduous ,,,,,,,
164,11_13_BC_000076.JPG,11_13_BC_000077.JPG,11_13_BC_000078.JPG,1,1,BC,Deciduous ,,,,,,,
175,11_13_BC_000079.JPG,11_13_BC_000080.JPG,11_13_BC_000081.JPG,1,1,BC,Deciduous ,,,,,,,
203,11_13_BC_000082.JPG,11_13_BC_000083.JPG,11_13_BC_000084.JPG,1,1,BC,Deciduous ,,,,,,,
213,11_13_BC_000085.JPG,11_13_BC_000086.JPG,11_13_BC_000087.JPG,1,1,BC,Deciduous ,,,,,,,
231,11_13_BC_000088.JPG,11_13_BC_000089.JPG,11_13_BC_000090.JPG,1,1,BC,Deciduous ,,,,,,,
241,11_13_BC_000091.JPG,11_13_BC_000092.JPG,11_13_BC_000093.JPG,1,1,BC,Deciduous ,,,,,,,
242,11_13_BC_000094.JPG,11_13_BC_000095.JPG,11_13_BC_000096.JPG,1,1,BC,Deciduous ,,,,,,,
244,11_13_BC_000097.JPG,11_13_BC_000098.JPG,11_13_BC_000099.JPG,1,1,BC,Deciduous ,,,,,,,
249,11_13_BC_000100.JPG,11_13_BC_000101.JPG,11_13_BC_000102.JPG,1,1,BC,Deciduous ,,,,,,,
250,11_13_BC_000103.JPG,11_13_BC_000104.JPG,11_13_BC_000105.JPG,1,1,BC,Deciduous ,,,,,,,
251,11_13_BC_000106.JPG,11_13_BC_000107.JPG,11_13_BC_000108.JPG,1,1,BC,Deciduous ,,,,,,,
252,11_13_BC_000109.JPG,11_13_BC_000110.JPG,11_13_BC_000111.JPG,1,1,BC,Deciduous ,,,,,,,
264,11_13_BC_000112.JPG,11_13_BC_000113.JPG,11_13_BC_000114.JPG,1,1,BC,Deciduous ,,,,,,,
278,11_13_BC_000115.JPG,11_13_BC_000116.JPG,11_13_BC_000117.JPG,1,1,BC,Deciduous ,,,,,,,
306,11_13_BC_000121.JPG,11_13_BC_000122.JPG,11_13_BC_000123.JPG,1,1,BC,Deciduous ,,,,,,,
318,11_13_BC_000124.JPG,11_13_BC_000125.JPG,11_13_BC_000126.JPG,1,1,BC,Deciduous ,,,,,,,
323,11_13_BC_000127.JPG,11_13_BC_000128.JPG,11_13_BC_000129.JPG,1,1,BC,Deciduous ,,,,,,,
336,11_13_BC_000130.JPG,11_13_BC_000131.JPG,11_13_BC_000132.JPG,1,1,BC,Deciduous ,,,,,,,
363,11_13_BC_000133.JPG,11_13_BC_000134.JPG,11_13_BC_000135.JPG,1,1,BC,Deciduous ,,,,,,,
366,11_13_BC_000136.JPG,11_13_BC_000137.JPG,11_13_BC_000138.JPG,1,1,BC,Deciduous ,,,,,,,
381,11_13_BC_000139.JPG,11_13_BC_000140.JPG,11_13_BC_000141.JPG,1,1,BC,Deciduous ,,,,,,,
385,11_13_BC_000142.JPG,11_13_BC_000143.JPG,11_13_BC_000144.JPG,1,1,BC,Deciduous ,,,,,,,
420,11_13_BC_000145.JPG,11_13_BC_000146.JPG,11_13_BC_000147.JPG,1,1,BC,Deciduous ,,,,,,,
485,11_13_BC_000148.JPG,11_13_BC_000149.JPG,11_13_BC_000150.JPG,1,1,BC,Deciduous ,,,,,,,
486,11_13_BC_000151.JPG,11_13_BC_000152.JPG,11_13_BC_000153.JPG,1,1,BC,Deciduous ,,,,,,,
500,11_13_BC_000154.JPG,11_13_BC_000155.JPG,11_13_BC_000156.JPG,1,1,BC,Deciduous ,,,,,,,
510,11_13_BC_000157.JPG,11_13_BC_000158.JPG,11_13_BC_000159.JPG,1,1,BC,Deciduous ,,,,,,,
526,11_13_BC_000160.JPG,11_13_BC_000161.JPG,11_13_BC_000162.JPG,1,1,BC,Deciduous ,,,,,,,
560,11_13_BC_000163.JPG,11_13_BC_000164.JPG,11_13_BC_000165.JPG,1,1,BC,Deciduous ,,,,,,,
568,11_13_BC_000166.JPG,11_13_BC_000167.JPG,11_13_BC_000168.JPG,1,1,BC,Deciduous ,,,,,,,
569,11_13_BC_000169.JPG,11_13_BC_000170.JPG,11_13_BC_000171.JPG,1,1,BC,Deciduous ,,,,,,,
629,11_13_BC_000172.JPG,11_13_BC_000173.JPG,11_13_BC_000174.JPG,1,1,BC,Deciduous ,,,,,,,
630,11_13_BC_000175.JPG,11_13_BC_000176.JPG,11_13_BC_000177.JPG,1,1,BC,Deciduous ,,,,,,,
691,11_13_BC_000178.JPG,11_13_BC_000179.JPG,11_13_BC_000180.JPG,1,1,BC,Deciduous ,,,,,,,
802,11_13_BC_000181.JPG,11_13_BC_000182.JPG,11_13_BC_000183.JPG,1,1,BC,Deciduous ,,,,,,,
892,11_13_BC_000184.JPG,11_13_BC_000185.JPG,11_13_BC_000186.JPG,1,1,BC,Deciduous ,,,,,,,
894,11_13_BC_000187.JPG,11_13_BC_000188.JPG,11_13_BC_000189.JPG,1,1,BC,Deciduous ,,,,,,,
895,11_13_BC_000190.JPG,11_13_BC_000191.JPG,11_13_BC_000192.JPG,1,1,BC,Deciduous ,,,,,,,
896,11_13_BC_000193.JPG,11_13_BC_000194.JPG,11_13_BC_000195.JPG,1,1,BC,Deciduous ,,,,,,,
897,11_13_BC_000196.JPG,11_13_BC_000197.JPG,11_13_BC_000198.JPG,1,1,BC,Deciduous ,,,,,,,
898,11_13_BC_000199.JPG,11_13_BC_000200.JPG,11_13_BC_000201.JPG,1,1,BC,Deciduous ,,,,,,,
899,11_13_BC_000202.JPG,11_13_BC_000203.JPG,11_13_BC_000204.JPG,1,1,BC,Deciduous ,,,,,,,
900,11_13_BC_000205.JPG,11_13_BC_000206.JPG,11_13_BC_000207.JPG,1,1,BC,Deciduous ,,,,,,,
901,11_13_BC_000208.JPG,11_13_BC_000209.JPG,11_13_BC_000210.JPG,1,1,BC,Deciduous ,,,,,,,
902,11_13_BC_000211.JPG,11_13_BC_000212.JPG,11_13_BC_000213.JPG,1,1,BC,Deciduous ,,,,,,,
903,11_13_BC_000214.JPG,11_13_BC_000215.JPG,11_13_BC_000216.JPG,1,1,BC,Deciduous ,,,,,,,
904,11_13_BC_000217.JPG,11_13_BC_000218.JPG,11_13_BC_000219.JPG,1,1,BC,Deciduous ,,,,,,,
905,11_13_BC_000220.JPG,11_13_BC_000221.JPG,11_13_BC_000222.JPG,1,1,BC,Deciduous ,,,,,,,
908,11_13_BC_000223.JPG,11_13_BC_000224.JPG,11_13_BC_000225.JPG,1,1,BC,Deciduous ,,,,,,,
910,11_13_BC_000226.JPG,11_13_BC_000227.JPG,11_13_BC_000228.JPG,1,1,BC,Deciduous ,,,,,,,
911,11_13_BC_000229.JPG,11_13_BC_000230.JPG,11_13_BC_000231.JPG,1,1,BC,Deciduous ,,,,,,,
912,11_13_BC_000232.JPG,11_13_BC_000233.JPG,11_13_BC_000234.JPG,1,1,BC,Deciduous ,,,,,,,
917,11_13_BC_000235.JPG,11_13_BC_000236.JPG,11_13_BC_000237.JPG,1,1,BC,Deciduous ,,,,,,,
918,11_13_BC_000238.JPG,11_13_BC_000239.JPG,11_13_BC_000240.JPG,1,1,BC,Deciduous ,,,,,,,
919,11_13_BC_000241.JPG,11_13_BC_000242.JPG,11_13_BC_000243.JPG,1,1,BC,Deciduous ,,,,,,,
920,11_13_BC_000244.JPG,11_13_BC_000245.JPG,11_13_BC_000246.JPG,1,1,BC,Deciduous ,,,,,,,
921,11_13_BC_000247.JPG,11_13_BC_000248.JPG,11_13_BC_000249.JPG,1,1,BC,Deciduous ,,,,,,,
922,11_13_BC_000250.JPG,11_13_BC_000251.JPG,11_13_BC_000252.JPG,1,1,BC,Deciduous ,,,,,,,
923,11_13_BC_000253.JPG,11_13_BC_000254.JPG,11_13_BC_000255.JPG,1,1,BC,Deciduous ,,,,,,,
924,11_13_BC_000256.JPG,11_13_BC_000257.JPG,11_13_BC_000258.JPG,1,1,BC,Deciduous ,,,,,,,
925,11_13_BC_000259.JPG,11_13_BC_000260.JPG,11_13_BC_000261.JPG,1,1,BC,Deciduous ,,,,,,,
927,11_13_BC_000262.JPG,11_13_BC_000263.JPG,11_13_BC_000264.JPG,1,1,BC,Deciduous ,,,,,,,
928,11_13_BC_000265.JPG,11_13_BC_000266.JPG,11_13_BC_000267.JPG,1,1,BC,Deciduous ,,,,,,,
929,11_13_BC_000268.JPG,11_13_BC_000269.JPG,11_13_BC_000270.JPG,1,1,BC,Deciduous ,,,,,,,
930,11_13_BC_000271.JPG,11_13_BC_000272.JPG,11_13_BC_000273.JPG,1,1,BC,Deciduous ,,,,,,,
931,11_13_BC_000274.JPG,11_13_BC_000275.JPG,11_13_BC_000276.JPG,1,1,BC,Deciduous ,,,,,,,
932,11_13_BC_000277.JPG,11_13_BC_000278.JPG,11_13_BC_000279.JPG,1,1,BC,Deciduous ,,,,,,,
933,11_13_BC_000280.JPG,11_13_BC_000281.JPG,11_13_BC_000282.JPG,1,1,BC,Deciduous ,,,,,,,
934,11_13_BC_000283.JPG,11_13_BC_000284.JPG,11_13_BC_000285.JPG,1,1,BC,Deciduous ,,,,,,,
257,14_22_DON_000001.JPG,14_22_DON_000002.JPG,14_22_DON_000003.JPG,1,1,DON,Deciduous ,,,,,,,
258,14_22_DON_000004.JPG,14_22_DON_000005.JPG,14_22_DON_000006.JPG,1,1,DON,Deciduous ,,,,,,,
273,14_22_DON_000007.JPG,14_22_DON_000008.JPG,14_22_DON_000009.JPG,1,1,DON,Deciduous ,,,,,,,
274,14_22_DON_000010.JPG,14_22_DON_000011.JPG,14_22_DON_000012.JPG,1,1,DON,Deciduous ,,,,,,,
281,14_22_DON_000013.JPG,14_22_DON_000014.JPG,14_22_DON_000015.JPG,1,1,DON,Deciduous ,,,,,,,
310,14_22_DON_000016.JPG,14_22_DON_000017.JPG,14_22_DON_000018.JPG,1,1,DON,Deciduous ,,,,,,,
315,14_22_DON_000019.JPG,14_22_DON_000020.JPG,14_22_DON_000021.JPG,1,1,DON,Deciduous ,,,,,,,
316,14_22_DON_000022.JPG,14_22_DON_000023.JPG,14_22_DON_000024.JPG,1,1,DON,Deciduous ,,,,,,,
328,14_22_DON_000025.JPG,14_22_DON_000026.JPG,14_22_DON_000027.JPG,1,1,DON,Deciduous ,,,,,,,
340,14_22_DON_000028.JPG,14_22_DON_000029.JPG,14_22_DON_000030.JPG,1,1,DON,Deciduous ,,,,,,,
343,14_22_DON_000031.JPG,14_22_DON_000032.JPG,14_22_DON_000033.JPG,1,1,DON,Deciduous ,,,,,,,
345,14_22_DON_000034.JPG,14_22_DON_000035.JPG,14_22_DON_000036.JPG,1,1,DON,Deciduous ,,,,,,,
350,14_22_DON_000037.JPG,14_22_DON_000038.JPG,14_22_DON_000039.JPG,1,1,DON,Deciduous ,,,,,,,
351,14_22_DON_000040.JPG,14_22_DON_000041.JPG,14_22_DON_000042.JPG,1,1,DON,Deciduous ,,,,,,,
353,14_22_DON_000043.JPG,14_22_DON_000044.JPG,14_22_DON_000045.JPG,1,1,DON,Deciduous ,,,,,,,
361,14_22_DON_000046.JPG,14_22_DON_000047.JPG,14_22_DON_000048.JPG,1,1,DON,Deciduous ,,,,,,,
380,14_22_DON_000049.JPG,14_22_DON_000050.JPG,14_22_DON_000051.JPG,1,1,DON,Deciduous ,,,,,,,
382,14_22_DON_000052.JPG,14_22_DON_000053.JPG,14_22_DON_000054.JPG,1,1,DON,Deciduous ,,,,,,,
416,14_22_DON_000055.JPG,14_22_DON_000056.JPG,14_22_DON_000057.JPG,1,1,DON,Deciduous ,,,,,,,
453,14_22_DON_000058.JPG,14_22_DON_000059.JPG,14_22_DON_000060.JPG,1,1,DON,Deciduous ,,,,,,,
457,14_22_DON_000061.JPG,14_22_DON_000062.JPG,14_22_DON_000063.JPG,1,1,DON,Deciduous ,,,,,,,
461,14_22_DON_000064.JPG,14_22_DON_000065.JPG,14_22_DON_000066.JPG,1,1,DON,Deciduous ,,,,,,,
494,14_22_DON_000067.JPG,14_22_DON_000068.JPG,14_22_DON_000069.JPG,1,1,DON,Deciduous ,,,,,,,
505,14_22_DON_000070.JPG,14_22_DON_000071.JPG,14_22_DON_000072.JPG,1,1,DON,Deciduous ,,,,,,,
582,14_22_DON_000073.JPG,14_22_DON_000074.JPG,14_22_DON_000075.JPG,1,1,DON,Deciduous ,,,,,,,
583,14_22_DON_000076.JPG,14_22_DON_000077.JPG,14_22_DON_000078.JPG,1,1,DON,Deciduous ,,,,,,,
619,14_22_DON_000079.JPG,14_22_DON_000080.JPG,14_22_DON_000081.JPG,1,1,DON,Deciduous ,,,,,,,
620,14_22_DON_000082.JPG,14_22_DON_000083.JPG,14_22_DON_000084.JPG,1,1,DON,Deciduous ,,,,,,,
627,14_22_DON_000085.JPG,14_22_DON_000086.JPG,14_22_DON_000087.JPG,1,1,DON,Deciduous ,,,,,,,
638,14_22_DON_000088.JPG,14_22_DON_000089.JPG,14_22_DON_000090.JPG,1,1,DON,Deciduous ,,,,,,,
663,14_22_DON_000091.JPG,14_22_DON_000092.JPG,14_22_DON_000093.JPG,1,1,DON,Deciduous ,,,,,,,
682,14_22_DON_000094.JPG,14_22_DON_000095.JPG,14_22_DON_000096.JPG,1,1,DON,Deciduous ,,,,,,,
683,14_22_DON_000097.JPG,14_22_DON_000098.JPG,14_22_DON_000099.JPG,1,1,DON,Deciduous ,,,,,,,
764,14_22_DON_000100.JPG,14_22_DON_000101.JPG,14_22_DON_000102.JPG,1,1,DON,Deciduous ,,,,,,,
814,14_22_DON_000103.JPG,14_22_DON_000104.JPG,14_22_DON_000105.JPG,1,1,DON,Deciduous ,,,,,,,
815,14_22_DON_000106.JPG,14_22_DON_000107.JPG,14_22_DON_000108.JPG,1,1,DON,Deciduous ,,,,,,,
833,14_22_DON_000109.JPG,14_22_DON_000110.JPG,14_22_DON_000111.JPG,1,1,DON,Deciduous ,,,,,,,
834,14_22_DON_000112.JPG,14_22_DON_000113.JPG,14_22_DON_000114.JPG,1,1,DON,Deciduous ,,,,,,,
860,14_22_DON_000115.JPG,14_22_DON_000116.JPG,14_22_DON_000117.JPG,1,1,DON,Deciduous ,,,,,,,
907,14_22_DON_000118.JPG,14_22_DON_000119.JPG,14_22_DON_000120.JPG,1,1,DON,Deciduous ,,,,,,,
916,14_22_DON_000121.JPG,14_22_DON_000122.JPG,14_22_DON_000123.JPG,1,1,DON,Deciduous ,,,,,,,
151,15_14_DEG_000002.JPG,15_14_DEG_000003.JPG,15_14_DEG_000001.JPG,1,1,DEG,Pine ,,,,,,,
191,15_14_DEG_000004.JPG,15_14_DEG_000005.JPG,15_14_DEG_000006.JPG,1,1,DEG,Pine ,,,,,,,
192,15_14_DEG_000007.JPG,15_14_DEG_000008.JPG,15_14_DEG_000009.JPG,1,1,DEG,Pine ,,,,,,,
201,15_14_DEG_000010.JPG,15_14_DEG_000011.JPG,15_14_DEG_000012.JPG,1,1,DEG,Pine ,,,,,,,
202,15_14_DEG_000013.JPG,15_14_DEG_000014.JPG,15_14_DEG_000015.JPG,1,1,DEG,Pine ,,,,,,,
227,15_14_DEG_000016.JPG,15_14_DEG_000017.JPG,15_14_DEG_000018.JPG,1,1,DEG,Pine ,,,,,,,
230,15_14_DEG_000019.JPG,15_14_DEG_000020.JPG,15_14_DEG_000021.JPG,1,1,DEG,Pine ,,,,,,,
234,15_14_DEG_000022.JPG,15_14_DEG_000023.JPG,15_14_DEG_000024.JPG,1,1,DEG,Pine ,,,,,,,
248,15_14_DEG_000025.JPG,15_14_DEG_000026.JPG,15_14_DEG_000027.JPG,1,1,DEG,Pine ,,,,,,,
266,15_14_DEG_000028.JPG,15_14_DEG_000029.JPG,15_14_DEG_000030.JPG,1,1,DEG,Pine ,,,,,,,
270,15_14_DEG_000031.JPG,15_14_DEG_000032.JPG,15_14_DEG_000033.JPG,1,1,DEG,Pine ,,,,,,,
292,15_14_DEG_000034.JPG,15_14_DEG_000035.JPG,15_14_DEG_000036.JPG,1,1,DEG,Pine ,,,,,,,
298,15_14_DEG_000037.JPG,15_14_DEG_000038.JPG,15_14_DEG_000039.JPG,1,1,DEG,Pine ,,,,,,,
300,15_14_DEG_000040.JPG,15_14_DEG_000041.JPG,15_14_DEG_000042.JPG,1,1,DEG,Pine ,,,,,,,
301,15_14_DEG_000043.JPG,15_14_DEG_000044.JPG,NA,1,1,DEG,Pine ,,,,,,,
325,15_14_DEG_000046.JPG,15_14_DEG_000047.JPG,15_14_DEG_000048.JPG,1,1,DEG,Pine ,,,,,,,
326,15_14_DEG_000049.JPG,15_14_DEG_000050.JPG,15_14_DEG_000051.JPG,1,1,DEG,Pine ,,,,,,,
327,15_14_DEG_000052.JPG,15_14_DEG_000053.JPG,15_14_DEG_000054.JPG,1,1,DEG,Pine ,,,,,,,
344,15_14_DEG_000055.JPG,15_14_DEG_000056.JPG,15_14_DEG_000057.JPG,1,1,DEG,Pine ,,,,,,,
346,15_14_DEG_000058.JPG,15_14_DEG_000059.JPG,15_14_DEG_000060.JPG,1,1,DEG,Pine ,,,,,,,
347,15_14_DEG_000061.JPG,15_14_DEG_000062.JPG,15_14_DEG_000063.JPG,1,1,DEG,Pine ,,,,,,,
348,15_14_DEG_000064.JPG,15_14_DEG_000065.JPG,15_14_DEG_000066.JPG,1,1,DEG,Pine ,,,,,,,
349,15_14_DEG_000067.JPG,15_14_DEG_000068.JPG,15_14_DEG_000069.JPG,1,1,DEG,Pine ,,,,,,,
352,15_14_DEG_000070.JPG,15_14_DEG_000071.JPG,15_14_DEG_000072.JPG,1,1,DEG,Pine ,,,,,,,
354,15_14_DEG_000073.JPG,15_14_DEG_000074.JPG,15_14_DEG_000075.JPG,1,1,DEG,Pine ,,,,,,,
355,15_14_DEG_000076.JPG,15_14_DEG_000077.JPG,15_14_DEG_000078.JPG,1,1,DEG,Pine ,,,,,,,
357,15_14_DEG_000079.JPG,15_14_DEG_000080.JPG,15_14_DEG_000081.JPG,1,1,DEG,Pine ,,,,,,,
358,15_14_DEG_000082.JPG,15_14_DEG_000083.JPG,15_14_DEG_000084.JPG,1,1,DEG,Pine ,,,,,,,
360,15_14_DEG_000085.JPG,15_14_DEG_000086.JPG,15_14_DEG_000087.JPG,1,1,DEG,Pine ,,,,,,,
364,15_14_DEG_000088.JPG,15_14_DEG_000089.JPG,15_14_DEG_000090.JPG,1,1,DEG,Pine ,,,,,,,
365,15_14_DEG_000091.JPG,15_14_DEG_000092.JPG,15_14_DEG_000093.JPG,1,1,DEG,Pine ,,,,,,,
371,15_14_DEG_000094.JPG,15_14_DEG_000095.JPG,15_14_DEG_000096.JPG,1,1,DEG,Pine ,,,,,,,
391,15_14_DEG_000097.JPG,15_14_DEG_000098.JPG,15_14_DEG_000099.JPG,1,1,DEG,Pine ,,,,,,,
392,15_14_DEG_000100.JPG,15_14_DEG_000101.JPG,15_14_DEG_000102.JPG,1,1,DEG,Pine ,,,,,,,
399,15_14_DEG_000103.JPG,15_14_DEG_000104.JPG,15_14_DEG_000105.JPG,1,1,DEG,Pine ,,,,,,,
411,15_14_DEG_000106.JPG,15_14_DEG_000107.JPG,NA,1,1,DEG,Pine ,,,,,,,
428,15_14_DEG_000109.JPG,15_14_DEG_000110.JPG,15_14_DEG_000111.JPG,1,1,DEG,Pine ,,,,,,,
429,15_14_DEG_000112.JPG,15_14_DEG_000113.JPG,15_14_DEG_000114.JPG,1,1,DEG,Pine ,,,,,,,
442,15_14_DEG_000118.JPG,15_14_DEG_000119.JPG,15_14_DEG_000120.JPG,1,1,DEG,Pine ,,,,,,,
443,15_14_DEG_000121.JPG,15_14_DEG_000122.JPG,15_14_DEG_000123.JPG,1,1,DEG,Pine ,,,,,,,
447,15_14_DEG_000124.JPG,15_14_DEG_000125.JPG,15_14_DEG_000126.JPG,1,1,DEG,Pine ,,,,,,,
450,15_14_DEG_000127.JPG,15_14_DEG_000128.JPG,15_14_DEG_000129.JPG,1,1,DEG,Pine ,,,,,,,
473,15_14_DEG_000130.JPG,15_14_DEG_000131.JPG,15_14_DEG_000132.JPG,1,1,DEG,Pine ,,,,,,,
555,15_14_DEG_000133.JPG,15_14_DEG_000134.JPG,15_14_DEG_000135.JPG,1,1,DEG,Pine ,,,,,,,
610,15_14_DEG_000139.JPG,15_14_DEG_000140.JPG,15_14_DEG_000141.JPG,1,1,DEG,Pine ,,,,,,,
646,15_14_DEG_000142.JPG,15_14_DEG_000143.JPG,15_14_DEG_000144.JPG,1,1,DEG,Pine ,,,,,,,
647,15_14_DEG_000145.JPG,15_14_DEG_000146.JPG,15_14_DEG_000147.JPG,1,1,DEG,Pine ,,,,,,,
701,15_14_DEG_000148.JPG,15_14_DEG_000149.JPG,15_14_DEG_000150.JPG,1,1,DEG,Pine ,,,,,,,
703,15_14_DEG_000151.JPG,15_14_DEG_000152.JPG,15_14_DEG_000153.JPG,1,1,DEG,Pine ,,,,,,,
704,15_14_DEG_000154.JPG,15_14_DEG_000155.JPG,15_14_DEG_000156.JPG,1,1,DEG,Pine ,,,,,,,
746,15_14_DEG_000157.JPG,15_14_DEG_000158.JPG,15_14_DEG_000159.JPG,1,1,DEG,Pine ,,,,,,,
778,15_14_DEG_000160.JPG,15_14_DEG_000161.JPG,15_14_DEG_000162.JPG,1,1,DEG,Pine ,,,,,,,
786,15_14_DEG_000163.JPG,15_14_DEG_000164.JPG,15_14_DEG_000165.JPG,1,1,DEG,Pine ,,,,,,,
787,15_14_DEG_000166.JPG,15_14_DEG_000167.JPG,15_14_DEG_000168.JPG,1,1,DEG,Pine ,,,,,,,
789,15_14_DEG_000169.JPG,15_14_DEG_000170.JPG,15_14_DEG_000171.JPG,1,1,DEG,Pine ,,,,,,,
807,15_14_DEG_000172.JPG,15_14_DEG_000173.JPG,15_14_DEG_000174.JPG,1,1,DEG,Pine ,,,,,,,
808,15_14_DEG_000175.JPG,15_14_DEG_000176.JPG,15_14_DEG_000177.JPG,1,1,DEG,Pine ,,,,,,,
809,15_14_DEG_000178.JPG,15_14_DEG_000179.JPG,15_14_DEG_000180.JPG,1,1,DEG,Pine ,,,,,,,
813,15_14_DEG_000181.JPG,15_14_DEG_000182.JPG,15_14_DEG_000183.JPG,1,1,DEG,Pine ,,,,,,,
816,15_14_DEG_000184.JPG,15_14_DEG_000185.JPG,15_14_DEG_000186.JPG,1,1,DEG,Pine ,,,,,,,
817,15_14_DEG_000187.JPG,15_14_DEG_000188.JPG,15_14_DEG_000189.JPG,1,1,DEG,Pine ,,,,,,,
819,15_14_DEG_000190.JPG,15_14_DEG_000191.JPG,15_14_DEG_000192.JPG,1,1,DEG,Pine ,,,,,,,
820,15_14_DEG_000193.JPG,15_14_DEG_000194.JPG,15_14_DEG_000195.JPG,1,1,DEG,Pine ,,,,,,,
821,15_14_DEG_000196.JPG,15_14_DEG_000197.JPG,15_14_DEG_000198.JPG,1,1,DEG,Pine ,,,,,,,
822,15_14_DEG_000199.JPG,15_14_DEG_000200.JPG,15_14_DEG_000201.JPG,1,1,DEG,Pine ,,,,,,,
823,15_14_DEG_000202.JPG,15_14_DEG_000203.JPG,15_14_DEG_000204.JPG,1,1,DEG,Pine ,,,,,,,
824,15_14_DEG_000205.JPG,15_14_DEG_000206.JPG,15_14_DEG_000207.JPG,1,1,DEG,Pine ,,,,,,,
825,15_14_DEG_000208.JPG,15_14_DEG_000209.JPG,15_14_DEG_000210.JPG,1,1,DEG,Pine ,,,,,,,
826,15_14_DEG_000211.JPG,15_14_DEG_000212.JPG,15_14_DEG_000213.JPG,1,1,DEG,Pine ,,,,,,,
827,15_14_DEG_000214.JPG,15_14_DEG_000215.JPG,15_14_DEG_000216.JPG,1,1,DEG,Pine ,,,,,,,
828,15_14_DEG_000217.JPG,15_14_DEG_000218.JPG,15_14_DEG_000219.JPG,1,1,DEG,Pine ,,,,,,,
829,15_14_DEG_000220.JPG,15_14_DEG_000221.JPG,15_14_DEG_000222.JPG,1,1,DEG,Pine ,,,,,,,
830,15_14_DEG_000223.JPG,15_14_DEG_000224.JPG,15_14_DEG_000225.JPG,1,1,DEG,Pine ,,,,,,,
831,15_14_DEG_000226.JPG,15_14_DEG_000227.JPG,15_14_DEG_000228.JPG,1,1,DEG,Pine ,,,,,,,
835,15_14_DEG_000229.JPG,15_14_DEG_000230.JPG,15_14_DEG_000231.JPG,1,1,DEG,Pine ,,,,,,,
836,15_14_DEG_000232.JPG,15_14_DEG_000233.JPG,15_14_DEG_000234.JPG,1,1,DEG,Pine ,,,,,,,
838,15_14_DEG_000235.JPG,15_14_DEG_000236.JPG,15_14_DEG_000237.JPG,1,1,DEG,Pine ,,,,,,,
839,15_14_DEG_000238.JPG,15_14_DEG_000239.JPG,15_14_DEG_000240.JPG,1,1,DEG,Pine ,,,,,,,
840,15_14_DEG_000241.JPG,15_14_DEG_000242.JPG,15_14_DEG_000243.JPG,1,1,DEG,Pine ,,,,,,,
35,17_24_BC_000001.JPG,17_24_BC_000002.JPG,17_24_BC_000003.JPG,1,1,BC,Deciduous ,,,,,,,
37,17_24_BC_000004.JPG,17_24_BC_000005.JPG,17_24_BC_000006.JPG,1,1,BC,Deciduous ,,,,,,,
38,17_24_BC_000007.JPG,17_24_BC_000008.JPG,17_24_BC_000009.JPG,1,1,BC,Deciduous ,,,,,,,
39,17_24_BC_000010.JPG,17_24_BC_000011.JPG,17_24_BC_000012.JPG,1,1,BC,Deciduous ,,,,,,,
42,17_24_BC_000013.JPG,17_24_BC_000014.JPG,17_24_BC_000015.JPG,1,1,BC,Deciduous ,,,,,,,
43,17_24_BC_000016.JPG,17_24_BC_000017.JPG,17_24_BC_000018.JPG,1,1,BC,Deciduous ,,,,,,,
45,17_24_BC_000019.JPG,17_24_BC_000020.JPG,17_24_BC_000021.JPG,1,1,BC,Deciduous ,,,,,,,
46,17_24_BC_000022.JPG,17_24_BC_000023.JPG,17_24_BC_000024.JPG,1,1,BC,Deciduous ,,,,,,,
50,17_24_BC_000025.JPG,17_24_BC_000026.JPG,17_24_BC_000027.JPG,1,1,BC,Deciduous ,,,,,,,
51,17_24_BC_000028.JPG,17_24_BC_000029.JPG,17_24_BC_000030.JPG,1,1,BC,Deciduous ,,,,,,,
52,17_24_BC_000031.JPG,17_24_BC_000032.JPG,17_24_BC_000033.JPG,1,1,BC,Deciduous ,,,,,,,
53,17_24_BC_000034.JPG,17_24_BC_000035.JPG,17_24_BC_000036.JPG,1,1,BC,Deciduous ,,,,,,,
63,17_24_BC_000037.JPG,17_24_BC_000038.JPG,17_24_BC_000039.JPG,1,1,BC,Deciduous ,,,,,,,
65,17_24_BC_000040.JPG,17_24_BC_000041.JPG,17_24_BC_000042.JPG,1,1,BC,Deciduous ,,,,,,,
66,17_24_BC_000043.JPG,17_24_BC_000044.JPG,17_24_BC_000045.JPG,1,1,BC,Deciduous ,,,,,,,
69,17_24_BC_000046.JPG,17_24_BC_000047.JPG,17_24_BC_000048.JPG,1,1,BC,Deciduous ,,,,,,,
75,17_24_BC_000049.JPG,17_24_BC_000050.JPG,17_24_BC_000051.JPG,1,1,BC,Deciduous ,,,,,,,
76,17_24_BC_000052.JPG,17_24_BC_000053.JPG,17_24_BC_000054.JPG,1,1,BC,Deciduous ,,,,,,,
78,17_24_BC_000055.JPG,17_24_BC_000056.JPG,17_24_BC_000057.JPG,1,1,BC,Deciduous ,,,,,,,
82,17_24_BC_000058.JPG,17_24_BC_000059.JPG,17_24_BC_000060.JPG,1,1,BC,Deciduous ,,,,,,,
83,17_24_BC_000061.JPG,17_24_BC_000062.JPG,17_24_BC_000063.JPG,1,1,BC,Deciduous ,,,,,,,
84,17_24_BC_000064.JPG,17_24_BC_000065.JPG,17_24_BC_000066.JPG,1,1,BC,Deciduous ,,,,,,,
97,17_24_BC_000067.JPG,17_24_BC_000068.JPG,17_24_BC_000069.JPG,1,1,BC,Deciduous ,,,,,,,
108,17_24_BC_000070.JPG,17_24_BC_000071.JPG,17_24_BC_000072.JPG,1,1,BC,Deciduous ,,,,,,,
120,17_24_BC_000073.JPG,17_24_BC_000074.JPG,17_24_BC_000075.JPG,1,1,BC,Deciduous ,,,,,,,
126,17_24_BC_000076.JPG,17_24_BC_000077.JPG,17_24_BC_000078.JPG,1,1,BC,Deciduous ,,,,,,,
127,17_24_BC_000079.JPG,17_24_BC_000080.JPG,17_24_BC_000081.JPG,1,1,BC,Deciduous ,,,,,,,
128,17_24_BC_000082.JPG,17_24_BC_000083.JPG,17_24_BC_000084.JPG,1,1,BC,Deciduous ,,,,,,,
129,17_24_BC_000085.JPG,17_24_BC_000086.JPG,17_24_BC_000087.JPG,1,1,BC,Deciduous ,,,,,,,
159,17_24_BC_000088.JPG,17_24_BC_000089.JPG,17_24_BC_000090.JPG,1,1,BC,Deciduous ,,,,,,,
174,17_24_BC_000091.JPG,17_24_BC_000092.JPG,17_24_BC_000093.JPG,1,1,BC,Deciduous ,,,,,,,
176,17_24_BC_000094.JPG,17_24_BC_000095.JPG,17_24_BC_000096.JPG,1,1,BC,Deciduous ,,,,,,,
177,17_24_BC_000097.JPG,17_24_BC_000098.JPG,17_24_BC_000099.JPG,1,1,BC,Deciduous ,,,,,,,
187,17_24_BC_000100.JPG,17_24_BC_000101.JPG,17_24_BC_000102.JPG,1,1,BC,Deciduous ,,,,,,,
208,17_24_BC_000103.JPG,17_24_BC_000104.JPG,17_24_BC_000105.JPG,1,1,BC,Deciduous ,,,,,,,
211,17_24_BC_000106.JPG,17_24_BC_000107.JPG,17_24_BC_000108.JPG,1,1,BC,Deciduous ,,,,,,,
212,17_24_BC_000109.JPG,17_24_BC_000110.JPG,17_24_BC_000111.JPG,1,1,BC,Deciduous ,,,,,,,
216,17_24_BC_000112.JPG,17_24_BC_000113.JPG,17_24_BC_000114.JPG,1,1,BC,Deciduous ,,,,,,,
217,17_24_BC_000115.JPG,17_24_BC_000116.JPG,17_24_BC_000117.JPG,1,1,BC,Deciduous ,,,,,,,
218,17_24_BC_000118.JPG,17_24_BC_000119.JPG,17_24_BC_000120.JPG,1,1,BC,Deciduous ,,,,,,,
226,17_24_BC_000121.JPG,17_24_BC_000122.JPG,17_24_BC_000123.JPG,1,1,BC,Deciduous ,,,,,,,
229,17_24_BC_000124.JPG,17_24_BC_000125.JPG,17_24_BC_000126.JPG,1,1,BC,Deciduous ,,,,,,,
235,17_24_BC_000127.JPG,17_24_BC_000128.JPG,17_24_BC_000129.JPG,1,1,BC,Deciduous ,,,,,,,
255,17_24_BC_000130.JPG,17_24_BC_000131.JPG,17_24_BC_000132.JPG,1,1,BC,Deciduous ,,,,,,,
256,17_24_BC_000133.JPG,17_24_BC_000134.JPG,17_24_BC_000135.JPG,1,1,BC,Deciduous ,,,,,,,
262,17_24_BC_000136.JPG,17_24_BC_000137.JPG,17_24_BC_000138.JPG,1,1,BC,Deciduous ,,,,,,,
293,17_24_BC_000139.JPG,17_24_BC_000140.JPG,17_24_BC_000141.JPG,1,1,BC,Deciduous ,,,,,,,
294,17_24_BC_000142.JPG,17_24_BC_000143.JPG,17_24_BC_000144.JPG,1,1,BC,Deciduous ,,,,,,,
295,17_24_BC_000145.JPG,17_24_BC_000146.JPG,17_24_BC_000147.JPG,1,1,BC,Deciduous ,,,,,,,
307,17_24_BC_000148.JPG,17_24_BC_000149.JPG,17_24_BC_000150.JPG,1,1,BC,Deciduous ,,,,,,,
308,17_24_BC_000151.JPG,17_24_BC_000152.JPG,17_24_BC_000153.JPG,1,1,BC,Deciduous ,,,,,,,
309,17_24_BC_000154.JPG,17_24_BC_000155.JPG,17_24_BC_000156.JPG,1,1,BC,Deciduous ,,,,,,,
324,17_24_BC_000157.JPG,17_24_BC_000158.JPG,17_24_BC_000159.JPG,1,1,BC,Deciduous ,,,,,,,
387,17_24_BC_000160.JPG,17_24_BC_000161.JPG,17_24_BC_000162.JPG,1,1,BC,Deciduous ,,,,,,,
388,17_24_BC_000163.JPG,17_24_BC_000164.JPG,17_24_BC_000165.JPG,1,1,BC,Deciduous ,,,,,,,
404,17_24_BC_000166.JPG,17_24_BC_000167.JPG,17_24_BC_000168.JPG,1,1,BC,Deciduous ,,,,,,,
405,17_24_BC_000169.JPG,17_24_BC_000170.JPG,17_24_BC_000171.JPG,1,1,BC,Deciduous ,,,,,,,
406,17_24_BC_000172.JPG,17_24_BC_000173.JPG,17_24_BC_000174.JPG,1,1,BC,Deciduous ,,,,,,,
427,17_24_BC_000175.JPG,17_24_BC_000176.JPG,17_24_BC_000177.JPG,1,1,BC,Deciduous ,,,,,,,
432,17_24_BC_000178.JPG,17_24_BC_000179.JPG,17_24_BC_000180.JPG,1,1,BC,Deciduous ,,,,,,,
444,17_24_BC_000181.JPG,17_24_BC_000182.JPG,17_24_BC_000183.JPG,1,1,BC,Deciduous ,,,,,,,
449,17_24_BC_000184.JPG,17_24_BC_000185.JPG,17_24_BC_000186.JPG,1,1,BC,Deciduous ,,,,,,,
472,17_24_BC_000187.JPG,17_24_BC_000188.JPG,17_24_BC_000189.JPG,1,1,BC,Deciduous ,,,,,,,
483,17_24_BC_000190.JPG,17_24_BC_000191.JPG,17_24_BC_000192.JPG,1,1,BC,Deciduous ,,,,,,,
492,17_24_BC_000193.JPG,17_24_BC_000194.JPG,17_24_BC_000195.JPG,1,1,BC,Deciduous ,,,,,,,
493,17_24_BC_000196.JPG,17_24_BC_000197.JPG,17_24_BC_000198.JPG,1,1,BC,Deciduous ,,,,,,,
517,17_24_BC_000199.JPG,17_24_BC_000200.JPG,17_24_BC_000201.JPG,1,1,BC,Deciduous ,,,,,,,
518,17_24_BC_000202.JPG,17_24_BC_000203.JPG,17_24_BC_000204.JPG,1,1,BC,Deciduous ,,,,,,,
519,17_24_BC_000205.JPG,17_24_BC_000206.JPG,17_24_BC_000207.JPG,1,1,BC,Deciduous ,,,,,,,
527,17_24_BC_000208.JPG,17_24_BC_000209.JPG,17_24_BC_000210.JPG,1,1,BC,Deciduous ,,,,,,,
533,17_24_BC_000211.JPG,17_24_BC_000212.JPG,17_24_BC_000213.JPG,1,1,BC,Deciduous ,,,,,,,
537,17_24_BC_000214.JPG,17_24_BC_000215.JPG,17_24_BC_000216.JPG,1,1,BC,Deciduous ,,,,,,,
552,17_24_BC_000217.JPG,17_24_BC_000218.JPG,17_24_BC_000219.JPG,1,1,BC,Deciduous ,,,,,,,
553,17_24_BC_000220.JPG,17_24_BC_000221.JPG,17_24_BC_000222.JPG,1,1,BC,Deciduous ,,,,,,,
556,17_24_BC_000223.JPG,17_24_BC_000224.JPG,17_24_BC_000225.JPG,1,1,BC,Deciduous ,,,,,,,
565,17_24_BC_000226.JPG,17_24_BC_000227.JPG,17_24_BC_000228.JPG,1,1,BC,Deciduous ,,,,,,,
566,17_24_BC_000229.JPG,17_24_BC_000230.JPG,17_24_BC_000231.JPG,1,1,BC,Deciduous ,,,,,,,
567,17_24_BC_000232.JPG,17_24_BC_000233.JPG,17_24_BC_000234.JPG,1,1,BC,Deciduous ,,,,,,,
641,17_24_BC_000235.JPG,17_24_BC_000236.JPG,17_24_BC_000237.JPG,1,1,BC,Deciduous ,,,,,,,
656,17_24_BC_000238.JPG,17_24_BC_000239.JPG,17_24_BC_000240.JPG,1,1,BC,Deciduous ,,,,,,,
685,17_24_BC_000241.JPG,17_24_BC_000242.JPG,17_24_BC_000243.JPG,1,1,BC,Deciduous ,,,,,,,
775,17_24_BC_000244.JPG,17_24_BC_000245.JPG,17_24_BC_000246.JPG,1,1,BC,Deciduous ,,,,,,,
832,17_24_BC_000247.JPG,17_24_BC_000248.JPG,17_24_BC_000249.JPG,1,1,BC,Deciduous ,,,,,,,
886,17_24_BC_000250.JPG,17_24_BC_000251.JPG,17_24_BC_000252.JPG,1,1,BC,Deciduous ,,,,,,,
887,17_24_BC_000253.JPG,17_24_BC_000254.JPG,17_24_BC_000255.JPG,1,1,BC,Deciduous ,,,,,,,
888,17_24_BC_000256.JPG,17_24_BC_000257.JPG,17_24_BC_000258.JPG,1,1,BC,Deciduous ,,,,,,,
889,17_24_BC_000259.JPG,17_24_BC_000260.JPG,17_24_BC_000261.JPG,1,1,BC,Deciduous ,,,,,,,
890,17_24_BC_000262.JPG,17_24_BC_000263.JPG,17_24_BC_000264.JPG,1,1,BC,Deciduous ,,,,,,,
891,17_24_BC_000265.JPG,17_24_BC_000266.JPG,17_24_BC_000267.JPG,1,1,BC,Deciduous ,,,,,,,
893,17_24_BC_000268.JPG,17_24_BC_000269.JPG,17_24_BC_000270.JPG,1,1,BC,Deciduous ,,,,,,,
926,17_24_BC_000271.JPG,17_24_BC_000272.JPG,17_24_BC_000273.JPG,1,1,BC,Deciduous ,,,,,,,
223,18_16_WHIP_000001.JPG,18_16_WHIP_000002.JPG,18_16_WHIP_000003.JPG,1,1,WHIP,Pine ,,,,,,,
265,18_16_WHIP_000004.JPG,18_16_WHIP_000005.JPG,18_16_WHIP_000006.JPG,1,1,WHIP,Pine ,,,,,,,
277,18_16_WHIP_000007.JPG,18_16_WHIP_000008.JPG,18_16_WHIP_000009.JPG,1,1,WHIP,Pine ,,,,,,,
279,18_16_WHIP_000010.JPG,18_16_WHIP_000011.JPG,18_16_WHIP_000012.JPG,1,1,WHIP,Pine ,,,,,,,
280,18_16_WHIP_000013.JPG,18_16_WHIP_000014.JPG,18_16_WHIP_000015.JPG,1,1,WHIP,Pine ,,,,,,,
369,18_16_WHIP_000016.JPG,18_16_WHIP_000017.JPG,18_16_WHIP_000018.JPG,1,1,WHIP,Pine ,,,,,,,
370,18_16_WHIP_000019.JPG,18_16_WHIP_000020.JPG,18_16_WHIP_000021.JPG,1,1,WHIP,Pine ,,,,,,,
408,18_16_WHIP_000022.JPG,18_16_WHIP_000023.JPG,18_16_WHIP_000024.JPG,1,1,WHIP,Pine ,,,,,,,
434,18_16_WHIP_000025.JPG,18_16_WHIP_000026.JPG,18_16_WHIP_000027.JPG,1,1,WHIP,Pine ,,,,,,,
451,18_16_WHIP_000028.JPG,18_16_WHIP_000029.JPG,18_16_WHIP_000030.JPG,1,1,WHIP,Pine ,,,,,,,
459,18_16_WHIP_000031.JPG,18_16_WHIP_000032.JPG,18_16_WHIP_000033.JPG,1,1,WHIP,Pine ,,,,,,,
460,18_16_WHIP_000034.JPG,18_16_WHIP_000035.JPG,18_16_WHIP_000036.JPG,1,1,WHIP,Pine ,,,,,,,
481,18_16_WHIP_000037.JPG,18_16_WHIP_000038.JPG,18_16_WHIP_000039.JPG,1,1,WHIP,Pine ,,,,,,,
487,18_16_WHIP_000040.JPG,18_16_WHIP_000041.JPG,18_16_WHIP_000042.JPG,1,1,WHIP,Pine ,,,,,,,
523,18_16_WHIP_000043.JPG,18_16_WHIP_000044.JPG,18_16_WHIP_000045.JPG,1,1,WHIP,Pine ,,,,,,,
544,18_16_WHIP_000046.JPG,18_16_WHIP_000047.JPG,18_16_WHIP_000048.JPG,1,1,WHIP,Pine ,,,,,,,
545,18_16_WHIP_000049.JPG,18_16_WHIP_000050.JPG,18_16_WHIP_000051.JPG,1,1,WHIP,Pine ,,,,,,,
546,18_16_WHIP_000052.JPG,18_16_WHIP_000053.JPG,18_16_WHIP_000054.JPG,1,1,WHIP,Pine ,,,,,,,
578,18_16_WHIP_000055.JPG,18_16_WHIP_000056.JPG,18_16_WHIP_000057.JPG,1,1,WHIP,Pine ,,,,,,,
596,18_16_WHIP_000058.JPG,18_16_WHIP_000059.JPG,18_16_WHIP_000060.JPG,1,1,WHIP,Pine ,,,,,,,
597,18_16_WHIP_000061.JPG,18_16_WHIP_000062.JPG,18_16_WHIP_000063.JPG,1,1,WHIP,Pine ,,,,,,,
741,18_16_WHIP_000064.JPG,18_16_WHIP_000065.JPG,18_16_WHIP_000066.JPG,1,1,WHIP,Pine ,,,,,,,
605,21_21_DON__0027.JPG,21_21_DON_0028.JPG,21_21_DON_0029.JPG,1,1,DON,Deciduous ,,,,,,,
98,21_21_DON_0001.JPG,21_21_DON_0002.JPG,NA,1,1,,Deciduous ,,,,,,,
138,21_21_DON_0003.JPG,21_21_DON_0004.JPG,21_21_DON_0005.JPG,1,1,,Deciduous ,,,,,,,
186,21_21_DON_0006.JPG,21_21_DON_0007.JPG,21_21_DON_0008.JPG,1,1,,Deciduous ,,,,,,,
356,21_21_DON_0009.JPG,21_21_DON_0010.JPG,21_21_DON_0011.JPG,1,1,,Deciduous ,,,,,,,
373,21_21_DON_0012.JPG,21_21_DON_0013.JPG,21_21_DON_0014.JPG,1,1,,Deciduous ,,,,,,,
374,21_21_DON_0015.JPG,21_21_DON_0016.JPG,21_21_DON_0017.JPG,1,1,,Deciduous ,,,,,,,
446,21_21_DON_0018.JPG,21_21_DON_0019.JPG,21_21_DON_0020.JPG,1,1,,Deciduous ,,,,,,,
512,21_21_DON_0021.JPG,21_21_DON_0022.JPG,21_21_DON_0023.JPG,1,1,,Deciduous ,,,,,,,
599,21_21_DON_0024.JPG,21_21_DON_0025.JPG,21_21_DON_0026.JPG,1,1,,Deciduous ,,,,,,,
674,21_21_DON_0030.JPG,21_21_DON_0031.JPG,21_21_DON_0032.JPG,1,1,,Deciduous ,,,,,,,
716,21_21_DON_0033.JPG,21_21_DON_0034.JPG,21_21_DON_0035.JPG,1,1,,Deciduous ,,,,,,,
749,21_21_DON_0036.JPG,21_21_DON_0037.JPG,21_21_DON_0038.JPG,1,1,,Deciduous ,,,,,,,
750,21_21_DON_0039.JPG,21_21_DON_0040.JPG,21_21_DON_0041.JPG,1,1,,Deciduous ,,,,,,,
801,21_21_DON_0042.JPG,21_21_DON_0043.JPG,21_21_DON_0044.JPG,1,1,,Deciduous ,,,,,,,
841,21_21_DON_0045.JPG,21_21_DON_0046.JPG,21_21_DON_0047.JPG,1,1,,Deciduous ,,,,,,,
842,21_21_DON_0048.JPG,21_21_DON_0049.JPG,21_21_DON_0050.JPG,1,1,,Deciduous ,,,,,,,
843,21_21_DON_0051.JPG,21_21_DON_0052.JPG,21_21_DON_0053.JPG,1,1,,Deciduous ,,,,,,,
844,21_21_DON_0054.JPG,21_21_DON_0055.JPG,21_21_DON_0056.JPG,1,1,,Deciduous ,,,,,,,
845,21_21_DON_0057.JPG,21_21_DON_0058.JPG,21_21_DON_0059.JPG,1,1,,Deciduous ,,,,,,,
846,21_21_DON_0060.JPG,21_21_DON_0061.JPG,21_21_DON_0062.JPG,1,1,,Deciduous ,,,,,,,
847,21_21_DON_0063.JPG,21_21_DON_0064.JPG,21_21_DON_0065.JPG,1,1,,Deciduous ,,,,,,,
848,21_21_DON_0066.JPG,21_21_DON_0067.JPG,21_21_DON_0068.JPG,1,1,,Deciduous ,,,,,,,
849,21_21_DON_0069.JPG,21_21_DON_0070.JPG,21_21_DON_0071.JPG,1,1,,Deciduous ,,,,,,,
850,21_21_DON_0072.JPG,21_21_DON_0073.JPG,21_21_DON_0074.JPG,1,1,,Deciduous ,,,,,,,
851,21_21_DON_0075.JPG,21_21_DON_0076.JPG,21_21_DON_0077.JPG,1,1,,Deciduous ,,,,,,,
852,21_21_DON_0078.JPG,21_21_DON_0079.JPG,21_21_DON_0080.JPG,1,1,,Deciduous ,,,,,,,
853,21_21_DON_0081.JPG,21_21_DON_0082.JPG,21_21_DON_0083.JPG,1,1,,Deciduous ,,,,,,,
854,21_21_DON_0084.JPG,21_21_DON_0085.JPG,21_21_DON_0086.JPG,1,1,,Deciduous ,,,,,,,
855,21_21_DON_0087.JPG,21_21_DON_0088.JPG,21_21_DON_0089.JPG,1,1,,Deciduous ,,,,,,,
856,21_21_DON_0090.JPG,21_21_DON_0091.JPG,21_21_DON_0092.JPG,1,1,,Deciduous ,,,,,,,
857,21_21_DON_0093.JPG,21_21_DON_0094.JPG,21_21_DON_0095.JPG,1,1,,Deciduous ,,,,,,,
858,21_21_DON_0096.JPG,21_21_DON_0097.JPG,21_21_DON_0098.JPG,1,1,,Deciduous ,,,,,,,
859,21_21_DON_0099.JPG,21_21_DON_0100.JPG,21_21_DON_0101.JPG,1,1,,Deciduous ,,,,,,,
861,21_21_DON_0102.JPG,21_21_DON_0103.JPG,21_21_DON_0104.JPG,1,1,,Deciduous ,,,,,,,
862,21_21_DON_0105.JPG,21_21_DON_0106.JPG,21_21_DON_0107.JPG,1,1,,Deciduous ,,,,,,,
863,21_21_DON_0108.JPG,21_21_DON_0109.JPG,21_21_DON_0110.JPG,1,1,,Deciduous ,,,,,,,
864,21_21_DON_0111.JPG,21_21_DON_0112.JPG,21_21_DON_0113.JPG,1,1,,Deciduous ,,,,,,,
865,21_21_DON_0114.JPG,21_21_DON_0115.JPG,21_21_DON_0116.JPG,1,1,,Deciduous ,,,,,,,
866,21_21_DON_0117.JPG,21_21_DON_0118.JPG,21_21_DON_0119.JPG,1,1,,Deciduous ,,,,,,,
867,21_21_DON_0120.JPG,21_21_DON_0121.JPG,21_21_DON_0122.JPG,1,1,,Deciduous ,,,,,,,
868,21_21_DON_0123.JPG,21_21_DON_0124.JPG,21_21_DON_0125.JPG,1,1,,Deciduous ,,,,,,,
869,21_21_DON_0126.JPG,21_21_DON_0127.JPG,21_21_DON_0128.JPG,1,1,,Deciduous ,,,,,,,
870,21_21_DON_0129.JPG,21_21_DON_0130.JPG,21_21_DON_0131.JPG,1,1,,Deciduous ,,,,,,,
871,21_21_DON_0132.JPG,21_21_DON_0133.JPG,21_21_DON_0134.JPG,1,1,,Deciduous ,,,,,,,
872,21_21_DON_0135.JPG,21_21_DON_0136.JPG,21_21_DON_0137.JPG,1,1,,Deciduous ,,,,,,,
873,21_21_DON_0138.JPG,21_21_DON_0139.JPG,21_21_DON_0140.JPG,1,1,,Deciduous ,,,,,,,
874,21_21_DON_0141.JPG,21_21_DON_0142.JPG,21_21_DON_0143.JPG,1,1,,Deciduous ,,,,,,,
875,21_21_DON_0144.JPG,21_21_DON_0145.JPG,21_21_DON_0146.JPG,1,1,,Deciduous ,,,,,,,
876,21_21_DON_0147.JPG,21_21_DON_0148.JPG,21_21_DON_0149.JPG,1,1,,Deciduous ,,,,,,,
877,21_21_DON_0150.JPG,21_21_DON_0151.JPG,21_21_DON_0152.JPG,1,1,,Deciduous ,,,,,,,
878,21_21_DON_0153.JPG,21_21_DON_0154.JPG,21_21_DON_0155.JPG,1,1,,Deciduous ,,,,,,,
879,21_21_DON_0156.JPG,21_21_DON_0157.JPG,21_21_DON_0158.JPG,1,1,,Deciduous ,,,,,,,
880,21_21_DON_0159.JPG,21_21_DON_0160.JPG,21_21_DON_0161.JPG,1,1,,Deciduous ,,,,,,,
881,21_21_DON_0162.JPG,21_21_DON_0163.JPG,21_21_DON_0164.JPG,1,1,,Deciduous ,,,,,,,
882,21_21_DON_0165.JPG,21_21_DON_0166.JPG,21_21_DON_0167.JPG,1,1,,Deciduous ,,,,,,,
906,21_21_DON_0168.JPG,21_21_DON_0169.JPG,21_21_DON_0170.JPG,1,1,,Deciduous ,,,,,,,
909,21_21_DON_0171.JPG,21_21_DON_0172.JPG,21_21_DON_0173.JPG,1,1,,Deciduous ,,,,,,,
913,21_21_DON_0174.JPG,21_21_DON_0175.JPG,21_21_DON_0176.JPG,1,1,,Deciduous ,,,,,,,
914,21_21_DON_0177.JPG,21_21_DON_0178.JPG,21_21_DON_0179.JPG,1,1,,Deciduous ,,,,,,,
915,21_21_DON_0180.JPG,21_21_DON_0181.JPG,21_21_DON_0182.JPG,1,1,,Deciduous ,,,,,,,
115,22_18_WF_0001.JPG,22_18_WF_0002.JPG,22_18_WF_0003.JPG,1,1,,Pine ,,,,,,,
116,22_18_WF_0004.JPG,22_18_WF_0005.JPG,22_18_WF_0006.JPG,1,1,,Pine ,,,,,,,
117,22_18_WF_0007.JPG,22_18_WF_0008.JPG,22_18_WF_0009.JPG,1,1,,Pine ,,,,,,,
131,22_18_WF_0010.JPG,22_18_WF_0011.JPG,22_18_WF_0012.JPG,1,1,,Pine ,,,,,,,
132,22_18_WF_0013.JPG,22_18_WF_0014.JPG,22_18_WF_0015.JPG,1,1,,Pine ,,,,,,,
143,22_18_WF_0016.JPG,22_18_WF_0017.JPG,22_18_WF_0018.JPG,1,1,,Pine ,,,,,,,
144,22_18_WF_0019.JPG,22_18_WF_0020.JPG,22_18_WF_0021.JPG,1,1,,Pine ,,,,,,,
145,22_18_WF_0022.JPG,22_18_WF_0023.JPG,22_18_WF_0024.JPG,1,1,,Pine ,,,,,,,
146,22_18_WF_0025.JPG,22_18_WF_0026.JPG,22_18_WF_0027.JPG,1,1,,Pine ,,,,,,,
147,22_18_WF_0028.JPG,22_18_WF_0029.JPG,22_18_WF_0030.JPG,1,1,,Pine ,,,,,,,
150,22_18_WF_0031.JPG,22_18_WF_0032.JPG,NA,1,1,,Pine ,,,,,,,
163,22_18_WF_0037.JPG,22_18_WF_0038.JPG,22_18_WF_0039.JPG,1,1,,Pine ,,,,,,,
172,22_18_WF_0040.JPG,22_18_WF_0041.JPG,22_18_WF_0042.JPG,1,1,,Pine ,,,,,,,
173,22_18_WF_0043.JPG,22_18_WF_0044.JPG,22_18_WF_0045.JPG,1,1,,Pine ,,,,,,,
188,22_18_WF_0046.JPG,22_18_WF_0047.JPG,22_18_WF_0048.JPG,1,1,,Pine ,,,,,,,
189,22_18_WF_0049.JPG,22_18_WF_0050.JPG,22_18_WF_0051.JPG,1,1,,Pine ,,,,,,,
199,22_18_WF_0052.JPG,22_18_WF_0053.JPG,22_18_WF_0054.JPG,1,1,,Pine ,,,,,,,
214,22_18_WF_0055.JPG,22_18_WF_0056.JPG,22_18_WF_0057.JPG,1,1,,Pine ,,,,,,,
215,22_18_WF_0058.JPG,22_18_WF_0059.JPG,22_18_WF_0060.JPG,1,1,,Pine ,,,,,,,
232,22_18_WF_0061.JPG,22_18_WF_0062.JPG,22_18_WF_0063.JPG,1,1,,Pine ,,,,,,,
246,22_18_WF_0064.JPG,22_18_WF_0065.JPG,22_18_WF_0066.JPG,1,1,,Pine ,,,,,,,
260,22_18_WF_0067.JPG,22_18_WF_0068.JPG,22_18_WF_0069.JPG,1,1,,Pine ,,,,,,,
261,22_18_WF_0070.JPG,22_18_WF_0071.JPG,22_18_WF_0072.JPG,1,1,,Pine ,,,,,,,
276,22_18_WF_0073.JPG,22_18_WF_0074.JPG,22_18_WF_0075.JPG,1,1,,Pine ,,,,,,,
282,22_18_WF_0076.JPG,22_18_WF_0077.JPG,22_18_WF_0078.JPG,1,1,,Pine ,,,,,,,
320,22_18_WF_0079.JPG,22_18_WF_0080.JPG,22_18_WF_0081.JPG,1,1,,Pine ,,,,,,,
322,22_18_WF_0082.JPG,22_18_WF_0083.JPG,22_18_WF_0084.JPG,1,1,,Pine ,,,,,,,
341,22_18_WF_0085.JPG,22_18_WF_0086.JPG,22_18_WF_0087.JPG,1,1,,Pine ,,,,,,,
342,22_18_WF_0088.JPG,22_18_WF_0089.JPG,22_18_WF_0090.JPG,1,1,,Pine ,,,,,,,
359,22_18_WF_0091.JPG,22_18_WF_0092.JPG,22_18_WF_0093.JPG,1,1,,Pine ,,,,,,,
376,22_18_WF_0094.JPG,22_18_WF_0095.JPG,22_18_WF_0096.JPG,1,1,,Pine ,,,,,,,
377,22_18_WF_0097.JPG,22_18_WF_0098.JPG,22_18_WF_0099.JPG,1,1,,Pine ,,,,,,,
378,22_18_WF_0100.JPG,22_18_WF_0101.JPG,22_18_WF_0102.JPG,1,1,,Pine ,,,,,,,
379,22_18_WF_0103.JPG,22_18_WF_0104.JPG,22_18_WF_0105.JPG,1,1,,Pine ,,,,,,,
383,22_18_WF_0106.JPG,22_18_WF_0107.JPG,22_18_WF_0108.JPG,1,1,,Pine ,,,,,,,
384,22_18_WF_0109.JPG,22_18_WF_0110.JPG,22_18_WF_0111.JPG,1,1,,Pine ,,,,,,,
415,22_18_WF_0112.JPG,22_18_WF_0113.JPG,22_18_WF_0114.JPG,1,1,,Pine ,,,,,,,
417,22_18_WF_0115.JPG,22_18_WF_0116.JPG,22_18_WF_0117.JPG,1,1,,Pine ,,,,,,,
433,22_18_WF_0118.JPG,22_18_WF_0119.JPG,22_18_WF_0120.JPG,1,1,,Pine ,,,,,,,
436,22_18_WF_0121.JPG,22_18_WF_0122.JPG,22_18_WF_0123.JPG,1,1,,Pine ,,,,,,,
448,22_18_WF_0124.JPG,22_18_WF_0125.JPG,22_18_WF_0126.JPG,1,1,,Pine ,,,,,,,
454,22_18_WF_0127.JPG,22_18_WF_0128.JPG,22_18_WF_0129.JPG,1,1,,Pine ,,,,,,,
477,22_18_WF_0130.JPG,22_18_WF_0131.JPG,22_18_WF_0132.JPG,1,1,,Pine ,,,,,,,
498,22_18_WF_0133.JPG,22_18_WF_0134.JPG,22_18_WF_0135.JPG,1,1,,Pine ,,,,,,,
502,22_18_WF_0136.JPG,22_18_WF_0137.JPG,22_18_WF_0138.JPG,1,1,,Pine ,,,,,,,
503,22_18_WF_0139.JPG,22_18_WF_0140.JPG,22_18_WF_0141.JPG,1,1,,Pine ,,,,,,,
504,22_18_WF_0142.JPG,22_18_WF_0143.JPG,22_18_WF_0144.JPG,1,1,,Pine ,,,,,,,
516,22_18_WF_0145.JPG,22_18_WF_0146.JPG,22_18_WF_0147.JPG,1,1,,Pine ,,,,,,,
524,22_18_WF_0148.JPG,22_18_WF_0149.JPG,22_18_WF_0150.JPG,1,1,,Pine ,,,,,,,
534,22_18_WF_0151.JPG,22_18_WF_0152.JPG,22_18_WF_0153.JPG,1,1,,Pine ,,,,,,,
539,22_18_WF_0154.JPG,22_18_WF_0155.JPG,22_18_WF_0156.JPG,1,1,,Pine ,,,,,,,
557,22_18_WF_0157.JPG,22_18_WF_0158.JPG,22_18_WF_0159.JPG,1,1,,Pine ,,,,,,,
558,22_18_WF_0160.JPG,22_18_WF_0161.JPG,22_18_WF_0162.JPG,1,1,,Pine ,,,,,,,
570,22_18_WF_0163.JPG,22_18_WF_0164.JPG,22_18_WF_0165.JPG,1,1,,Pine ,,,,,,,
571,22_18_WF_0166.JPG,22_18_WF_0167.JPG,22_18_WF_0168.JPG,1,1,,Pine ,,,,,,,
572,22_18_WF_0169.JPG,22_18_WF_0170.JPG,22_18_WF_0171.JPG,1,1,,Pine ,,,,,,,
573,22_18_WF_0172.JPG,22_18_WF_0173.JPG,NA,1,1,,Pine ,,,,,,,
574,22_18_WF_0178.JPG,22_18_WF_0179.JPG,22_18_WF_0180.JPG,1,1,,Pine ,,,,,,,
577,22_18_WF_0181.JPG,22_18_WF_0182.JPG,22_18_WF_0183.JPG,1,1,,Pine ,,,,,,,
587,22_18_WF_0184.JPG,22_18_WF_0185.JPG,22_18_WF_0186.JPG,1,1,,Pine ,,,,,,,
588,22_18_WF_0187.JPG,22_18_WF_0188.JPG,22_18_WF_0189.JPG,1,1,,Pine ,,,,,,,
589,22_18_WF_0190.JPG,22_18_WF_0191.JPG,22_18_WF_0192.JPG,1,1,,Pine ,,,,,,,
590,22_18_WF_0193.JPG,22_18_WF_0194.JPG,22_18_WF_0195.JPG,1,1,,Pine ,,,,,,,
592,22_18_WF_0196.JPG,22_18_WF_0197.JPG,22_18_WF_0198.JPG,1,1,,Pine ,,,,,,,
595,22_18_WF_0199.JPG,22_18_WF_0200.JPG,22_18_WF_0201.JPG,1,1,,Pine ,,,,,,,
600,22_18_WF_0202.JPG,22_18_WF_0203.JPG,22_18_WF_0204.JPG,1,1,,Pine ,,,,,,,
601,22_18_WF_0205.JPG,22_18_WF_0206.JPG,22_18_WF_0207.JPG,1,1,,Pine ,,,,,,,
607,22_18_WF_0208.JPG,22_18_WF_0209.JPG,22_18_WF_0210.JPG,1,1,,Pine ,,,,,,,
611,22_18_WF_0211.JPG,22_18_WF_0212.JPG,22_18_WF_0213.JPG,1,1,,Pine ,,,,,,,
612,22_18_WF_0214.JPG,22_18_WF_0215.JPG,22_18_WF_0216.JPG,1,1,,Pine ,,,,,,,
613,22_18_WF_0217.JPG,22_18_WF_0218.JPG,22_18_WF_0219.JPG,1,1,,Pine ,,,,,,,
614,22_18_WF_0220.JPG,22_18_WF_0221.JPG,22_18_WF_0222.JPG,1,1,,Pine ,,,,,,,
618,22_18_WF_0223.JPG,22_18_WF_0224.JPG,22_18_WF_0225.JPG,1,1,,Pine ,,,,,,,
623,22_18_WF_0226.JPG,22_18_WF_0227.JPG,22_18_WF_0228.JPG,1,1,,Pine ,,,,,,,
624,22_18_WF_0229.JPG,22_18_WF_0230.JPG,22_18_WF_0231.JPG,1,1,,Pine ,,,,,,,
625,22_18_WF_0232.JPG,22_18_WF_0233.JPG,22_18_WF_0234.JPG,1,1,,Pine ,,,,,,,
637,22_18_WF_0235.JPG,22_18_WF_0236.JPG,22_18_WF_0237.JPG,1,1,,Pine ,,,,,,,
639,22_18_WF_0238.JPG,22_18_WF_0239.JPG,22_18_WF_0240.JPG,1,1,,Pine ,,,,,,,
644,22_18_WF_0241.JPG,22_18_WF_0242.JPG,22_18_WF_0243.JPG,1,1,,Pine ,,,,,,,
645,22_18_WF_0244.JPG,22_18_WF_0245.JPG,22_18_WF_0246.JPG,1,1,,Pine ,,,,,,,
653,22_18_WF_0247.JPG,22_18_WF_0248.JPG,22_18_WF_0249.JPG,1,1,,Pine ,,,,,,,
665,22_18_WF_0250.JPG,22_18_WF_0251.JPG,22_18_WF_0252.JPG,1,1,,Pine ,,,,,,,
666,22_18_WF_0253.JPG,22_18_WF_0254.JPG,22_18_WF_0255.JPG,1,1,,Pine ,,,,,,,
667,22_18_WF_0256.JPG,22_18_WF_0257.JPG,22_18_WF_0258.JPG,1,1,,Pine ,,,,,,,
671,22_18_WF_0259.JPG,22_18_WF_0260.JPG,22_18_WF_0261.JPG,1,1,,Pine ,,,,,,,
672,22_18_WF_0262.JPG,22_18_WF_0263.JPG,22_18_WF_0264.JPG,1,1,,Pine ,,,,,,,
673,22_18_WF_0265.JPG,22_18_WF_0266.JPG,22_18_WF_0267.JPG,1,1,,Pine ,,,,,,,
675,22_18_WF_0268.JPG,22_18_WF_0269.JPG,22_18_WF_0270.JPG,1,1,,Pine ,,,,,,,
686,22_18_WF_0271.JPG,22_18_WF_0272.JPG,22_18_WF_0273.JPG,1,1,,Pine ,,,,,,,
687,22_18_WF_0274.JPG,22_18_WF_0275.JPG,22_18_WF_0276.JPG,1,1,,Pine ,,,,,,,
693,22_18_WF_0277.JPG,22_18_WF_0278.JPG,22_18_WF_0279.JPG,1,1,,Pine ,,,,,,,
695,22_18_WF_0280.JPG,22_18_WF_0281.JPG,22_18_WF_0282.JPG,1,1,,Pine ,,,,,,,
696,22_18_WF_0283.JPG,22_18_WF_0284.JPG,22_18_WF_0285.JPG,1,1,,Pine ,,,,,,,
697,22_18_WF_0286.JPG,22_18_WF_0287.JPG,22_18_WF_0288.JPG,1,1,,Pine ,,,,,,,
702,22_18_WF_0289.JPG,22_18_WF_0290.JPG,22_18_WF_0291.JPG,1,1,,Pine ,,,,,,,
713,22_18_WF_0292.JPG,22_18_WF_0293.JPG,22_18_WF_0294.JPG,1,1,,Pine ,,,,,,,
742,22_18_WF_0295.JPG,22_18_WF_0296.JPG,22_18_WF_0297.JPG,1,1,,Pine ,,,,,,,
743,22_18_WF_0298.JPG,22_18_WF_0299.JPG,22_18_WF_0300.JPG,1,1,,Pine ,,,,,,,
744,22_18_WF_0301.JPG,22_18_WF_0302.JPG,22_18_WF_0303.JPG,1,1,,Pine ,,,,,,,
745,22_18_WF_0304.JPG,22_18_WF_0305.JPG,22_18_WF_0306.JPG,1,1,,Pine ,,,,,,,
747,22_18_WF_0307.JPG,22_18_WF_0308.JPG,22_18_WF_0309.JPG,1,1,,Pine ,,,,,,,
748,22_18_WF_0310.JPG,22_18_WF_0311.JPG,22_18_WF_0312.JPG,1,1,,Pine ,,,,,,,
751,22_18_WF_0313.JPG,22_18_WF_0314.JPG,22_18_WF_0315.JPG,1,1,,Pine ,,,,,,,
752,22_18_WF_0316.JPG,22_18_WF_0317.JPG,22_18_WF_0318.JPG,1,1,,Pine ,,,,,,,
753,22_18_WF_0319.JPG,22_18_WF_0320.JPG,22_18_WF_0321.JPG,1,1,,Pine ,,,,,,,
756,22_18_WF_0325.JPG,22_18_WF_0326.JPG,22_18_WF_0327.JPG,1,1,,Pine ,,,,,,,
758,22_18_WF_0328.JPG,22_18_WF_0329.JPG,22_18_WF_0330.JPG,1,1,,Pine ,,,,,,,
759,22_18_WF_0331.JPG,22_18_WF_0332.JPG,22_18_WF_0333.JPG,1,1,,Pine ,,,,,,,
760,22_18_WF_0334.JPG,22_18_WF_0335.JPG,22_18_WF_0336.JPG,1,1,,Pine ,,,,,,,
761,22_18_WF_0337.JPG,22_18_WF_0338.JPG,22_18_WF_0339.JPG,1,1,,Pine ,,,,,,,
762,22_18_WF_0340.JPG,22_18_WF_0341.JPG,22_18_WF_0342.JPG,1,1,,Pine ,,,,,,,
763,22_18_WF_0343.JPG,22_18_WF_0344.JPG,22_18_WF_0345.JPG,1,1,,Pine ,,,,,,,
765,22_18_WF_0346.JPG,22_18_WF_0347.JPG,22_18_WF_0348.JPG,1,1,,Pine ,,,,,,,
766,22_18_WF_0349.JPG,22_18_WF_0350.JPG,22_18_WF_0351.JPG,1,1,,Pine ,,,,,,,
767,22_18_WF_0352.JPG,22_18_WF_0353.JPG,22_18_WF_0354.JPG,1,1,,Pine ,,,,,,,
774,22_18_WF_0355.JPG,22_18_WF_0356.JPG,22_18_WF_0357.JPG,1,1,,Pine ,,,,,,,
776,22_18_WF_0358.JPG,22_18_WF_0359.JPG,22_18_WF_0360.JPG,1,1,,Pine ,,,,,,,
777,22_18_WF_0361.JPG,22_18_WF_0362.JPG,22_18_WF_0363.JPG,1,1,,Pine ,,,,,,,
782,22_18_WF_0364.JPG,22_18_WF_0365.JPG,22_18_WF_0366.JPG,1,1,,Pine ,,,,,,,
783,22_18_WF_0367.JPG,22_18_WF_0368.JPG,22_18_WF_0369.JPG,1,1,,Pine ,,,,,,,
784,22_18_WF_0370.JPG,22_18_WF_0371.JPG,22_18_WF_0372.JPG,1,1,,Pine ,,,,,,,
785,22_18_WF_0373.JPG,22_18_WF_0374.JPG,22_18_WF_0375.JPG,1,1,,Pine ,,,,,,,
40,23_03_SH_0001.JPG,23_03_SH_0002.JPG,23_03_SH_0003.JPG,1,1,SH,Deciduous ,,,,,,,
44,23_03_SH_0004.JPG,23_03_SH_0005.JPG,23_03_SH_0006.JPG,1,1,,Deciduous ,,,,,,,
59,23_03_SH_0007.JPG,23_03_SH_0008.JPG,23_03_SH_0009.JPG,1,1,,Deciduous ,,,,,,,
60,23_03_SH_0010.JPG,23_03_SH_0011.JPG,23_03_SH_0012.JPG,1,1,,Deciduous ,,,,,,,
68,23_03_SH_0013.JPG,23_03_SH_0014.JPG,23_03_SH_0015.JPG,1,1,,Deciduous ,,,,,,,
70,23_03_SH_0016.JPG,23_03_SH_0017.JPG,23_03_SH_0018.JPG,1,1,,Deciduous ,,,,,,,
111,23_03_SH_0019.JPG,23_03_SH_0020.JPG,23_03_SH_0021.JPG,1,1,,Deciduous ,,,,,,,
157,23_03_SH_0022.JPG,23_03_SH_0023.JPG,23_03_SH_0024.JPG,1,1,,Deciduous ,,,,,,,
168,23_03_SH_0025.JPG,23_03_SH_0026.JPG,23_03_SH_0027.JPG,1,1,,Deciduous ,,,,,,,
190,23_03_SH_0028.JPG,23_03_SH_0029.JPG,23_03_SH_0030.JPG,1,1,,Deciduous ,,,,,,,
219,23_03_SH_0031.JPG,23_03_SH_0032.JPG,23_03_SH_0033.JPG,1,1,,Deciduous ,,,,,,,
237,23_03_SH_0034.JPG,23_03_SH_0035.JPG,23_03_SH_0036.JPG,1,1,,Deciduous ,,,,,,,
275,23_03_SH_0037.JPG,23_03_SH_0038.JPG,23_03_SH_0039.JPG,1,1,,Deciduous ,,,,,,,
296,23_03_SH_0040.JPG,23_03_SH_0041.JPG,23_03_SH_0042.JPG,1,1,,Deciduous ,,,,,,,
302,23_03_SH_0043.JPG,23_03_SH_0044.JPG,23_03_SH_0045.JPG,1,1,,Deciduous ,,,,,,,
303,23_03_SH_0046.JPG,23_03_SH_0047.JPG,23_03_SH_0048.JPG,1,1,,Deciduous ,,,,,,,
304,23_03_SH_0049.JPG,23_03_SH_0050.JPG,23_03_SH_0051.JPG,1,1,,Deciduous ,,,,,,,
305,23_03_SH_0052.JPG,23_03_SH_0053.JPG,23_03_SH_0054.JPG,1,1,,Deciduous ,,,,,,,
319,23_03_SH_0055.JPG,23_03_SH_0056.JPG,23_03_SH_0057.JPG,1,1,,Deciduous ,,,,,,,
338,23_03_SH_0058.JPG,23_03_SH_0059.JPG,23_03_SH_0060.JPG,1,1,,Deciduous ,,,,,,,
418,23_03_SH_0061.JPG,23_03_SH_0062.JPG,23_03_SH_0063.JPG,1,1,,Deciduous ,,,,,,,
419,23_03_SH_0064.JPG,23_03_SH_0065.JPG,23_03_SH_0066.JPG,1,1,,Deciduous ,,,,,,,
430,23_03_SH_0067.JPG,23_03_SH_0068.JPG,23_03_SH_0069.JPG,1,1,,Deciduous ,,,,,,,
431,23_03_SH_0070.JPG,23_03_SH_0071.JPG,23_03_SH_0072.JPG,1,1,,Deciduous ,,,,,,,
458,23_03_SH_0073.JPG,23_03_SH_0074.JPG,23_03_SH_0075.JPG,1,1,,Deciduous ,,,,,,,
471,23_03_SH_0076.JPG,23_03_SH_0077.JPG,23_03_SH_0078.JPG,1,1,,Deciduous ,,,,,,,
479,23_03_SH_0079.JPG,23_03_SH_0080.JPG,23_03_SH_0081.JPG,1,1,,Deciduous ,,,,,,,
509,23_03_SH_0082.JPG,23_03_SH_0083.JPG,23_03_SH_0084.JPG,1,1,,Deciduous ,,,,,,,
535,23_03_SH_0085.JPG,23_03_SH_0086.JPG,23_03_SH_0087.JPG,1,1,,Deciduous ,,,,,,,
579,23_03_SH_0088.JPG,23_03_SH_0089.JPG,23_03_SH_0090.JPG,1,1,,Deciduous ,,,,,,,
580,23_03_SH_0091.JPG,23_03_SH_0092.JPG,23_03_SH_0093.JPG,1,1,,Deciduous ,,,,,,,
586,23_03_SH_0094.JPG,23_03_SH_0095.JPG,23_03_SH_0096.JPG,1,1,,Deciduous ,,,,,,,
622,23_03_SH_0097.JPG,23_03_SH_0098.JPG,23_03_SH_0099.JPG,1,1,,Deciduous ,,,,,,,
690,23_03_SH_0100.JPG,23_03_SH_0101.JPG,23_03_SH_0102.JPG,1,1,,Deciduous ,,,,,,,
698,23_03_SH_0103.JPG,23_03_SH_0104.JPG,23_03_SH_0105.JPG,1,1,,Deciduous ,,,,,,,
700,23_03_SH_0106.JPG,23_03_SH_0107.JPG,23_03_SH_0108.JPG,1,1,,Deciduous ,,,,,,,
705,23_03_SH_0109.JPG,23_03_SH_0110.JPG,23_03_SH_0111.JPG,1,1,,Deciduous ,,,,,,,
883,23_03_SH_0112.JPG,23_03_SH_0113.JPG,23_03_SH_0114.JPG,1,1,,Deciduous ,,,,,,,
884,23_03_SH_0115.JPG,23_03_SH_0116.JPG,23_03_SH_0117.JPG,1,1,,Deciduous ,,,,,,,
885,23_03_SH_0118.JPG,23_03_SH_0119.JPG,23_03_SH_0120.JPG,1,1,,Deciduous ,,,,,,,
22,24_04_BC_0001.JPG,24_04_BC_0002.JPG,24_04_BC_0003.JPG,1,1,BC,Deciduous ,,,,,,,
23,24_04_BC_0004.JPG,24_04_BC_0005.JPG,24_04_BC_0006.JPG,1,1,BC,Deciduous ,,,,,,,
24,24_04_BC_0007.JPG,24_04_BC_0008.JPG,24_04_BC_0009.JPG,1,1,BC,Deciduous ,,,,,,,
25,24_04_BC_0010.JPG,24_04_BC_0011.JPG,24_04_BC_0012.JPG,1,1,BC,Deciduous ,,,,,,,
26,24_04_BC_0013.JPG,24_04_BC_0014.JPG,24_04_BC_0015.JPG,1,1,BC,Deciduous ,,,,,,,
27,24_04_BC_0016.JPG,24_04_BC_0017.JPG,24_04_BC_0018.JPG,1,1,BC,Deciduous ,,,,,,,
28,24_04_BC_0019.JPG,24_04_BC_0020.JPG,24_04_BC_0021.JPG,1,1,BC,Deciduous ,,,,,,,
29,24_04_BC_0022.JPG,24_04_BC_0023.JPG,24_04_BC_0024.JPG,1,1,BC,Deciduous ,,,,,,,
30,24_04_BC_0025.JPG,24_04_BC_0026.JPG,24_04_BC_0027.JPG,1,1,BC,Deciduous ,,,,,,,
31,24_04_BC_0028.JPG,24_04_BC_0029.JPG,24_04_BC_0030.JPG,1,1,BC,Deciduous ,,,,,,,
32,24_04_BC_0031.JPG,24_04_BC_0032.JPG,24_04_BC_0033.JPG,1,1,BC,Deciduous ,,,,,,,
36,24_04_BC_0034.JPG,24_04_BC_0035.JPG,24_04_BC_0036.JPG,1,1,BC,Deciduous ,,,,,,,
48,24_04_BC_0037.JPG,24_04_BC_0038.JPG,24_04_BC_0039.JPG,1,1,,Deciduous ,,,,,,,
61,24_04_BC_0040.JPG,24_04_BC_0041.JPG,24_04_BC_0042.JPG,1,1,,Deciduous ,,,,,,,
62,24_04_BC_0043.JPG,24_04_BC_0044.JPG,24_04_BC_0045.JPG,1,1,,Deciduous ,,,,,,,
100,24_04_BC_0046.JPG,24_04_BC_0047.JPG,24_04_BC_0048.JPG,1,1,,Deciduous ,,,,,,,
102,24_04_BC_0049.JPG,24_04_BC_0050.JPG,24_04_BC_0051.JPG,1,1,,Deciduous ,,,,,,,
103,24_04_BC_0052.JPG,24_04_BC_0053.JPG,24_04_BC_0054.JPG,1,1,,Deciduous ,,,,,,,
104,24_04_BC_0055.JPG,24_04_BC_0056.JPG,24_04_BC_0057.JPG,1,1,,Deciduous ,,,,,,,
106,24_04_BC_0058.JPG,24_04_BC_0059.JPG,24_04_BC_0060.JPG,1,1,,Deciduous ,,,,,,,
107,24_04_BC_0061.JPG,24_04_BC_0062.JPG,24_04_BC_0063.JPG,1,1,,Deciduous ,,,,,,,
135,24_04_BC_0064.JPG,24_04_BC_0065.JPG,24_04_BC_0066.JPG,1,1,,Deciduous ,,,,,,,
160,24_04_BC_0067.JPG,24_04_BC_0068.JPG,24_04_BC_0069.JPG,1,1,,Deciduous ,,,,,,,
162,24_04_BC_0070.JPG,24_04_BC_0071.JPG,24_04_BC_0072.JPG,1,1,,Deciduous ,,,,,,,
178,24_04_BC_0073.JPG,24_04_BC_0074.JPG,24_04_BC_0075.JPG,1,1,,Deciduous ,,,,,,,
182,24_04_BC_0076.JPG,24_04_BC_0077.JPG,24_04_BC_0078.JPG,1,1,,Deciduous ,,,,,,,
184,24_04_BC_0079.JPG,24_04_BC_0080.JPG,24_04_BC_0081.JPG,1,1,,Deciduous ,,,,,,,
196,24_04_BC_0082.JPG,24_04_BC_0083.JPG,24_04_BC_0084.JPG,1,1,,Deciduous ,,,,,,,
197,24_04_BC_0085.JPG,24_04_BC_0086.JPG,24_04_BC_0087.JPG,1,1,,Deciduous ,,,,,,,
200,24_04_BC_0088.JPG,24_04_BC_0089.JPG,24_04_BC_0090.JPG,1,1,,Deciduous ,,,,,,,
9,25_09_SH_0001.JPG,25_09_SH_0002.JPG,25_09_SH_0003.JPG,1,1,SH,Deciduous ,,,,,,,
10,25_09_SH_0004.JPG,25_09_SH_0005.JPG,25_09_SH_0006.JPG,1,1,SH,Deciduous ,,,,,,,
11,25_09_SH_0007.JPG,25_09_SH_0008.JPG,NA,1,1,SH,Deciduous ,,,,,,,
12,25_09_SH_0012.JPG,25_09_SH_0013.JPG,25_09_SH_0014.JPG,1,1,SH,Deciduous ,,,,,,,
14,25_09_SH_0015.JPG,25_09_SH_0016.JPG,25_09_SH_0017.JPG,1,1,SH,Deciduous ,,,,,,,
15,25_09_SH_0018.JPG,25_09_SH_0019.JPG,25_09_SH_0020.JPG,1,1,SH,Deciduous ,,,,,,,
16,25_09_SH_0021.JPG,25_09_SH_0022.JPG,25_09_SH_0023.JPG,1,1,SH,Deciduous ,,,,,,,
17,25_09_SH_0024.JPG,25_09_SH_0025.JPG,25_09_SH_0026.JPG,1,1,SH,Deciduous ,,,,,,,
18,25_09_SH_0027.JPG,25_09_SH_0028.JPG,25_09_SH_0029.JPG,1,1,SH,Deciduous ,,,,,,,
19,25_09_SH_0030.JPG,25_09_SH_0031.JPG,25_09_SH_0032.JPG,1,1,SH,Deciduous ,,,,,,,
20,25_09_SH_0033.JPG,25_09_SH_0034.JPG,25_09_SH_0035.JPG,1,1,SH,Deciduous ,,,,,,,
21,25_09_SH_0036.JPG,25_09_SH_0037.JPG,25_09_SH_0038.JPG,1,1,SH,Deciduous ,,,,,,,
41,25_09_SH_0039.JPG,25_09_SH_0040.JPG,25_09_SH_0041.JPG,1,1,SH,Deciduous ,,,,,,,
47,25_09_SH_0042.JPG,25_09_SH_0043.JPG,25_09_SH_0044.JPG,1,1,,Deciduous ,,,,,,,
49,25_09_SH_0045.JPG,25_09_SH_0046.JPG,25_09_SH_0047.JPG,1,1,,Deciduous ,,,,,,,
58,25_09_SH_0048.JPG,25_09_SH_0049.JPG,25_09_SH_0050.JPG,1,1,,Deciduous ,,,,,,,
67,25_09_SH_0051.JPG,25_09_SH_0052.JPG,25_09_SH_0053.JPG,1,1,,Deciduous ,,,,,,,
71,25_09_SH_0054.JPG,25_09_SH_0055.JPG,25_09_SH_0056.JPG,1,1,,Deciduous ,,,,,,,
73,25_09_SH_0057.JPG,25_09_SH_0058.JPG,25_09_SH_0059.JPG,1,1,,Deciduous ,,,,,,,
74,25_09_SH_0060.JPG,25_09_SH_0061.JPG,25_09_SH_0062.JPG,1,1,,Deciduous ,,,,,,,
99,25_09_SH_0063.JPG,25_09_SH_0064.JPG,25_09_SH_0065.JPG,1,1,,Deciduous ,,,,,,,
110,25_09_SH_0066.JPG,25_09_SH_0067.JPG,25_09_SH_0068.JPG,1,1,,Deciduous ,,,,,,,
239,25_09_SH_0069.JPG,25_09_SH_0070.JPG,25_09_SH_0071.JPG,1,1,,Deciduous ,,,,,,,
243,25_09_SH_0072.JPG,25_09_SH_0073.JPG,25_09_SH_0074.JPG,1,1,,Deciduous ,,,,,,,
337,25_09_SH_0075.JPG,25_09_SH_0076.JPG,25_09_SH_0077.JPG,1,1,,Deciduous ,,,,,,,
467,25_09_SH_0078.JPG,25_09_SH_0079.JPG,25_09_SH_0080.JPG,1,1,,Deciduous ,,,,,,,
468,25_09_SH_0081.JPG,25_09_SH_0082.JPG,25_09_SH_0083.JPG,1,1,,Deciduous ,,,,,,,
660,25_09_SH_0084.JPG,25_09_SH_0085.JPG,25_09_SH_0086.JPG,1,1,,Deciduous ,,,,,,,
1,27_08_IMG_0028.JPG,27_08_IMG_0029.JPG,27_08_IMG_0030.JPG,1,1,DON,Deciduous ,,,,,,,
2,27_08_IMG_0031.JPG,27_08_IMG_0032.JPG,27_08_IMG_0033.JPG,1,1,DON,Deciduous ,,,,,,,
3,27_08_IMG_0034.JPG,27_08_IMG_0035.JPG,27_08_IMG_0036.JPG,1,1,DON,Deciduous ,,,,,,,
4,27_08_IMG_0037.JPG,27_08_IMG_0038.JPG,27_08_IMG_0039.JPG,1,1,DON,Deciduous ,,,,,,,
5,27_08_IMG_0040.JPG,27_08_IMG_0041.JPG,27_08_IMG_0042.JPG,1,1,DON,Deciduous ,,,,,,,
6,27_08_IMG_0043.JPG,27_08_IMG_0044.JPG,27_08_IMG_0045.JPG,1,1,DON,Deciduous ,,,,,,,
7,27_08_IMG_0046.JPG,27_08_IMG_0047.JPG,27_08_IMG_0048.JPG,1,1,DON,Deciduous ,,,,,,,
114,28_15_DEG_0008.JPG,28_15_DEG_0009.JPG,28_15_DEG_0010.JPG,1,1,,Pine ,,,,,,,
542,28_15_DEG_0011.JPG,28_15_DEG_0012.JPG,28_15_DEG_0013.JPG,1,1,,Pine ,,,,,,,
818,28_15_DEG_0014.JPG,28_15_DEG_0015.JPG,28_15_DEG_0016.JPG,1,1,,Pine ,,,,,,,
837,28_15_DEG_0017.JPG,28_15_DEG_0018.JPG,NA,1,1,,Pine ,,,,,,,
101,29_19_DEG_0001.JPG,29_19_DEG_0002.JPG,29_19_DEG_0003.JPG,1,1,,Pine ,,,,,,,
123,29_19_DEG_0004.JPG,29_19_DEG_0005.JPG,29_19_DEG_0006.JPG,1,1,,Pine ,,,,,,,
130,29_19_DEG_0007.JPG,29_19_DEG_0008.JPG,29_19_DEG_0009.JPG,1,1,,Pine ,,,,,,,
137,29_19_DEG_0010.JPG,29_19_DEG_0011.JPG,29_19_DEG_0012.JPG,1,1,,Pine ,,,,,,,
139,29_19_DEG_0013.JPG,29_19_DEG_0014.JPG,29_19_DEG_0015.JPG,1,1,,Pine ,,,,,,,
140,29_19_DEG_0016.JPG,29_19_DEG_0017.JPG,29_19_DEG_0018.JPG,1,1,,Pine ,,,,,,,
141,29_19_DEG_0019.JPG,29_19_DEG_0020.JPG,NA,1,1,,Pine ,,,,,,,
142,29_19_DEG_0025.JPG,29_19_DEG_0026.JPG,29_19_DEG_0027.JPG,1,1,,Pine ,,,,,,,
179,29_19_DEG_0028.JPG,29_19_DEG_0029.JPG,29_19_DEG_0030.JPG,1,1,,Pine ,,,,,,,
180,29_19_DEG_0031.JPG,29_19_DEG_0032.JPG,29_19_DEG_0033.JPG,1,1,,Pine ,,,,,,,
181,29_19_DEG_0034.JPG,29_19_DEG_0035.JPG,29_19_DEG_0036.JPG,1,1,,Pine ,,,,,,,
206,29_19_DEG_0037.JPG,29_19_DEG_0038.JPG,29_19_DEG_0039.JPG,1,1,,Pine ,,,,,,,
209,29_19_DEG_0040.JPG,29_19_DEG_0041.JPG,29_19_DEG_0042.JPG,1,1,,Pine ,,,,,,,
228,29_19_DEG_0043.JPG,29_19_DEG_0044.JPG,29_19_DEG_0045.JPG,1,1,,Pine ,,,,,,,
254,29_19_DEG_0046.JPG,29_19_DEG_0047.JPG,29_19_DEG_0048.JPG,1,1,,Pine ,,,,,,,
263,29_19_DEG_0049.JPG,29_19_DEG_0050.JPG,29_19_DEG_0051.JPG,1,1,,Pine ,,,,,,,
267,29_19_DEG_0052.JPG,29_19_DEG_0053.JPG,29_19_DEG_0054.JPG,1,1,,Pine ,,,,,,,
268,29_19_DEG_0055.JPG,29_19_DEG_0056.JPG,NA,1,1,,Pine ,,,,,,,
269,29_19_DEG_0061.JPG,29_19_DEG_0062.JPG,29_19_DEG_0063.JPG,1,1,,Pine ,,,,,,,
271,29_19_DEG_0064.JPG,29_19_DEG_0065.JPG,29_19_DEG_0066.JPG,1,1,,Pine ,,,,,,,
290,29_19_DEG_0067.JPG,29_19_DEG_0068.JPG,29_19_DEG_0069.JPG,1,1,,Pine ,,,,,,,
291,29_19_DEG_0070.JPG,29_19_DEG_0071.JPG,NA,1,1,,Pine ,,,,,,,
297,29_19_DEG_0073.JPG,29_19_DEG_0074.JPG,29_19_DEG_0075.JPG,1,1,,Pine ,,,,,,,
299,29_19_DEG_0076.JPG,29_19_DEG_0077.JPG,29_19_DEG_0078.JPG,1,1,,Pine ,,,,,,,
311,29_19_DEG_0079.JPG,29_19_DEG_0080.JPG,29_19_DEG_0081.JPG,1,1,,Pine ,,,,,,,
312,29_19_DEG_0082.JPG,29_19_DEG_0083.JPG,29_19_DEG_0084.JPG,1,1,,Pine ,,,,,,,
313,29_19_DEG_0085.JPG,29_19_DEG_0086.JPG,29_19_DEG_0087.JPG,1,1,,Pine ,,,,,,,
314,29_19_DEG_0088.JPG,29_19_DEG_0089.JPG,29_19_DEG_0090.JPG,1,1,,Pine ,,,,,,,
317,29_19_DEG_0091.JPG,29_19_DEG_0092.JPG,29_19_DEG_0093.JPG,1,1,,Pine ,,,,,,,
367,29_19_DEG_0094.JPG,29_19_DEG_0095.JPG,29_19_DEG_0096.JPG,1,1,,Pine ,,,,,,,
368,29_19_DEG_0097.JPG,29_19_DEG_0098.JPG,NA,1,1,,Pine ,,,,,,,
372,29_19_DEG_0103.JPG,29_19_DEG_0104.JPG,29_19_DEG_0105.JPG,1,1,,Pine ,,,,,,,
375,29_19_DEG_0106.JPG,29_19_DEG_0107.JPG,NA,1,1,,Pine ,,,,,,,
386,29_19_DEG_0112.JPG,29_19_DEG_0113.JPG,29_19_DEG_0114.JPG,1,1,,Pine ,,,,,,,
389,29_19_DEG_0115.JPG,29_19_DEG_0116.JPG,29_19_DEG_0117.JPG,1,1,,Pine ,,,,,,,
393,29_19_DEG_0118.JPG,29_19_DEG_0119.JPG,29_19_DEG_0120.JPG,1,1,,Pine ,,,,,,,
394,29_19_DEG_0121.JPG,29_19_DEG_0122.JPG,NA,1,1,,Pine ,,,,,,,
395,29_19_DEG_0127.JPG,29_19_DEG_0128.JPG,29_19_DEG_0129.JPG,1,1,,Pine ,,,,,,,
396,29_19_DEG_0130.JPG,29_19_DEG_0131.JPG,29_19_DEG_0132.JPG,1,1,,Pine ,,,,,,,
397,29_19_DEG_0133.JPG,29_19_DEG_0134.JPG,29_19_DEG_0135.JPG,1,1,,Pine ,,,,,,,
398,29_19_DEG_0136.JPG,29_19_DEG_0137.JPG,29_19_DEG_0138.JPG,1,1,,Pine ,,,,,,,
400,29_19_DEG_0139.JPG,29_19_DEG_0140.JPG,29_19_DEG_0141.JPG,1,1,,Pine ,,,,,,,
401,29_19_DEG_0142.JPG,29_19_DEG_0143.JPG,29_19_DEG_0144.JPG,1,1,,Pine ,,,,,,,
402,29_19_DEG_0145.JPG,29_19_DEG_0146.JPG,29_19_DEG_0147.JPG,1,1,,Pine ,,,,,,,
403,29_19_DEG_0148.JPG,29_19_DEG_0149.JPG,29_19_DEG_0150.JPG,1,1,,Pine ,,,,,,,
410,29_19_DEG_0151.JPG,29_19_DEG_0152.JPG,29_19_DEG_0153.JPG,1,1,,Pine ,,,,,,,
412,29_19_DEG_0160.JPG,29_19_DEG_0161.JPG,29_19_DEG_0162.JPG,1,1,,Pine ,,,,,,,
413,29_19_DEG_0163.JPG,29_19_DEG_0164.JPG,29_19_DEG_0165.JPG,1,1,,Pine ,,,,,,,
414,29_19_DEG_0166.JPG,29_19_DEG_0167.JPG,29_19_DEG_0168.JPG,1,1,,Pine ,,,,,,,
421,29_19_DEG_0169.JPG,29_19_DEG_0170.JPG,29_19_DEG_0171.JPG,1,1,,Pine ,,,,,,,
422,29_19_DEG_0172.JPG,29_19_DEG_0173.JPG,29_19_DEG_0174.JPG,1,1,,Pine ,,,,,,,
423,29_19_DEG_0175.JPG,29_19_DEG_0176.JPG,29_19_DEG_0177.JPG,1,1,,Pine ,,,,,,,
424,29_19_DEG_0178.JPG,29_19_DEG_0179.JPG,29_19_DEG_0180.JPG,1,1,,Pine ,,,,,,,
425,29_19_DEG_0181.JPG,29_19_DEG_0182.JPG,29_19_DEG_0183.JPG,1,1,,Pine ,,,,,,,
426,29_19_DEG_0184.JPG,29_19_DEG_0185.JPG,29_19_DEG_0186.JPG,1,1,,Pine ,,,,,,,
435,29_19_DEG_0187.JPG,29_19_DEG_0188.JPG,29_19_DEG_0189.JPG,1,1,,Pine ,,,,,,,
437,29_19_DEG_0190.JPG,29_19_DEG_0191.JPG,NA,1,1,,Pine ,,,,,,,
438,29_19_DEG_0193.JPG,29_19_DEG_0194.JPG,29_19_DEG_0195.JPG,1,1,,Pine ,,,,,,,
439,29_19_DEG_0196.JPG,29_19_DEG_0197.JPG,29_19_DEG_0198.JPG,1,1,,Pine ,,,,,,,
440,29_19_DEG_0199.JPG,29_19_DEG_0200.JPG,29_19_DEG_0201.JPG,1,1,,Pine ,,,,,,,
462,29_19_DEG_0202.JPG,29_19_DEG_0203.JPG,29_19_DEG_0204.JPG,1,1,,Pine ,,,,,,,
463,29_19_DEG_0205.JPG,29_19_DEG_0206.JPG,29_19_DEG_0207.JPG,1,1,,Pine ,,,,,,,
464,29_19_DEG_0208.JPG,29_19_DEG_0209.JPG,29_19_DEG_0210.JPG,1,1,,Pine ,,,,,,,
465,29_19_DEG_0211.JPG,29_19_DEG_0212.JPG,29_19_DEG_0213.JPG,1,1,,Pine ,,,,,,,
466,29_19_DEG_0214.JPG,29_19_DEG_0215.JPG,29_19_DEG_0216.JPG,1,1,,Pine ,,,,,,,
469,29_19_DEG_0217.JPG,29_19_DEG_0218.JPG,29_19_DEG_0219.JPG,1,1,,Pine ,,,,,,,
474,29_19_DEG_0220.JPG,29_19_DEG_0221.JPG,29_19_DEG_0222.JPG,1,1,,Pine ,,,,,,,
489,29_19_DEG_0223.JPG,29_19_DEG_0224.JPG,29_19_DEG_0225.JPG,1,1,,Pine ,,,,,,,
491,29_19_DEG_0226.JPG,29_19_DEG_0227.JPG,29_19_DEG_0228.JPG,1,1,,Pine ,,,,,,,
508,29_19_DEG_0229.JPG,29_19_DEG_0230.JPG,29_19_DEG_0231.JPG,1,1,,Pine ,,,,,,,
525,29_19_DEG_0232.JPG,29_19_DEG_0233.JPG,29_19_DEG_0234.JPG,1,1,,Pine ,,,,,,,
536,29_19_DEG_0235.JPG,29_19_DEG_0236.JPG,29_19_DEG_0237.JPG,1,1,,Pine ,,,,,,,
538,29_19_DEG_0238.JPG,29_19_DEG_0239.JPG,29_19_DEG_0240.JPG,1,1,,Pine ,,,,,,,
540,29_19_DEG_0241.JPG,29_19_DEG_0242.JPG,29_19_DEG_0243.JPG,1,1,,Pine ,,,,,,,
541,29_19_DEG_0244.JPG,29_19_DEG_0245.JPG,29_19_DEG_0246.JPG,1,1,,Pine ,,,,,,,
547,29_19_DEG_0247.JPG,29_19_DEG_0248.JPG,29_19_DEG_0249.JPG,1,1,,Pine ,,,,,,,
548,29_19_DEG_0250.JPG,29_19_DEG_0251.JPG,29_19_DEG_0252.JPG,1,1,,Pine ,,,,,,,
564,29_19_DEG_0253.JPG,29_19_DEG_0254.JPG,29_19_DEG_0255.JPG,1,1,,Pine ,,,,,,,
581,29_19_DEG_0256.JPG,29_19_DEG_0257.JPG,29_19_DEG_0258.JPG,1,1,,Pine ,,,,,,,
584,29_19_DEG_0259.JPG,29_19_DEG_0260.JPG,29_19_DEG_0261.JPG,1,1,,Pine ,,,,,,,
585,29_19_DEG_0262.JPG,29_19_DEG_0263.JPG,29_19_DEG_0264.JPG,1,1,,Pine ,,,,,,,
593,29_19_DEG_0265.JPG,29_19_DEG_0266.JPG,29_19_DEG_0267.JPG,1,1,,Pine ,,,,,,,
594,29_19_DEG_0268.JPG,29_19_DEG_0269.JPG,29_19_DEG_0270.JPG,1,1,,Pine ,,,,,,,
602,29_19_DEG_0271.JPG,29_19_DEG_0272.JPG,29_19_DEG_0273.JPG,1,1,,Pine ,,,,,,,
603,29_19_DEG_0274.JPG,29_19_DEG_0275.JPG,29_19_DEG_0276.JPG,1,1,,Pine ,,,,,,,
604,29_19_DEG_0277.JPG,29_19_DEG_0278.JPG,29_19_DEG_0279.JPG,1,1,,Pine ,,,,,,,
606,29_19_DEG_0280.JPG,29_19_DEG_0281.JPG,29_19_DEG_0282.JPG,1,1,,Pine ,,,,,,,
608,29_19_DEG_0283.JPG,29_19_DEG_0284.JPG,29_19_DEG_0285.JPG,1,1,,Pine ,,,,,,,
609,29_19_DEG_0286.JPG,29_19_DEG_0287.JPG,29_19_DEG_0288.JPG,1,1,,Pine ,,,,,,,
615,29_19_DEG_0289.JPG,29_19_DEG_0290.JPG,29_19_DEG_0291.JPG,1,1,,Pine ,,,,,,,
616,29_19_DEG_0292.JPG,29_19_DEG_0293.JPG,29_19_DEG_0294.JPG,1,1,,Pine ,,,,,,,
617,29_19_DEG_0295.JPG,29_19_DEG_0296.JPG,29_19_DEG_0297.JPG,1,1,,Pine ,,,,,,,
621,29_19_DEG_0298.JPG,29_19_DEG_0299.JPG,29_19_DEG_0300.JPG,1,1,,Pine ,,,,,,,
626,29_19_DEG_0301.JPG,29_19_DEG_0302.JPG,29_19_DEG_0303.JPG,1,1,,Pine ,,,,,,,
628,29_19_DEG_0304.JPG,29_19_DEG_0305.JPG,29_19_DEG_0306.JPG,1,1,,Pine ,,,,,,,
631,29_19_DEG_0307.JPG,29_19_DEG_0308.JPG,29_19_DEG_0309.JPG,1,1,,Pine ,,,,,,,
632,29_19_DEG_0310.JPG,29_19_DEG_0311.JPG,29_19_DEG_0312.JPG,1,1,,Pine ,,,,,,,
633,29_19_DEG_0313.JPG,29_19_DEG_0314.JPG,29_19_DEG_0315.JPG,1,1,,Pine ,,,,,,,
634,29_19_DEG_0316.JPG,29_19_DEG_0317.JPG,29_19_DEG_0318.JPG,1,1,,Pine ,,,,,,,
635,29_19_DEG_0319.JPG,29_19_DEG_0320.JPG,29_19_DEG_0321.JPG,1,1,,Pine ,,,,,,,
636,29_19_DEG_0322.JPG,29_19_DEG_0323.JPG,29_19_DEG_0324.JPG,1,1,,Pine ,,,,,,,
640,29_19_DEG_0325.JPG,29_19_DEG_0326.JPG,29_19_DEG_0327.JPG,1,1,,Pine ,,,,,,,
642,29_19_DEG_0328.JPG,29_19_DEG_0329.JPG,29_19_DEG_0330.JPG,1,1,,Pine ,,,,,,,
643,29_19_DEG_0331.JPG,29_19_DEG_0332.JPG,29_19_DEG_0333.JPG,1,1,,Pine ,,,,,,,
648,29_19_DEG_0334.JPG,29_19_DEG_0335.JPG,29_19_DEG_0336.JPG,1,1,,Pine ,,,,,,,
649,29_19_DEG_0337.JPG,29_19_DEG_0338.JPG,29_19_DEG_0339.JPG,1,1,,Pine ,,,,,,,
650,29_19_DEG_0340.JPG,29_19_DEG_0341.JPG,29_19_DEG_0342.JPG,1,1,,Pine ,,,,,,,
654,29_19_DEG_0343.JPG,29_19_DEG_0344.JPG,29_19_DEG_0345.JPG,1,1,,Pine ,,,,,,,
655,29_19_DEG_0346.JPG,29_19_DEG_0347.JPG,29_19_DEG_0348.JPG,1,1,,Pine ,,,,,,,
657,29_19_DEG_0349.JPG,29_19_DEG_0350.JPG,29_19_DEG_0351.JPG,1,1,,Pine ,,,,,,,
658,29_19_DEG_0352.JPG,29_19_DEG_0353.JPG,29_19_DEG_0354.JPG,1,1,,Pine ,,,,,,,
659,29_19_DEG_0355.JPG,29_19_DEG_0356.JPG,29_19_DEG_0357.JPG,1,1,,Pine ,,,,,,,
661,29_19_DEG_0358.JPG,29_19_DEG_0359.JPG,29_19_DEG_0360.JPG,1,1,,Pine ,,,,,,,
662,29_19_DEG_0361.JPG,29_19_DEG_0362.JPG,29_19_DEG_0363.JPG,1,1,,Pine ,,,,,,,
664,29_19_DEG_0364.JPG,29_19_DEG_0365.JPG,29_19_DEG_0366.JPG,1,1,,Pine ,,,,,,,
668,29_19_DEG_0367.JPG,29_19_DEG_0368.JPG,29_19_DEG_0369.JPG,1,1,,Pine ,,,,,,,
669,29_19_DEG_0370.JPG,29_19_DEG_0371.JPG,29_19_DEG_0372.JPG,1,1,,Pine ,,,,,,,
670,29_19_DEG_0373.JPG,29_19_DEG_0374.JPG,29_19_DEG_0375.JPG,1,1,,Pine ,,,,,,,
676,29_19_DEG_0376.JPG,29_19_DEG_0377.JPG,29_19_DEG_0378.JPG,1,1,,Pine ,,,,,,,
678,29_19_DEG_0379.JPG,29_19_DEG_0380.JPG,29_19_DEG_0381.JPG,1,1,,Pine ,,,,,,,
679,29_19_DEG_0382.JPG,29_19_DEG_0383.JPG,29_19_DEG_0384.JPG,1,1,,Pine ,,,,,,,
680,29_19_DEG_0385.JPG,29_19_DEG_0386.JPG,29_19_DEG_0387.JPG,1,1,,Pine ,,,,,,,
684,29_19_DEG_0388.JPG,29_19_DEG_0389.JPG,29_19_DEG_0390.JPG,1,1,,Pine ,,,,,,,
688,29_19_DEG_0391.JPG,29_19_DEG_0392.JPG,29_19_DEG_0393.JPG,1,1,,Pine ,,,,,,,
689,29_19_DEG_0394.JPG,29_19_DEG_0395.JPG,29_19_DEG_0396.JPG,1,1,,Pine ,,,,,,,
699,29_19_DEG_0397.JPG,29_19_DEG_0398.JPG,29_19_DEG_0399.JPG,1,1,,Pine ,,,,,,,
708,29_19_DEG_0400.JPG,29_19_DEG_0401.JPG,29_19_DEG_0402.JPG,1,1,,Pine ,,,,,,,
710,29_19_DEG_0403.JPG,29_19_DEG_0404.JPG,29_19_DEG_0405.JPG,1,1,,Pine ,,,,,,,
711,29_19_DEG_0406.JPG,29_19_DEG_0407.JPG,29_19_DEG_0408.JPG,1,1,,Pine ,,,,,,,
712,29_19_DEG_0409.JPG,29_19_DEG_0410.JPG,29_19_DEG_0411.JPG,1,1,,Pine ,,,,,,,
714,29_19_DEG_0412.JPG,29_19_DEG_0413.JPG,29_19_DEG_0414.JPG,1,1,,Pine ,,,,,,,
715,29_19_DEG_0415.JPG,29_19_DEG_0416.JPG,29_19_DEG_0417.JPG,1,1,,Pine ,,,,,,,
717,29_19_DEG_0418.JPG,29_19_DEG_0419.JPG,29_19_DEG_0420.JPG,1,1,,Pine ,,,,,,,
718,29_19_DEG_0421.JPG,29_19_DEG_0422.JPG,29_19_DEG_0423.JPG,1,1,,Pine ,,,,,,,
719,29_19_DEG_0424.JPG,29_19_DEG_0425.JPG,29_19_DEG_0426.JPG,1,1,,Pine ,,,,,,,
720,29_19_DEG_0427.JPG,29_19_DEG_0428.JPG,29_19_DEG_0429.JPG,1,1,,Pine ,,,,,,,
721,29_19_DEG_0430.JPG,29_19_DEG_0431.JPG,29_19_DEG_0432.JPG,1,1,,Pine ,,,,,,,
722,29_19_DEG_0433.JPG,29_19_DEG_0434.JPG,29_19_DEG_0435.JPG,1,1,,Pine ,,,,,,,
723,29_19_DEG_0436.JPG,29_19_DEG_0437.JPG,29_19_DEG_0438.JPG,1,1,,Pine ,,,,,,,
724,29_19_DEG_0439.JPG,29_19_DEG_0440.JPG,29_19_DEG_0441.JPG,1,1,,Pine ,,,,,,,
725,29_19_DEG_0442.JPG,29_19_DEG_0443.JPG,29_19_DEG_0444.JPG,1,1,,Pine ,,,,,,,
727,29_19_DEG_0445.JPG,29_19_DEG_0446.JPG,29_19_DEG_0447.JPG,1,1,,Pine ,,,,,,,
728,29_19_DEG_0448.JPG,29_19_DEG_0449.JPG,29_19_DEG_0450.JPG,1,1,,Pine ,,,,,,,
729,29_19_DEG_0451.JPG,29_19_DEG_0452.JPG,29_19_DEG_0453.JPG,1,1,,Pine ,,,,,,,
730,29_19_DEG_0454.JPG,29_19_DEG_0455.JPG,29_19_DEG_0456.JPG,1,1,,Pine ,,,,,,,
731,29_19_DEG_0457.JPG,29_19_DEG_0458.JPG,29_19_DEG_0459.JPG,1,1,,Pine ,,,,,,,
732,29_19_DEG_0460.JPG,29_19_DEG_0461.JPG,29_19_DEG_0462.JPG,1,1,,Pine ,,,,,,,
733,29_19_DEG_0463.JPG,29_19_DEG_0464.JPG,29_19_DEG_0465.JPG,1,1,,Pine ,,,,,,,
734,29_19_DEG_0466.JPG,29_19_DEG_0467.JPG,29_19_DEG_0468.JPG,1,1,,Pine ,,,,,,,
754,29_19_DEG_0469.JPG,29_19_DEG_0470.JPG,29_19_DEG_0471.JPG,1,1,,Pine ,,,,,,,
755,29_19_DEG_0472.JPG,29_19_DEG_0473.JPG,NA,1,1,,Pine ,,,,,,,
757,29_19_DEG_0475.JPG,29_19_DEG_0476.JPG,29_19_DEG_0477.JPG,1,1,,Pine ,,,,,,,
768,29_19_DEG_0478.JPG,29_19_DEG_0479.JPG,29_19_DEG_0480.JPG,1,1,,Pine ,,,,,,,
769,29_19_DEG_0481.JPG,29_19_DEG_0482.JPG,29_19_DEG_0483.JPG,1,1,,Pine ,,,,,,,
770,29_19_DEG_0484.JPG,29_19_DEG_0485.JPG,29_19_DEG_0486.JPG,1,1,,Pine ,,,,,,,
771,29_19_DEG_0487.JPG,29_19_DEG_0488.JPG,29_19_DEG_0489.JPG,1,1,,Pine ,,,,,,,
772,29_19_DEG_0490.JPG,29_19_DEG_0491.JPG,29_19_DEG_0492.JPG,1,1,,Pine ,,,,,,,
773,29_19_DEG_0493.JPG,29_19_DEG_0494.JPG,29_19_DEG_0495.JPG,1,1,,Pine ,,,,,,,
779,29_19_DEG_0496.JPG,29_19_DEG_0497.JPG,29_19_DEG_0498.JPG,1,1,,Pine ,,,,,,,
780,29_19_DEG_0499.JPG,29_19_DEG_0500.JPG,29_19_DEG_0501.JPG,1,1,,Pine ,,,,,,,
781,29_19_DEG_0502.JPG,29_19_DEG_0503.JPG,29_19_DEG_0504.JPG,1,1,,Pine ,,,,,,,
790,29_19_DEG_0505.JPG,29_19_DEG_0506.JPG,29_19_DEG_0507.JPG,1,1,,Pine ,,,,,,,
795,29_19_DEG_0508.JPG,29_19_DEG_0509.JPG,29_19_DEG_0510.JPG,1,1,,Pine ,,,,,,,
796,29_19_DEG_0511.JPG,29_19_DEG_0512.JPG,29_19_DEG_0513.JPG,1,1,,Pine ,,,,,,,
797,29_19_DEG_0514.JPG,29_19_DEG_0515.JPG,29_19_DEG_0516.JPG,1,1,,Pine ,,,,,,,
798,29_19_DEG_0517.JPG,29_19_DEG_0518.JPG,29_19_DEG_0519.JPG,1,1,,Pine ,,,,,,,
799,29_19_DEG_0520.JPG,29_19_DEG_0521.JPG,29_19_DEG_0522.JPG,1,1,,Pine ,,,,,,,
800,29_19_DEG_0523.JPG,29_19_DEG_0524.JPG,29_19_DEG_0525.JPG,1,1,,Pine ,,,,,,,
805,29_19_DEG_0526.JPG,29_19_DEG_0527.JPG,29_19_DEG_0528.JPG,1,1,,Pine ,,,,,,,
806,29_19_DEG_0529.JPG,29_19_DEG_0530.JPG,29_19_DEG_0531.JPG,1,1,,Pine ,,,,,,,
810,29_19_DEG_0532.JPG,29_19_DEG_0533.JPG,29_19_DEG_0534.JPG,1,1,,Pine ,,,,,,,
811,29_19_DEG_0535.JPG,29_19_DEG_0536.JPG,29_19_DEG_0537.JPG,1,1,,Pine ,,,,,,,
812,29_19_DEG_0538.JPG,29_19_DEG_0539.JPG,29_19_DEG_0540.JPG,1,1,,Pine ,,,,,,,
210,31_06_WHIP_0007.JPG,31_06_WHIP_0008.JPG,31_06_WHIP_0009.JPG,1,1,,Pine ,,,,,,,
221,31_06_WHIP_0010.JPG,31_06_WHIP_0011.JPG,31_06_WHIP_0012.JPG,1,1,,Pine ,,,,,,,
222,31_06_WHIP_0013.JPG,31_06_WHIP_0014.JPG,31_06_WHIP_0015.JPG,1,1,,Pine ,,,,,,,
224,31_06_WHIP_0016.JPG,31_06_WHIP_0017.JPG,31_06_WHIP_0018.JPG,1,1,,Pine ,,,,,,,
225,31_06_WHIP_0019.JPG,31_06_WHIP_0020.JPG,31_06_WHIP_0021.JPG,1,1,,Pine ,,,,,,,
247,31_06_WHIP_0022.JPG,31_06_WHIP_0023.JPG,31_06_WHIP_0024.JPG,1,1,,Pine ,,,,,,,
253,31_06_WHIP_0025.JPG,31_06_WHIP_0026.JPG,31_06_WHIP_0027.JPG,1,1,,Pine ,,,,,,,
445,31_06_WHIP_0028.JPG,31_06_WHIP_0029.JPG,31_06_WHIP_0030.JPG,1,1,,Pine ,,,,,,,
478,31_06_WHIP_0031.JPG,31_06_WHIP_0032.JPG,31_06_WHIP_0033.JPG,1,1,,Pine ,,,,,,,
480,31_06_WHIP_0034.JPG,31_06_WHIP_0035.JPG,31_06_WHIP_0036.JPG,1,1,,Pine ,,,,,,,
490,31_06_WHIP_0037.JPG,31_06_WHIP_0038.JPG,31_06_WHIP_0039.JPG,1,1,,Pine ,,,,,,,
511,31_06_WHIP_0040.JPG,31_06_WHIP_0041.JPG,31_06_WHIP_0042.JPG,1,1,,Pine ,,,,,,,
543,31_06_WHIP_0043.JPG,31_06_WHIP_0044.JPG,31_06_WHIP_0045.JPG,1,1,,Pine ,,,,,,,
561,31_06_WHIP_0046.JPG,31_06_WHIP_0047.JPG,31_06_WHIP_0048.JPG,1,1,,Pine ,,,,,,,
562,31_06_WHIP_0049.JPG,31_06_WHIP_0050.JPG,31_06_WHIP_0051.JPG,1,1,,Pine ,,,,,,,
563,31_06_WHIP_0052.JPG,31_06_WHIP_0053.JPG,31_06_WHIP_0054.JPG,1,1,,Pine ,,,,,,,
681,31_06_WHIP_0055.JPG,31_06_WHIP_0056.JPG,31_06_WHIP_0057.JPG,1,1,,Pine ,,,,,,,
692,31_06_WHIP_0058.JPG,31_06_WHIP_0059.JPG,31_06_WHIP_0060.JPG,1,1,,Pine ,,,,,,,
735,31_06_WHIP_0061.JPG,31_06_WHIP_0062.JPG,31_06_WHIP_0063.JPG,1,1,,Pine ,,,,,,,
736,31_06_WHIP_0064.JPG,31_06_WHIP_0065.JPG,31_06_WHIP_0066.JPG,1,1,,Pine ,,,,,,,
737,31_06_WHIP_0067.JPG,31_06_WHIP_0068.JPG,NA,1,1,,Pine ,,,,,,,
738,31_06_WHIP_0073.JPG,31_06_WHIP_0074.JPG,31_06_WHIP_0075.JPG,1,1,,Pine ,,,,,,,
739,31_06_WHIP_0076.JPG,31_06_WHIP_0077.JPG,31_06_WHIP_0078.JPG,1,1,,Pine ,,,,,,,
233,32_17_WHIP_0001.JPG,32_17_WHIP_0002.JPG,32_17_WHIP_0003.JPG,1,1,,Pine ,,,,,,,
283,32_17_WHIP_0004.JPG,32_17_WHIP_0005.JPG,32_17_WHIP_0006.JPG,1,1,,Pine ,,,,,,,
284,32_17_WHIP_0007.JPG,32_17_WHIP_0008.JPG,32_17_WHIP_0009.JPG,1,1,,Pine ,,,,,,,
285,32_17_WHIP_0010.JPG,32_17_WHIP_0011.JPG,32_17_WHIP_0012.JPG,1,1,,Pine ,,,,,,,
286,32_17_WHIP_0013.JPG,32_17_WHIP_0014.JPG,32_17_WHIP_0015.JPG,1,1,,Pine ,,,,,,,
287,32_17_WHIP_0016.JPG,32_17_WHIP_0017.JPG,32_17_WHIP_0018.JPG,1,1,,Pine ,,,,,,,
288,32_17_WHIP_0019.JPG,32_17_WHIP_0020.JPG,32_17_WHIP_0021.JPG,1,1,,Pine ,,,,,,,
289,32_17_WHIP_0022.JPG,32_17_WHIP_0023.JPG,32_17_WHIP_0024.JPG,1,1,,Pine ,,,,,,,
321,32_17_WHIP_0025.JPG,32_17_WHIP_0026.JPG,32_17_WHIP_0027.JPG,1,1,,Pine ,,,,,,,
409,32_17_WHIP_0028.JPG,32_17_WHIP_0029.JPG,32_17_WHIP_0030.JPG,1,1,,Pine ,,,,,,,
470,32_17_WHIP_0031.JPG,32_17_WHIP_0032.JPG,32_17_WHIP_0033.JPG,1,1,,Pine ,,,,,,,
476,32_17_WHIP_0034.JPG,32_17_WHIP_0035.JPG,32_17_WHIP_0036.JPG,1,1,,Pine ,,,,,,,
506,32_17_WHIP_0037.JPG,32_17_WHIP_0038.JPG,32_17_WHIP_0039.JPG,1,1,,Pine ,,,,,,,
507,32_17_WHIP_0040.JPG,32_17_WHIP_0041.JPG,32_17_WHIP_0042.JPG,1,1,,Pine ,,,,,,,
522,32_17_WHIP_0043.JPG,32_17_WHIP_0044.JPG,32_17_WHIP_0045.JPG,1,1,,Pine ,,,,,,,
549,32_17_WHIP_0046.JPG,32_17_WHIP_0047.JPG,32_17_WHIP_0048.JPG,1,1,,Pine ,,,,,,,
550,32_17_WHIP_0049.JPG,32_17_WHIP_0050.JPG,32_17_WHIP_0051.JPG,1,1,,Pine ,,,,,,,
554,32_17_WHIP_0052.JPG,32_17_WHIP_0053.JPG,32_17_WHIP_0054.JPG,1,1,,Pine ,,,,,,,
575,32_17_WHIP_0055.JPG,32_17_WHIP_0056.JPG,32_17_WHIP_0057.JPG,1,1,,Pine ,,,,,,,
576,32_17_WHIP_0058.JPG,32_17_WHIP_0059.JPG,32_17_WHIP_0060.JPG,1,1,,Pine ,,,,,,,
591,32_17_WHIP_0061.JPG,32_17_WHIP_0062.JPG,32_17_WHIP_0063.JPG,1,1,,Pine ,,,,,,,
677,32_17_WHIP_0064.JPG,32_17_WHIP_0065.JPG,32_17_WHIP_0066.JPG,1,1,,Pine ,,,,,,,
707,32_17_WHIP_0067.JPG,32_17_WHIP_0068.JPG,32_17_WHIP_0069.JPG,1,1,,Pine ,,,,,,,
726,32_17_WHIP_0070.JPG,32_17_WHIP_0071.JPG,32_17_WHIP_0072.JPG,1,1,,Pine ,,,,,,,
740,32_17_WHIP_0073.JPG,32_17_WHIP_0074.JPG,32_17_WHIP_0075.JPG,1,1,,Pine ,,,,,,,
8,33_01_WF_0001.JPG,33_01_WF_0002.JPG,33_01_WF_0003.JPG,1,1,WF,Pine ,,,,,,,
112,33_01_WF_0004.JPG,33_01_WF_0005.JPG,33_01_WF_0006.JPG,1,1,,Pine ,,,,,,,
113,33_01_WF_0007.JPG,33_01_WF_0008.JPG,33_01_WF_0009.JPG,1,1,,Pine ,,,,,,,
118,33_01_WF_0010.JPG,33_01_WF_0011.JPG,33_01_WF_0012.JPG,1,1,,Pine ,,,,,,,
148,33_01_WF_0013.JPG,33_01_WF_0014.JPG,33_01_WF_0015.JPG,1,1,,Pine ,,,,,,,
149,33_01_WF_0016.JPG,33_01_WF_0017.JPG,33_01_WF_0018.JPG,1,1,,Pine ,,,,,,,
152,33_01_WF_0019.JPG,33_01_WF_0020.JPG,33_01_WF_0021.JPG,1,1,,Pine ,,,,,,,
167,33_01_WF_0022.JPG,33_01_WF_0023.JPG,33_01_WF_0024.JPG,1,1,,Pine ,,,,,,,
169,33_01_WF_0025.JPG,33_01_WF_0026.JPG,33_01_WF_0027.JPG,1,1,,Pine ,,,,,,,
170,33_01_WF_0028.JPG,33_01_WF_0029.JPG,33_01_WF_0030.JPG,1,1,,Pine ,,,,,,,
171,33_01_WF_0031.JPG,33_01_WF_0032.JPG,NA,1,1,,Pine ,,,,,,,
183,33_01_WF_0037.JPG,33_01_WF_0038.JPG,33_01_WF_0039.JPG,1,1,,Pine ,,,,,,,
185,33_01_WF_0040.JPG,33_01_WF_0041.JPG,33_01_WF_0042.JPG,1,1,,Pine ,,,,,,,
193,33_01_WF_0043.JPG,33_01_WF_0044.JPG,33_01_WF_0045.JPG,1,1,,Pine ,,,,,,,
194,33_01_WF_0046.JPG,33_01_WF_0047.JPG,33_01_WF_0048.JPG,1,1,,Pine ,,,,,,,
195,33_01_WF_0049.JPG,33_01_WF_0050.JPG,33_01_WF_0051.JPG,1,1,,Pine ,,,,,,,
198,33_01_WF_0052.JPG,33_01_WF_0053.JPG,33_01_WF_0054.JPG,1,1,,Pine ,,,,,,,
207,33_01_WF_0055.JPG,33_01_WF_0056.JPG,33_01_WF_0057.JPG,1,1,,Pine ,,,,,,,
220,33_01_WF_0058.JPG,33_01_WF_0059.JPG,33_01_WF_0060.JPG,1,1,,Pine ,,,,,,,
238,33_01_WF_0061.JPG,33_01_WF_0062.JPG,33_01_WF_0063.JPG,1,1,,Pine ,,,,,,,
240,33_01_WF_0064.JPG,33_01_WF_0065.JPG,33_01_WF_0066.JPG,1,1,,Pine ,,,,,,,
245,33_01_WF_0067.JPG,33_01_WF_0068.JPG,33_01_WF_0069.JPG,1,1,,Pine ,,,,,,,
259,33_01_WF_0070.JPG,33_01_WF_0071.JPG,33_01_WF_0072.JPG,1,1,,Pine ,,,,,,,
272,33_01_WF_0073.JPG,33_01_WF_0074.JPG,33_01_WF_0075.JPG,1,1,,Pine ,,,,,,,
329,33_01_WF_0079.JPG,33_01_WF_0080.JPG,33_01_WF_0081.JPG,1,1,,Pine ,,,,,,,
330,33_01_WF_0082.JPG,33_01_WF_0083.JPG,33_01_WF_0084.JPG,1,1,,Pine ,,,,,,,
331,33_01_WF_0085.JPG,33_01_WF_0086.JPG,33_01_WF_0087.JPG,1,1,,Pine ,,,,,,,
332,33_01_WF_0088.JPG,33_01_WF_0089.JPG,33_01_WF_0090.JPG,1,1,,Pine ,,,,,,,
333,33_01_WF_0091.JPG,33_01_WF_0092.JPG,33_01_WF_0093.JPG,1,1,,Pine ,,,,,,,
334,33_01_WF_0094.JPG,33_01_WF_0095.JPG,33_01_WF_0096.JPG,1,1,,Pine ,,,,,,,
335,33_01_WF_0097.JPG,33_01_WF_0098.JPG,33_01_WF_0099.JPG,1,1,,Pine ,,,,,,,
339,33_01_WF_0100.JPG,33_01_WF_0101.JPG,33_01_WF_0102.JPG,1,1,,Pine ,,,,,,,
362,33_01_WF_0103.JPG,33_01_WF_0104.JPG,33_01_WF_0105.JPG,1,1,,Pine ,,,,,,,
407,33_01_WF_0106.JPG,33_01_WF_0107.JPG,33_01_WF_0108.JPG,1,1,,Pine ,,,,,,,
441,33_01_WF_0109.JPG,33_01_WF_0110.JPG,33_01_WF_0111.JPG,1,1,,Pine ,,,,,,,
482,33_01_WF_0112.JPG,33_01_WF_0113.JPG,33_01_WF_0114.JPG,1,1,,Pine ,,,,,,,
484,33_01_WF_0115.JPG,33_01_WF_0116.JPG,33_01_WF_0117.JPG,1,1,,Pine ,,,,,,,
488,33_01_WF_0118.JPG,33_01_WF_0119.JPG,33_01_WF_0120.JPG,1,1,,Pine ,,,,,,,
495,33_01_WF_0121.JPG,33_01_WF_0122.JPG,33_01_WF_0123.JPG,1,1,,Pine ,,,,,,,
496,33_01_WF_0124.JPG,33_01_WF_0125.JPG,33_01_WF_0126.JPG,1,1,,Pine ,,,,,,,
497,33_01_WF_0127.JPG,33_01_WF_0128.JPG,33_01_WF_0129.JPG,1,1,,Pine ,,,,,,,
501,33_01_WF_0130.JPG,33_01_WF_0131.JPG,33_01_WF_0132.JPG,1,1,,Pine ,,,,,,,
513,33_01_WF_0133.JPG,33_01_WF_0134.JPG,33_01_WF_0135.JPG,1,1,,Pine ,,,,,,,
514,33_01_WF_0136.JPG,33_01_WF_0137.JPG,33_01_WF_0138.JPG,1,1,,Pine ,,,,,,,
515,33_01_WF_0139.JPG,33_01_WF_0140.JPG,NA,1,1,,Pine ,,,,,,,
520,33_01_WF_0145.JPG,33_01_WF_0146.JPG,33_01_WF_0147.JPG,1,1,,Pine ,,,,,,,
521,33_01_WF_0148.JPG,33_01_WF_0149.JPG,NA,1,1,,Pine ,,,,,,,
528,33_01_WF_0154.JPG,33_01_WF_0155.JPG,33_01_WF_0156.JPG,1,1,,Pine ,,,,,,,
529,33_01_WF_0157.JPG,33_01_WF_0158.JPG,33_01_WF_0159.JPG,1,1,,Pine ,,,,,,,
530,33_01_WF_0160.JPG,33_01_WF_0161.JPG,33_01_WF_0162.JPG,1,1,,Pine ,,,,,,,
531,33_01_WF_0163.JPG,33_01_WF_0164.JPG,33_01_WF_0165.JPG,1,1,,Pine ,,,,,,,
532,33_01_WF_0166.JPG,33_01_WF_0167.JPG,33_01_WF_0168.JPG,1,1,,Pine ,,,,,,,
559,33_01_WF_0169.JPG,33_01_WF_0170.JPG,33_01_WF_0171.JPG,1,1,,Pine ,,,,,,,
651,33_01_WF_0172.JPG,33_01_WF_0173.JPG,33_01_WF_0174.JPG,1,1,,Pine ,,,,,,,
652,33_01_WF_0175.JPG,33_01_WF_0176.JPG,33_01_WF_0177.JPG,1,1,,Pine ,,,,,,,
694,33_01_WF_0178.JPG,33_01_WF_0179.JPG,33_01_WF_0180.JPG,1,1,,Pine ,,,,,,,
706,33_01_WF_0181.JPG,33_01_WF_0182.JPG,33_01_WF_0183.JPG,1,1,,Pine ,,,,,,,
709,33_01_WF_0184.JPG,33_01_WF_0185.JPG,33_01_WF_0186.JPG,1,1,,Pine ,,,,,,,
788,33_01_WF_0187.JPG,33_01_WF_0188.JPG,33_01_WF_0189.JPG,1,1,,Pine ,,,,,,,
791,33_01_WF_0190.JPG,33_01_WF_0191.JPG,33_01_WF_0192.JPG,1,1,,Pine ,,,,,,,
792,33_01_WF_0193.JPG,33_01_WF_0194.JPG,33_01_WF_0195.JPG,1,1,,Pine ,,,,,,,
793,33_01_WF_0196.JPG,33_01_WF_0197.JPG,33_01_WF_0198.JPG,1,1,,Pine ,,,,,,,
794,33_01_WF_0199.JPG,33_01_WF_0200.JPG,33_01_WF_0201.JPG,1,1,,Pine ,,,,,,,
803,33_01_WF_0202.JPG,33_01_WF_0203.JPG,33_01_WF_0204.JPG,1,1,,Pine ,,,,,,,
804,33_01_WF_0205.JPG,33_01_WF_0206.JPG,33_01_WF_0207.JPG,1,1,,Pine ,,,,,,,